T7610 000:005.832   SEGGER J-Link V9.20 Log File
T7610 000:006.226   DLL Compiled: Feb 19 2026 11:28:12
T7610 000:006.275   Logging started @ 2026-09-11 19:25
T7610 000:006.324   Process: C:\Users\a5163560\.eclipse\com.renesas.platform_307918516\DebugComp\rrq\e2-server-gdb.exe
T7610 000:006.379 - 6.370ms 
T7610 000:006.447 JLINK_GetDLLVersion()
T7610 000:006.501 - 0.053ms returns 92000
T7610 000:009.342 JLINK_OpenEx(...)
T7610 000:038.675   Firmware: J-Link OB-RA4M2-CortexM compiled Jun 25 2026 10:39:50
T7610 000:041.097   Firmware: J-Link OB-RA4M2-CortexM compiled Jun 25 2026 10:39:50
T7610 000:055.749   Hardware: V1.00
T7610 000:055.911   S/N: 1100010373
T7610 000:055.960   OEM: SEGGER
T7610 000:056.016   Feature(s): None
T7610 000:057.579   Bootloader: 2021 Dec 10
T7610 000:075.004   USB speed mode: Full speed (12 MBit/s)
T7610 000:076.464   TELNET listener socket opened on port 19021
T7610 000:077.209   WEBSRV WEBSRV_Init(): Starting webserver thread(s)
T7610 000:077.434   WEBSRV Failed to put socket into listener state (port 19080)
T7610 000:077.895   WEBSRV Webserver running on local port 19081
T7610 000:078.460   Looking for J-Link GUI Server exe at: C:\Users\a5163560\.eclipse\com.renesas.platform_307918516\DebugComp\rrq\ARM\Segger_v9.20.0\JLinkGUIServer.exe
T7610 000:079.422   Looking for J-Link GUI Server exe at: \JLinkGUIServer.exe
T7610 000:081.089   J-Link GUI Server info: "J-Link GUI server V9.64 "
T7610 000:082.234 - 72.884ms returns "O.K."
T7610 000:082.829 JLINK_ExecCommand("ProjectFile=C:\Wireless_workspace\Xplorer_Wearable_Wifi_ra6w1/Xplorer_Wearable_Wifi_ra6w1_Debug.jlink", ...). 
T7610 000:132.317 - 49.489ms returns 0x00
T7610 000:133.812 JLINK_ExecCommand("device=RRQ61001", ...). 
T7610 000:135.300   Flash bank @ 0x0A000000: SFL: Parsing sectorization info from ELF file
T7610 000:135.435     FlashDevice.SectorInfo[0]: .SectorSize = 0x00010000, .SectorStartAddr = 0x00000000
T7610 000:139.560   Device "RRQ61001" selected.
T7610 000:141.460 - 7.648ms returns 0x00
T7610 000:141.570 JLINK_ExecCommand("ScriptFile=.\ARM\rrq61001.JLinkScript", ...). 
T7610 000:143.167 - 1.596ms returns 0x00
T7610 000:143.253 JLINK_ExecCommand("SetCPUConnectIDCODE = FFFFFFFFFFFFFFFFFFFFFFFFFFFFFFFF", ...). 
T7610 000:143.307 - 0.054ms returns 0x00
T7610 000:143.384 JLINK_TIF_GetAvailable(...)
T7610 000:144.221 - 0.836ms 
T7610 000:144.608 JLINK_TIF_Select(JLINKARM_TIF_SWD)
T7610 000:146.433 - 1.824ms returns 0x00
T7610 000:146.727 JLINK_SetSpeed(4000)
T7610 000:147.251 - 0.528ms 
T7610 000:147.502 JLINK_SetEndian(ARM_ENDIAN_LITTLE)
T7610 000:147.581 - 0.080ms returns 0
T7610 000:147.617 JLINK_SetInitRegsOnReset(OFF)
T7610 000:147.650 - 0.033ms returns 1
T7610 000:147.684 JLINK_SetResetType(JLINKARM_RESET_TYPE_NORMAL)
T7610 000:147.719 - 0.035ms returns JLINKARM_RESET_TYPE_NORMAL
T7610 000:147.756 JLINK_ExecCommand("EnableFlashBPs", ...). 
T7610 000:147.789 - 0.033ms returns 0x00
T7610 000:147.825 JLINK_ExecCommand("SetAllowFlashCache = 0", ...). 
T7610 000:147.859 - 0.034ms returns 0x01
T7610 000:147.894 JLINK_ExecCommand("SetRestartOnClose = 0", ...). 
T7610 000:147.929 - 0.034ms returns 0x01
T7610 000:147.965 JLINK_ExecCommand("SetAllowSimulation = 0", ...). 
T7610 000:147.998 - 0.033ms returns 0x01
T7610 000:148.032 JLINK_EnableSoftBPs(ON)
T7610 000:148.065 - 0.032ms 
T7610 000:148.107 JLINK_Connect()
T7610 000:155.913   ConfigTargetSettings() start
T7610 000:156.107    J-Link Script File: Executing ConfigTargetSettings()
T7610 000:156.173   ConfigTargetSettings() end - Took 66us
T7610 000:157.544   Found SW-DP with ID 0x0BE12477
T7610 000:162.025   DPIDR: 0x0BE12477
T7610 000:162.185   CoreSight SoC-400 or earlier
T7610 000:162.260   Scanning AP map to find all available APs
T7610 000:163.651   AP[1]: Stopped AP scan as end of AP map has been reached
T7610 000:163.811   AP[0]: AHB-AP (IDR: 0x14770015, ADDR: 0x00000000)
T7610 000:163.882   Iterating through AP map to find AHB-AP to use
T7610 000:165.848   AP[0]: Core found
T7610 000:166.080   AP[0]: AHB-AP ROM base: 0xE00FF000
T7610 000:167.300   CPUID register: 0x411FD210. Implementer code: 0x41 (ARM)
T7610 000:167.404   Feature set: Mainline
T7610 000:168.177   Cache: No cache
T7610 000:168.264   Found Cortex-M33 r1p0, Little endian.
T7610 000:169.094   -- Max. mem block: 0x00017290
T7610 000:170.769   CPU_ReadMem(4 bytes @ 0xE000EDF0)
T7610 000:171.511   CPU_ReadMem(4 bytes @ 0xE0002000)
T7610 000:172.080   FPUnit: 8 code (BP) slots and 0 literal slots
T7610 000:172.138   CPU_ReadMem(4 bytes @ 0xE000EDFC)
T7610 000:172.673   CPU_ReadMem(4 bytes @ 0xE0001000)
T7610 000:173.364   CPU_ReadMem(4 bytes @ 0xE0001000)
T7610 000:173.970   CPU_ReadMem(4 bytes @ 0xE0001028)
T7610 000:174.579   CPU_ReadMem(4 bytes @ 0xE0001038)
T7610 000:175.179   CPU_ReadMem(4 bytes @ 0xE0001048)
T7610 000:175.716   CPU_ReadMem(4 bytes @ 0xE0001058)
T7610 000:176.500   CPU_WriteMem(4 bytes @ 0xE0001000)
T7610 000:177.199   CPU_ReadMem(4 bytes @ 0xE000ED88)
T7610 000:177.790   CPU_WriteMem(4 bytes @ 0xE000ED88)
T7610 000:178.396   CPU_ReadMem(4 bytes @ 0xE000ED88)
T7610 000:179.008   CPU_WriteMem(4 bytes @ 0xE000ED88)
T7610 000:179.582   CPU_ReadMem(4 bytes @ 0xE000EFB8)
T7610 000:180.187   Security extension: not implemented
T7610 000:180.273   CoreSight components:
T7610 000:180.323   ROMTbl[0] @ E00FF000
T7610 000:180.370   CPU_ReadMem(64 bytes @ 0xE00FF000)
T7610 000:181.332   CPU_ReadMem(32 bytes @ 0xE000EFE0)
T7610 000:182.070   CPU_ReadMem(4 bytes @ 0xE000EFBC)
T7610 000:182.707   CPU_ReadMem(4 bytes @ 0xE000EFCC)
T7610 000:183.561   [0][0]: E000E000 CID B105900D PID 000BBD21 DEVARCH 47702A04 DEVTYPE 00 Cortex-M33
T7610 000:183.659   CPU_ReadMem(32 bytes @ 0xE0001FE0)
T7610 000:184.427   CPU_ReadMem(4 bytes @ 0xE0001FBC)
T7610 000:185.019   CPU_ReadMem(4 bytes @ 0xE0001FCC)
T7610 000:185.590   [0][1]: E0001000 CID B105900D PID 000BBD21 DEVARCH 47701A02 DEVTYPE 00 DWT
T7610 000:185.673   CPU_ReadMem(32 bytes @ 0xE0002FE0)
T7610 000:186.422   CPU_ReadMem(4 bytes @ 0xE0002FBC)
T7610 000:187.012   CPU_ReadMem(4 bytes @ 0xE0002FCC)
T7610 000:187.604   [0][2]: E0002000 CID B105900D PID 000BBD21 DEVARCH 47701A03 DEVTYPE 00 FPB
T7610 000:187.691   CPU_ReadMem(32 bytes @ 0xE0043FE0)
T7610 000:188.496   CPU_ReadMem(4 bytes @ 0xE0043FBC)
T7610 000:189.201   CPU_ReadMem(4 bytes @ 0xE0043FCC)
T7610 000:189.786   [0][7]: E0043000 CID B105900D PID 000BBD21 DEVARCH 47710A31 DEVTYPE 31 MTB
T7610 000:189.928 - 41.822ms returns 0x00
T7610 000:190.163 JLINK_Halt()
T7610 000:194.266 - 4.102ms returns 0x00
T7610 000:194.558 JLINK_IsHalted()
T7610 000:194.604 - 0.046ms returns TRUE
T7610 000:194.644 JLINK_ResetPullsRESET(ON)
T7610 000:194.677 - 0.032ms 
T7610 000:194.712 JLINK_Reset()
T7610 000:196.612   JLINK_GetResetTypeDesc
T7610 000:196.714   - 0.102ms 
T7610 000:197.015   Reset type: RESETPIN (https://kb.segger.com/J-Link_Reset_Strategies)
T7610 000:197.089   CPU_WriteMem(4 bytes @ 0xE000EDF0)
T7610 000:197.719   CPU_WriteMem(4 bytes @ 0xE000EDFC)
T7610 000:198.385   Reset: Halt core after reset via DEMCR.VC_CORERESET.
T7610 000:198.473   Reset: Reset device via reset pin
T7610 000:324.249   Reset: VC_CORERESET did not halt CPU. (Debug logic also reset by reset pin?).
T7610 000:324.360   Reset: Reconnecting and manually halting CPU.
T7610 000:326.569   Found SW-DP with ID 0x0BE12477
T7610 000:330.889   DPIDR: 0x0BE12477
T7610 000:331.051   CoreSight SoC-400 or earlier
T7610 000:331.118   AP map detection skipped. Manually configured AP map found.
T7610 000:331.185   AP[0]: AHB-AP (IDR: Not set, ADDR: 0x00000000)
T7610 000:332.857   AP[0]: Core found
T7610 000:332.968   AP[0]: AHB-AP ROM base: 0xE00FF000
T7610 000:333.875   CPUID register: 0x411FD210. Implementer code: 0x41 (ARM)
T7610 000:334.032   Feature set: Mainline
T7610 000:334.853   Cache: No cache
T7610 000:334.963   Found Cortex-M33 r1p0, Little endian.
T7610 000:338.902   CPU_WriteMem(4 bytes @ 0xE000EDFC)
T7610 000:345.868   CPU_ReadMem(4 bytes @ 0xE000EDF0)
T7610 000:346.827   CPU_ReadMem(4 bytes @ 0xE000EE08)
T7610 000:347.623   CPU_WriteMem(4 bytes @ 0xE000EDF0)
T7610 000:348.434   CPU_WriteMem(4 bytes @ 0xE000EDFC)
T7610 000:349.169   Reset: Halt core after reset via DEMCR.VC_CORERESET.
T7610 000:349.917   Reset: Reset device via AIRCR.VECTRESET.
T7610 000:350.024   CPU_WriteMem(4 bytes @ 0xE000ED0C)
T7610 000:352.048   CPU_ReadMem(4 bytes @ 0xE000EDF0)
T7610 000:352.941   CPU_ReadMem(4 bytes @ 0xE000EDF0)
T7610 000:353.642   CPU_ReadMem(4 bytes @ 0xE000EDF0)
T7610 000:354.323   CPU_ReadMem(4 bytes @ 0xE000EDF0)
T7610 000:355.063   CPU_ReadMem(4 bytes @ 0xE000EDF0)
T7610 000:355.905   CPU_ReadMem(4 bytes @ 0xE000EDF0)
T7610 000:356.771   CPU_ReadMem(4 bytes @ 0xE000EDF0)
T7610 000:357.532   CPU_ReadMem(4 bytes @ 0xE000EDF0)
T7610 000:358.326   CPU_ReadMem(4 bytes @ 0xE000EDF0)
T7610 000:359.157   CPU_ReadMem(4 bytes @ 0xE000EDF0)
T7610 000:360.021   CPU_ReadMem(4 bytes @ 0xE000EDF0)
T7610 000:360.898   CPU_ReadMem(4 bytes @ 0xE000EDF0)
T7610 000:361.621   CPU_ReadMem(4 bytes @ 0xE000EDF0)
T7610 000:362.364   CPU_ReadMem(4 bytes @ 0xE000EDF0)
T7610 000:363.114   CPU_ReadMem(4 bytes @ 0xE000EDF0)
T7610 000:363.834   CPU_ReadMem(4 bytes @ 0xE000EDF0)
T7610 000:364.544   CPU_ReadMem(4 bytes @ 0xE000EDF0)
T7610 000:365.248   CPU_ReadMem(4 bytes @ 0xE000EDF0)
T7610 000:365.975   CPU_ReadMem(4 bytes @ 0xE000EDF0)
T7610 000:366.681   CPU_ReadMem(4 bytes @ 0xE000EDF0)
T7610 000:367.428   CPU_ReadMem(4 bytes @ 0xE000EDF0)
T7610 000:368.297   CPU_ReadMem(4 bytes @ 0xE000EDF0)
T7610 000:368.971   CPU_ReadMem(4 bytes @ 0xE000EDF0)
T7610 000:369.671   CPU_ReadMem(4 bytes @ 0xE000EDF0)
T7610 000:370.322   CPU_ReadMem(4 bytes @ 0xE000EDF0)
T7610 000:371.084   CPU_ReadMem(4 bytes @ 0xE000EDF0)
T7610 000:371.836   CPU_ReadMem(4 bytes @ 0xE000EDF0)
T7610 000:372.584   CPU_ReadMem(4 bytes @ 0xE000EDF0)
T7610 000:373.329   CPU_ReadMem(4 bytes @ 0xE000EDF0)
T7610 000:374.094   CPU_ReadMem(4 bytes @ 0xE000EDF0)
T7610 000:374.838   CPU_ReadMem(4 bytes @ 0xE000EDF0)
T7610 000:375.587   CPU_ReadMem(4 bytes @ 0xE000EDF0)
T7610 000:376.314   CPU_ReadMem(4 bytes @ 0xE000EDF0)
T7610 000:377.086   CPU_ReadMem(4 bytes @ 0xE000EDF0)
T7610 000:377.736   CPU_ReadMem(4 bytes @ 0xE000EDF0)
T7610 000:378.414   CPU_ReadMem(4 bytes @ 0xE000EDF0)
T7610 000:379.077   CPU_ReadMem(4 bytes @ 0xE000EDF0)
T7610 000:379.885   CPU_ReadMem(4 bytes @ 0xE000EDF0)
T7610 000:380.607   CPU_ReadMem(4 bytes @ 0xE000EDF0)
T7610 000:381.319   CPU_ReadMem(4 bytes @ 0xE000EDF0)
T7610 000:382.104   CPU_ReadMem(4 bytes @ 0xE000EDF0)
T7610 000:382.977   CPU_ReadMem(4 bytes @ 0xE000EDF0)
T7610 000:383.703   CPU_ReadMem(4 bytes @ 0xE000EDF0)
T7610 000:384.499   CPU_ReadMem(4 bytes @ 0xE000EDF0)
T7610 000:385.167   CPU_ReadMem(4 bytes @ 0xE000EDF0)
T7610 000:385.892   CPU_ReadMem(4 bytes @ 0xE000EDF0)
T7610 000:386.575   CPU_ReadMem(4 bytes @ 0xE000EDF0)
T7610 000:387.319   CPU_ReadMem(4 bytes @ 0xE000EDF0)
T7610 000:388.063   CPU_ReadMem(4 bytes @ 0xE000EDF0)
T7610 000:388.817   CPU_ReadMem(4 bytes @ 0xE000EDF0)
T7610 000:389.502   CPU_ReadMem(4 bytes @ 0xE000EDF0)
T7610 000:390.160   CPU_ReadMem(4 bytes @ 0xE000EDF0)
T7610 000:390.847   CPU_ReadMem(4 bytes @ 0xE000EDF0)
T7610 000:391.519   CPU_ReadMem(4 bytes @ 0xE000EDF0)
T7610 000:392.244   CPU_ReadMem(4 bytes @ 0xE000EDF0)
T7610 000:393.005   CPU_ReadMem(4 bytes @ 0xE000EDF0)
T7610 000:393.663   CPU_ReadMem(4 bytes @ 0xE000EDF0)
T7610 000:394.422   CPU_ReadMem(4 bytes @ 0xE000EDF0)
T7610 000:395.114   CPU_ReadMem(4 bytes @ 0xE000EDF0)
T7610 000:395.883   CPU_ReadMem(4 bytes @ 0xE000EDF0)
T7610 000:396.623   CPU_ReadMem(4 bytes @ 0xE000EDF0)
T7610 000:397.418   CPU_ReadMem(4 bytes @ 0xE000EDF0)
T7610 000:398.124   CPU_ReadMem(4 bytes @ 0xE000EDF0)
T7610 000:398.816   CPU_ReadMem(4 bytes @ 0xE000EDF0)
T7610 000:399.493   CPU_ReadMem(4 bytes @ 0xE000EDF0)
T7610 000:400.214   CPU_ReadMem(4 bytes @ 0xE000EDF0)
T7610 000:400.901   CPU_ReadMem(4 bytes @ 0xE000EDF0)
T7610 000:401.498   CPU_ReadMem(4 bytes @ 0xE000EDF0)
T7610 000:402.049   CPU_ReadMem(4 bytes @ 0xE000EDF0)
T7610 000:402.587   CPU_ReadMem(4 bytes @ 0xE000EDF0)
T7610 000:403.177   CPU_ReadMem(4 bytes @ 0xE000EDF0)
T7610 000:403.769   CPU_ReadMem(4 bytes @ 0xE000EDF0)
T7610 000:404.387   CPU_ReadMem(4 bytes @ 0xE000EDF0)
T7610 000:404.999   CPU_ReadMem(4 bytes @ 0xE000EDF0)
T7610 000:405.602   CPU_ReadMem(4 bytes @ 0xE000EDF0)
T7610 000:406.176   CPU_ReadMem(4 bytes @ 0xE000EDF0)
T7610 000:406.770   CPU_ReadMem(4 bytes @ 0xE000EDF0)
T7610 000:407.372   CPU_ReadMem(4 bytes @ 0xE000EDF0)
T7610 000:407.949   CPU_ReadMem(4 bytes @ 0xE000EDF0)
T7610 000:408.519   CPU_ReadMem(4 bytes @ 0xE000EDF0)
T7610 000:409.096   CPU_ReadMem(4 bytes @ 0xE000EDF0)
T7610 000:409.816   CPU_ReadMem(4 bytes @ 0xE000EDF0)
T7610 000:410.501   CPU_ReadMem(4 bytes @ 0xE000EDF0)
T7610 000:411.150   CPU_ReadMem(4 bytes @ 0xE000EDF0)
T7610 000:411.802   CPU_ReadMem(4 bytes @ 0xE000EDF0)
T7610 000:412.758   CPU_ReadMem(4 bytes @ 0xE000EDF0)
T7610 000:413.489   CPU_ReadMem(4 bytes @ 0xE000EDF0)
T7610 000:414.104   CPU_ReadMem(4 bytes @ 0xE000EDF0)
T7610 000:414.760   CPU_ReadMem(4 bytes @ 0xE000EDF0)
T7610 000:415.452   CPU_ReadMem(4 bytes @ 0xE000EDF0)
T7610 000:416.220   CPU_ReadMem(4 bytes @ 0xE000EDF0)
T7610 000:416.929   CPU_ReadMem(4 bytes @ 0xE000EDF0)
T7610 000:417.712   CPU_ReadMem(4 bytes @ 0xE000EDF0)
T7610 000:418.481   CPU_ReadMem(4 bytes @ 0xE000EDF0)
T7610 000:419.321   CPU_ReadMem(4 bytes @ 0xE000EDF0)
T7610 000:420.121   CPU_ReadMem(4 bytes @ 0xE000EDF0)
T7610 000:420.837   CPU_ReadMem(4 bytes @ 0xE000EDF0)
T7610 000:421.561   CPU_ReadMem(4 bytes @ 0xE000EDF0)
T7610 000:422.278   CPU_ReadMem(4 bytes @ 0xE000EDF0)
T7610 000:422.928   CPU_ReadMem(4 bytes @ 0xE000EDF0)
T7610 000:423.661   CPU_ReadMem(4 bytes @ 0xE000EDF0)
T7610 000:424.305   CPU_ReadMem(4 bytes @ 0xE000EDF0)
T7610 000:425.036   CPU_ReadMem(4 bytes @ 0xE000EDF0)
T7610 000:425.763   CPU_ReadMem(4 bytes @ 0xE000EDF0)
T7610 000:426.468   CPU_ReadMem(4 bytes @ 0xE000EDF0)
T7610 000:427.145   CPU_ReadMem(4 bytes @ 0xE000EDF0)
T7610 000:427.887   CPU_ReadMem(4 bytes @ 0xE000EDF0)
T7610 000:428.678   CPU_ReadMem(4 bytes @ 0xE000EDF0)
T7610 000:429.372   CPU_ReadMem(4 bytes @ 0xE000EDF0)
T7610 000:430.085   CPU_ReadMem(4 bytes @ 0xE000EDF0)
T7610 000:430.815   CPU_ReadMem(4 bytes @ 0xE000EDF0)
T7610 000:431.491   CPU_ReadMem(4 bytes @ 0xE000EDF0)
T7610 000:432.243   CPU_ReadMem(4 bytes @ 0xE000EDF0)
T7610 000:432.930   CPU_ReadMem(4 bytes @ 0xE000EDF0)
T7610 000:433.593   CPU_ReadMem(4 bytes @ 0xE000EDF0)
T7610 000:434.427   CPU_ReadMem(4 bytes @ 0xE000EDF0)
T7610 000:435.178   CPU_ReadMem(4 bytes @ 0xE000EDF0)
T7610 000:435.931   CPU_ReadMem(4 bytes @ 0xE000EDF0)
T7610 000:436.633   CPU_ReadMem(4 bytes @ 0xE000EDF0)
T7610 000:437.338   CPU_ReadMem(4 bytes @ 0xE000EDF0)
T7610 000:438.054   CPU_ReadMem(4 bytes @ 0xE000EDF0)
T7610 000:438.819   CPU_ReadMem(4 bytes @ 0xE000EDF0)
T7610 000:439.707   CPU_ReadMem(4 bytes @ 0xE000EDF0)
T7610 000:440.580   CPU_ReadMem(4 bytes @ 0xE000EDF0)
T7610 000:441.297   CPU_ReadMem(4 bytes @ 0xE000EDF0)
T7610 000:442.098   CPU_ReadMem(4 bytes @ 0xE000EDF0)
T7610 000:442.779   CPU_ReadMem(4 bytes @ 0xE000EDF0)
T7610 000:443.471   CPU_ReadMem(4 bytes @ 0xE000EDF0)
T7610 000:444.342   CPU_ReadMem(4 bytes @ 0xE000EDF0)
T7610 000:444.997   CPU_ReadMem(4 bytes @ 0xE000EDF0)
T7610 000:445.639   CPU_ReadMem(4 bytes @ 0xE000EDF0)
T7610 000:446.373   CPU_ReadMem(4 bytes @ 0xE000EDF0)
T7610 000:447.075   CPU_ReadMem(4 bytes @ 0xE000EDF0)
T7610 000:447.833   CPU_ReadMem(4 bytes @ 0xE000EDF0)
T7610 000:448.583   CPU_ReadMem(4 bytes @ 0xE000EDF0)
T7610 000:449.249   CPU_ReadMem(4 bytes @ 0xE000EDF0)
T7610 000:450.005   CPU_ReadMem(4 bytes @ 0xE000EDF0)
T7610 000:450.795   CPU_ReadMem(4 bytes @ 0xE000EDF0)
T7610 000:451.586   CPU_ReadMem(4 bytes @ 0xE000EDF0)
T7610 000:452.261   CPU_ReadMem(4 bytes @ 0xE000EDF0)
T7610 000:452.909   CPU_ReadMem(4 bytes @ 0xE000EDF0)
T7610 000:453.555   CPU_ReadMem(4 bytes @ 0xE000EDF0)
T7610 000:454.315   CPU_ReadMem(4 bytes @ 0xE000EDF0)
T7610 000:454.979   CPU_ReadMem(4 bytes @ 0xE000EDF0)
T7610 000:455.752   CPU_ReadMem(4 bytes @ 0xE000EDF0)
T7610 000:456.418   CPU_ReadMem(4 bytes @ 0xE000EDF0)
T7610 000:457.077   CPU_ReadMem(4 bytes @ 0xE000EDF0)
T7610 000:457.879   CPU_ReadMem(4 bytes @ 0xE000EDF0)
T7610 000:458.730   CPU_ReadMem(4 bytes @ 0xE000EDF0)
T7610 000:459.565   CPU_ReadMem(4 bytes @ 0xE000EDF0)
T7610 000:460.269   CPU_ReadMem(4 bytes @ 0xE000EDF0)
T7610 000:460.921   CPU_ReadMem(4 bytes @ 0xE000EDF0)
T7610 000:461.624   CPU_ReadMem(4 bytes @ 0xE000EDF0)
T7610 000:462.279   CPU_ReadMem(4 bytes @ 0xE000EDF0)
T7610 000:463.005   CPU_ReadMem(4 bytes @ 0xE000EDF0)
T7610 000:463.705   CPU_ReadMem(4 bytes @ 0xE000EDF0)
T7610 000:464.462   CPU_ReadMem(4 bytes @ 0xE000EDF0)
T7610 000:465.256   CPU_ReadMem(4 bytes @ 0xE000EDF0)
T7610 000:465.896   CPU_ReadMem(4 bytes @ 0xE000EDF0)
T7610 000:466.678   CPU_ReadMem(4 bytes @ 0xE000EDF0)
T7610 000:467.315   CPU_ReadMem(4 bytes @ 0xE000EDF0)
T7610 000:467.963   CPU_ReadMem(4 bytes @ 0xE000EDF0)
T7610 000:468.566   CPU_ReadMem(4 bytes @ 0xE000EDF0)
T7610 000:469.195   CPU_ReadMem(4 bytes @ 0xE000EDF0)
T7610 000:469.787   CPU_ReadMem(4 bytes @ 0xE000EDF0)
T7610 000:470.394   CPU_ReadMem(4 bytes @ 0xE000EDF0)
T7610 000:471.014   CPU_ReadMem(4 bytes @ 0xE000EDF0)
T7610 000:471.586   CPU_ReadMem(4 bytes @ 0xE000EDF0)
T7610 000:472.183   CPU_ReadMem(4 bytes @ 0xE000EDF0)
T7610 000:472.768   CPU_ReadMem(4 bytes @ 0xE000EDF0)
T7610 000:473.444   CPU_ReadMem(4 bytes @ 0xE000EDF0)
T7610 000:474.107   CPU_ReadMem(4 bytes @ 0xE000EDF0)
T7610 000:474.763   CPU_ReadMem(4 bytes @ 0xE000EDF0)
T7610 000:475.525   CPU_ReadMem(4 bytes @ 0xE000EDF0)
T7610 000:476.263   CPU_ReadMem(4 bytes @ 0xE000EDF0)
T7610 000:476.973   CPU_ReadMem(4 bytes @ 0xE000EDF0)
T7610 000:477.683   CPU_ReadMem(4 bytes @ 0xE000EDF0)
T7610 000:478.390   CPU_ReadMem(4 bytes @ 0xE000EDF0)
T7610 000:479.086   CPU_ReadMem(4 bytes @ 0xE000EDF0)
T7610 000:479.800   CPU_ReadMem(4 bytes @ 0xE000EDF0)
T7610 000:480.493   CPU_ReadMem(4 bytes @ 0xE000EDF0)
T7610 000:481.161   CPU_ReadMem(4 bytes @ 0xE000EDF0)
T7610 000:481.778   CPU_ReadMem(4 bytes @ 0xE000EDF0)
T7610 000:482.447   CPU_ReadMem(4 bytes @ 0xE000EDF0)
T7610 000:483.281   CPU_ReadMem(4 bytes @ 0xE000EDF0)
T7610 000:483.877   CPU_ReadMem(4 bytes @ 0xE000EDF0)
T7610 000:484.649   CPU_ReadMem(4 bytes @ 0xE000EDF0)
T7610 000:485.450   CPU_ReadMem(4 bytes @ 0xE000EDF0)
T7610 000:486.324   CPU_ReadMem(4 bytes @ 0xE000EDF0)
T7610 000:487.042   CPU_ReadMem(4 bytes @ 0xE000EDF0)
T7610 000:487.731   CPU_ReadMem(4 bytes @ 0xE000EDF0)
T7610 000:488.425   CPU_ReadMem(4 bytes @ 0xE000EDF0)
T7610 000:489.104   CPU_ReadMem(4 bytes @ 0xE000EDF0)
T7610 000:489.770   CPU_ReadMem(4 bytes @ 0xE000EDF0)
T7610 000:490.558   CPU_ReadMem(4 bytes @ 0xE000EDF0)
T7610 000:491.354   CPU_ReadMem(4 bytes @ 0xE000EDF0)
T7610 000:492.084   CPU_ReadMem(4 bytes @ 0xE000EDF0)
T7610 000:492.842   CPU_ReadMem(4 bytes @ 0xE000EDF0)
T7610 000:493.493   CPU_ReadMem(4 bytes @ 0xE000EDF0)
T7610 000:494.133   CPU_ReadMem(4 bytes @ 0xE000EDF0)
T7610 000:494.793   CPU_ReadMem(4 bytes @ 0xE000EDF0)
T7610 000:495.407   CPU_ReadMem(4 bytes @ 0xE000EDF0)
T7610 000:496.046   CPU_ReadMem(4 bytes @ 0xE000EDF0)
T7610 000:496.722   CPU_ReadMem(4 bytes @ 0xE000EDF0)
T7610 000:497.474   CPU_ReadMem(4 bytes @ 0xE000EDF0)
T7610 000:498.330   CPU_ReadMem(4 bytes @ 0xE000EDF0)
T7610 000:499.073   CPU_ReadMem(4 bytes @ 0xE000EDF0)
T7610 000:499.831   CPU_ReadMem(4 bytes @ 0xE000EDF0)
T7610 000:500.617   CPU_ReadMem(4 bytes @ 0xE000EDF0)
T7610 000:501.375   CPU_ReadMem(4 bytes @ 0xE000EDF0)
T7610 000:502.122   CPU_ReadMem(4 bytes @ 0xE000EDF0)
T7610 000:502.775   CPU_ReadMem(4 bytes @ 0xE000EDF0)
T7610 000:503.411   CPU_ReadMem(4 bytes @ 0xE000EDF0)
T7610 000:504.091   CPU_ReadMem(4 bytes @ 0xE000EDF0)
T7610 000:504.833   CPU_ReadMem(4 bytes @ 0xE000EDF0)
T7610 000:505.418   CPU_ReadMem(4 bytes @ 0xE000EDF0)
T7610 000:506.080   CPU_ReadMem(4 bytes @ 0xE000EDF0)
T7610 000:506.818   CPU_ReadMem(4 bytes @ 0xE000EDF0)
T7610 000:507.535   CPU_ReadMem(4 bytes @ 0xE000EDF0)
T7610 000:508.243   CPU_ReadMem(4 bytes @ 0xE000EDF0)
T7610 000:509.065   CPU_ReadMem(4 bytes @ 0xE000EDF0)
T7610 000:509.907   CPU_ReadMem(4 bytes @ 0xE000EDF0)
T7610 000:511.235   CPU_ReadMem(4 bytes @ 0xE000EDF0)
T7610 000:512.103   CPU_ReadMem(4 bytes @ 0xE000EDF0)
T7610 000:513.035   CPU_ReadMem(4 bytes @ 0xE000EDF0)
T7610 000:513.779   CPU_ReadMem(4 bytes @ 0xE000EDF0)
T7610 000:514.459   CPU_ReadMem(4 bytes @ 0xE000EDF0)
T7610 000:515.257   CPU_ReadMem(4 bytes @ 0xE000EDF0)
T7610 000:515.922   CPU_ReadMem(4 bytes @ 0xE000EDF0)
T7610 000:516.621   CPU_ReadMem(4 bytes @ 0xE000EDF0)
T7610 000:517.438   CPU_ReadMem(4 bytes @ 0xE000EDF0)
T7610 000:518.091   CPU_ReadMem(4 bytes @ 0xE000EDF0)
T7610 000:518.794   CPU_ReadMem(4 bytes @ 0xE000EDF0)
T7610 000:519.508   CPU_ReadMem(4 bytes @ 0xE000EDF0)
T7610 000:520.258   CPU_ReadMem(4 bytes @ 0xE000EDF0)
T7610 000:520.959   CPU_ReadMem(4 bytes @ 0xE000EDF0)
T7610 000:521.793   CPU_ReadMem(4 bytes @ 0xE000EDF0)
T7610 000:522.481   CPU_ReadMem(4 bytes @ 0xE000EDF0)
T7610 000:523.334   CPU_ReadMem(4 bytes @ 0xE000EDF0)
T7610 000:524.261   CPU_ReadMem(4 bytes @ 0xE000EDF0)
T7610 000:524.963   CPU_ReadMem(4 bytes @ 0xE000EDF0)
T7610 000:525.589   CPU_ReadMem(4 bytes @ 0xE000EDF0)
T7610 000:526.237   CPU_ReadMem(4 bytes @ 0xE000EDF0)
T7610 000:526.975   CPU_ReadMem(4 bytes @ 0xE000EDF0)
T7610 000:527.667   CPU_ReadMem(4 bytes @ 0xE000EDF0)
T7610 000:528.422   CPU_ReadMem(4 bytes @ 0xE000EDF0)
T7610 000:529.124   CPU_ReadMem(4 bytes @ 0xE000EDF0)
T7610 000:529.758   CPU_ReadMem(4 bytes @ 0xE000EDF0)
T7610 000:530.468   CPU_ReadMem(4 bytes @ 0xE000EDF0)
T7610 000:531.251   CPU_ReadMem(4 bytes @ 0xE000EDF0)
T7610 000:531.960   CPU_ReadMem(4 bytes @ 0xE000EDF0)
T7610 000:532.821   CPU_ReadMem(4 bytes @ 0xE000EDF0)
T7610 000:533.526   CPU_ReadMem(4 bytes @ 0xE000EDF0)
T7610 000:534.241   CPU_ReadMem(4 bytes @ 0xE000EDF0)
T7610 000:534.907   CPU_ReadMem(4 bytes @ 0xE000EDF0)
T7610 000:535.661   CPU_ReadMem(4 bytes @ 0xE000EDF0)
T7610 000:536.322   CPU_ReadMem(4 bytes @ 0xE000EDF0)
T7610 000:537.041   CPU_ReadMem(4 bytes @ 0xE000EDF0)
T7610 000:537.719   CPU_ReadMem(4 bytes @ 0xE000EDF0)
T7610 000:538.453   CPU_ReadMem(4 bytes @ 0xE000EDF0)
T7610 000:539.333   CPU_ReadMem(4 bytes @ 0xE000EDF0)
T7610 000:540.079   CPU_ReadMem(4 bytes @ 0xE000EDF0)
T7610 000:540.827   CPU_ReadMem(4 bytes @ 0xE000EDF0)
T7610 000:541.532   CPU_ReadMem(4 bytes @ 0xE000EDF0)
T7610 000:542.254   CPU_ReadMem(4 bytes @ 0xE000EDF0)
T7610 000:542.969   CPU_ReadMem(4 bytes @ 0xE000EDF0)
T7610 000:543.701   CPU_ReadMem(4 bytes @ 0xE000EDF0)
T7610 000:544.464   CPU_ReadMem(4 bytes @ 0xE000EDF0)
T7610 000:545.168   CPU_ReadMem(4 bytes @ 0xE000EDF0)
T7610 000:545.826   CPU_ReadMem(4 bytes @ 0xE000EDF0)
T7610 000:546.402   CPU_ReadMem(4 bytes @ 0xE000EDF0)
T7610 000:547.003   CPU_ReadMem(4 bytes @ 0xE000EDF0)
T7610 000:547.610   CPU_ReadMem(4 bytes @ 0xE000EDF0)
T7610 000:548.225   CPU_ReadMem(4 bytes @ 0xE000EDF0)
T7610 000:548.900   CPU_ReadMem(4 bytes @ 0xE000EDF0)
T7610 000:549.609   CPU_ReadMem(4 bytes @ 0xE000EDF0)
T7610 000:550.299   CPU_ReadMem(4 bytes @ 0xE000EDF0)
T7610 000:550.933   CPU_ReadMem(4 bytes @ 0xE000EDF0)
T7610 000:551.635   CPU_ReadMem(4 bytes @ 0xE000EDF0)
T7610 000:552.363   CPU_ReadMem(4 bytes @ 0xE000EDF0)
T7610 000:553.086   CPU_ReadMem(4 bytes @ 0xE000EDF0)
T7610 000:553.769   CPU_ReadMem(4 bytes @ 0xE000EDF0)
T7610 000:554.463   CPU_ReadMem(4 bytes @ 0xE000EDF0)
T7610 000:555.332   CPU_ReadMem(4 bytes @ 0xE000EDF0)
T7610 000:556.070   CPU_ReadMem(4 bytes @ 0xE000EDF0)
T7610 000:556.823   CPU_ReadMem(4 bytes @ 0xE000EDF0)
T7610 000:557.522   CPU_ReadMem(4 bytes @ 0xE000EDF0)
T7610 000:558.260   CPU_ReadMem(4 bytes @ 0xE000EDF0)
T7610 000:558.967   CPU_ReadMem(4 bytes @ 0xE000EDF0)
T7610 000:559.674   CPU_ReadMem(4 bytes @ 0xE000EDF0)
T7610 000:560.431   CPU_ReadMem(4 bytes @ 0xE000EDF0)
T7610 000:561.136   CPU_ReadMem(4 bytes @ 0xE000EDF0)
T7610 000:561.821   CPU_ReadMem(4 bytes @ 0xE000EDF0)
T7610 000:562.584   CPU_ReadMem(4 bytes @ 0xE000EDF0)
T7610 000:563.329   CPU_ReadMem(4 bytes @ 0xE000EDF0)
T7610 000:564.056   CPU_ReadMem(4 bytes @ 0xE000EDF0)
T7610 000:564.749   CPU_ReadMem(4 bytes @ 0xE000EDF0)
T7610 000:565.444   CPU_ReadMem(4 bytes @ 0xE000EDF0)
T7610 000:566.255   CPU_ReadMem(4 bytes @ 0xE000EDF0)
T7610 000:566.959   CPU_ReadMem(4 bytes @ 0xE000EDF0)
T7610 000:567.685   CPU_ReadMem(4 bytes @ 0xE000EDF0)
T7610 000:568.605   CPU_ReadMem(4 bytes @ 0xE000EDF0)
T7610 000:571.216   CPU_ReadMem(4 bytes @ 0xE000EDF0)
T7610 000:572.001   CPU_ReadMem(4 bytes @ 0xE000EDF0)
T7610 000:572.715   CPU_ReadMem(4 bytes @ 0xE000EDF0)
T7610 000:573.395   CPU_ReadMem(4 bytes @ 0xE000EDF0)
T7610 000:574.237   CPU_ReadMem(4 bytes @ 0xE000EDF0)
T7610 000:575.000   CPU_ReadMem(4 bytes @ 0xE000EDF0)
T7610 000:575.678   CPU_ReadMem(4 bytes @ 0xE000EDF0)
T7610 000:576.352   CPU_ReadMem(4 bytes @ 0xE000EDF0)
T7610 000:577.012   CPU_ReadMem(4 bytes @ 0xE000EDF0)
T7610 000:577.700   CPU_ReadMem(4 bytes @ 0xE000EDF0)
T7610 000:578.488   CPU_ReadMem(4 bytes @ 0xE000EDF0)
T7610 000:579.250   CPU_ReadMem(4 bytes @ 0xE000EDF0)
T7610 000:579.976   CPU_ReadMem(4 bytes @ 0xE000EDF0)
T7610 000:582.241   CPU_ReadMem(4 bytes @ 0xE000EDF0)
T7610 000:583.032   CPU_ReadMem(4 bytes @ 0xE000EDF0)
T7610 000:583.764   CPU_ReadMem(4 bytes @ 0xE000EDF0)
T7610 000:584.537   CPU_ReadMem(4 bytes @ 0xE000EDF0)
T7610 000:585.374   CPU_ReadMem(4 bytes @ 0xE000EDF0)
T7610 000:586.242   CPU_ReadMem(4 bytes @ 0xE000EDF0)
T7610 000:587.036   CPU_ReadMem(4 bytes @ 0xE000EDF0)
T7610 000:587.710   CPU_ReadMem(4 bytes @ 0xE000EDF0)
T7610 000:588.451   CPU_ReadMem(4 bytes @ 0xE000EDF0)
T7610 000:589.232   CPU_ReadMem(4 bytes @ 0xE000EDF0)
T7610 000:589.974   CPU_ReadMem(4 bytes @ 0xE000EDF0)
T7610 000:590.884   CPU_ReadMem(4 bytes @ 0xE000EDF0)
T7610 000:591.672   CPU_ReadMem(4 bytes @ 0xE000EDF0)
T7610 000:592.397   CPU_ReadMem(4 bytes @ 0xE000EDF0)
T7610 000:593.105   CPU_ReadMem(4 bytes @ 0xE000EDF0)
T7610 000:593.861   CPU_ReadMem(4 bytes @ 0xE000EDF0)
T7610 000:594.640   CPU_ReadMem(4 bytes @ 0xE000EDF0)
T7610 000:595.569   CPU_ReadMem(4 bytes @ 0xE000EDF0)
T7610 000:596.418   CPU_ReadMem(4 bytes @ 0xE000EDF0)
T7610 000:597.210   CPU_ReadMem(4 bytes @ 0xE000EDF0)
T7610 000:597.864   CPU_ReadMem(4 bytes @ 0xE000EDF0)
T7610 000:598.515   CPU_ReadMem(4 bytes @ 0xE000EDF0)
T7610 000:599.210   CPU_ReadMem(4 bytes @ 0xE000EDF0)
T7610 000:599.825   CPU_ReadMem(4 bytes @ 0xE000EDF0)
T7610 000:600.420   CPU_ReadMem(4 bytes @ 0xE000EDF0)
T7610 000:601.284   CPU_ReadMem(4 bytes @ 0xE000EDF0)
T7610 000:602.011   CPU_ReadMem(4 bytes @ 0xE000EDF0)
T7610 000:602.672   CPU_ReadMem(4 bytes @ 0xE000EDF0)
T7610 000:603.393   CPU_ReadMem(4 bytes @ 0xE000EDF0)
T7610 000:604.048   Reset: CPU may have not been reset (DHCSR.S_RESET_ST never gets set).
T7610 000:604.147   Reset: Failed. Toggling reset pin and trying reset strategy again.
T7610 000:710.185   Failed to attach to CPU. Trying connect under reset.
T7610 000:712.662   Found SW-DP with ID 0x0BE12477
T7610 000:715.702   SWD speed too high. Reduced from 4000 kHz to 2700 kHz for stability
T7610 000:717.845   DPIDR: 0x0BE12477
T7610 000:717.960   CoreSight SoC-400 or earlier
T7610 000:718.009   AP map detection skipped. Manually configured AP map found.
T7610 000:718.055   AP[0]: AHB-AP (IDR: Not set, ADDR: 0x00000000)
T7610 000:719.776   AP[0]: Core found
T7610 000:719.901   AP[0]: AHB-AP ROM base: 0xE00FF000
T7610 000:720.956   CPUID register: 0x411FD210. Implementer code: 0x41 (ARM)
T7610 000:721.042   Feature set: Mainline
T7610 000:721.843   Cache: No cache
T7610 000:721.953   Found Cortex-M33 r1p0, Little endian.
T7610 000:722.607   CPU_WriteMem(4 bytes @ 0xE000EDF0)
T7610 000:723.371   CPU_WriteMem(4 bytes @ 0xE000EDFC)
T7610 000:724.123   Reset: Halt core after reset via DEMCR.VC_CORERESET.
T7610 000:724.204   Reset: Reset device via reset pin
T7610 000:848.661   Reset: VC_CORERESET did not halt CPU. (Debug logic also reset by reset pin?).
T7610 000:848.856   Reset: Reconnecting and manually halting CPU.
T7610 000:851.040   Found SW-DP with ID 0x0BE12477
T7610 000:855.304   DPIDR: 0x0BE12477
T7610 000:855.474   CoreSight SoC-400 or earlier
T7610 000:855.542   AP map detection skipped. Manually configured AP map found.
T7610 000:855.677   AP[0]: AHB-AP (IDR: Not set, ADDR: 0x00000000)
T7610 000:857.294   AP[0]: Core found
T7610 000:857.453   AP[0]: AHB-AP ROM base: 0xE00FF000
T7610 000:858.214   CPUID register: 0x411FD210. Implementer code: 0x41 (ARM)
T7610 000:858.350   Feature set: Mainline
T7610 000:859.108   Cache: No cache
T7610 000:859.218   Found Cortex-M33 r1p0, Little endian.
T7610 000:863.242   CPU_WriteMem(4 bytes @ 0xE000EDFC)
T7610 000:869.281   CPU_ReadMem(4 bytes @ 0xE000EDF0)
T7610 000:870.078   CPU_ReadMem(4 bytes @ 0xE000EE08)
T7610 000:870.864   CPU_WriteMem(4 bytes @ 0xE000EDF0)
T7610 000:871.527   CPU_WriteMem(4 bytes @ 0xE000EDFC)
T7610 000:872.188   Reset: Halt core after reset via DEMCR.VC_CORERESET.
T7610 000:872.794   Reset: Reset device via AIRCR.VECTRESET.
T7610 000:872.896   CPU_WriteMem(4 bytes @ 0xE000ED0C)
T7610 000:874.562   CPU_ReadMem(4 bytes @ 0xE000EDF0)
T7610 000:875.203   CPU_ReadMem(4 bytes @ 0xE000EDF0)
T7610 000:875.877   CPU_ReadMem(4 bytes @ 0xE000EDF0)
T7610 000:876.499   CPU_ReadMem(4 bytes @ 0xE000EDF0)
T7610 000:877.193   CPU_ReadMem(4 bytes @ 0xE000EDF0)
T7610 000:877.985   CPU_ReadMem(4 bytes @ 0xE000EDF0)
T7610 000:878.693   CPU_ReadMem(4 bytes @ 0xE000EDF0)
T7610 000:879.450   CPU_ReadMem(4 bytes @ 0xE000EDF0)
T7610 000:880.258   CPU_ReadMem(4 bytes @ 0xE000EDF0)
T7610 000:881.002   CPU_ReadMem(4 bytes @ 0xE000EDF0)
T7610 000:881.739   CPU_ReadMem(4 bytes @ 0xE000EDF0)
T7610 000:882.845   CPU_ReadMem(4 bytes @ 0xE000EDF0)
T7610 000:883.577   CPU_ReadMem(4 bytes @ 0xE000EDF0)
T7610 000:884.320   CPU_ReadMem(4 bytes @ 0xE000EDF0)
T7610 000:885.112   CPU_ReadMem(4 bytes @ 0xE000EDF0)
T7610 000:885.913   CPU_ReadMem(4 bytes @ 0xE000EDF0)
T7610 000:886.656   CPU_ReadMem(4 bytes @ 0xE000EDF0)
T7610 000:887.376   CPU_ReadMem(4 bytes @ 0xE000EDF0)
T7610 000:887.990   CPU_ReadMem(4 bytes @ 0xE000EDF0)
T7610 000:888.565   CPU_ReadMem(4 bytes @ 0xE000EDF0)
T7610 000:889.202   CPU_ReadMem(4 bytes @ 0xE000EDF0)
T7610 000:889.801   CPU_ReadMem(4 bytes @ 0xE000EDF0)
T7610 000:890.379   CPU_ReadMem(4 bytes @ 0xE000EDF0)
T7610 000:891.012   CPU_ReadMem(4 bytes @ 0xE000EDF0)
T7610 000:891.650   CPU_ReadMem(4 bytes @ 0xE000EDF0)
T7610 000:892.302   CPU_ReadMem(4 bytes @ 0xE000EDF0)
T7610 000:893.013   CPU_ReadMem(4 bytes @ 0xE000EDF0)
T7610 000:893.601   CPU_ReadMem(4 bytes @ 0xE000EDF0)
T7610 000:894.197   CPU_ReadMem(4 bytes @ 0xE000EDF0)
T7610 000:894.807   CPU_ReadMem(4 bytes @ 0xE000EDF0)
T7610 000:895.480   CPU_ReadMem(4 bytes @ 0xE000EDF0)
T7610 000:896.198   CPU_ReadMem(4 bytes @ 0xE000EDF0)
T7610 000:896.946   CPU_ReadMem(4 bytes @ 0xE000EDF0)
T7610 000:897.674   CPU_ReadMem(4 bytes @ 0xE000EDF0)
T7610 000:898.356   CPU_ReadMem(4 bytes @ 0xE000EDF0)
T7610 000:899.216   CPU_ReadMem(4 bytes @ 0xE000EDF0)
T7610 000:899.899   CPU_ReadMem(4 bytes @ 0xE000EDF0)
T7610 000:900.647   CPU_ReadMem(4 bytes @ 0xE000EDF0)
T7610 000:902.006   CPU_ReadMem(4 bytes @ 0xE000EDF0)
T7610 000:903.769   CPU_ReadMem(4 bytes @ 0xE000EDF0)
T7610 000:904.861   CPU_ReadMem(4 bytes @ 0xE000EDF0)
T7610 000:905.712   CPU_ReadMem(4 bytes @ 0xE000EDF0)
T7610 000:906.407   CPU_ReadMem(4 bytes @ 0xE000EDF0)
T7610 000:907.096   CPU_ReadMem(4 bytes @ 0xE000EDF0)
T7610 000:907.808   CPU_ReadMem(4 bytes @ 0xE000EDF0)
T7610 000:908.565   CPU_ReadMem(4 bytes @ 0xE000EDF0)
T7610 000:909.466   CPU_ReadMem(4 bytes @ 0xE000EDF0)
T7610 000:910.207   CPU_ReadMem(4 bytes @ 0xE000EDF0)
T7610 000:910.813   CPU_ReadMem(4 bytes @ 0xE000EDF0)
T7610 000:911.432   CPU_ReadMem(4 bytes @ 0xE000EDF0)
T7610 000:912.012   CPU_ReadMem(4 bytes @ 0xE000EDF0)
T7610 000:912.641   CPU_ReadMem(4 bytes @ 0xE000EDF0)
T7610 000:913.293   CPU_ReadMem(4 bytes @ 0xE000EDF0)
T7610 000:914.032   CPU_ReadMem(4 bytes @ 0xE000EDF0)
T7610 000:914.918   CPU_ReadMem(4 bytes @ 0xE000EDF0)
T7610 000:915.544   CPU_ReadMem(4 bytes @ 0xE000EDF0)
T7610 000:916.280   CPU_ReadMem(4 bytes @ 0xE000EDF0)
T7610 000:917.013   CPU_ReadMem(4 bytes @ 0xE000EDF0)
T7610 000:917.724   CPU_ReadMem(4 bytes @ 0xE000EDF0)
T7610 000:918.510   CPU_ReadMem(4 bytes @ 0xE000EDF0)
T7610 000:919.350   CPU_ReadMem(4 bytes @ 0xE000EDF0)
T7610 000:920.229   CPU_ReadMem(4 bytes @ 0xE000EDF0)
T7610 000:920.834   CPU_ReadMem(4 bytes @ 0xE000EDF0)
T7610 000:921.449   CPU_ReadMem(4 bytes @ 0xE000EDF0)
T7610 000:922.056   CPU_ReadMem(4 bytes @ 0xE000EDF0)
T7610 000:922.643   CPU_ReadMem(4 bytes @ 0xE000EDF0)
T7610 000:923.255   CPU_ReadMem(4 bytes @ 0xE000EDF0)
T7610 000:923.909   CPU_ReadMem(4 bytes @ 0xE000EDF0)
T7610 000:924.657   CPU_ReadMem(4 bytes @ 0xE000EDF0)
T7610 000:925.413   CPU_ReadMem(4 bytes @ 0xE000EDF0)
T7610 000:926.092   CPU_ReadMem(4 bytes @ 0xE000EDF0)
T7610 000:926.735   CPU_ReadMem(4 bytes @ 0xE000EDF0)
T7610 000:927.473   CPU_ReadMem(4 bytes @ 0xE000EDF0)
T7610 000:928.234   CPU_ReadMem(4 bytes @ 0xE000EDF0)
T7610 000:928.904   CPU_ReadMem(4 bytes @ 0xE000EDF0)
T7610 000:929.541   CPU_ReadMem(4 bytes @ 0xE000EDF0)
T7610 000:930.238   CPU_ReadMem(4 bytes @ 0xE000EDF0)
T7610 000:930.927   CPU_ReadMem(4 bytes @ 0xE000EDF0)
T7610 000:931.638   CPU_ReadMem(4 bytes @ 0xE000EDF0)
T7610 000:932.227   CPU_ReadMem(4 bytes @ 0xE000EDF0)
T7610 000:932.843   CPU_ReadMem(4 bytes @ 0xE000EDF0)
T7610 000:933.456   CPU_ReadMem(4 bytes @ 0xE000EDF0)
T7610 000:934.084   CPU_ReadMem(4 bytes @ 0xE000EDF0)
T7610 000:934.686   CPU_ReadMem(4 bytes @ 0xE000EDF0)
T7610 000:935.383   CPU_ReadMem(4 bytes @ 0xE000EDF0)
T7610 000:936.113   CPU_ReadMem(4 bytes @ 0xE000EDF0)
T7610 000:936.790   CPU_ReadMem(4 bytes @ 0xE000EDF0)
T7610 000:937.450   CPU_ReadMem(4 bytes @ 0xE000EDF0)
T7610 000:938.112   CPU_ReadMem(4 bytes @ 0xE000EDF0)
T7610 000:938.736   CPU_ReadMem(4 bytes @ 0xE000EDF0)
T7610 000:939.374   CPU_ReadMem(4 bytes @ 0xE000EDF0)
T7610 000:939.970   CPU_ReadMem(4 bytes @ 0xE000EDF0)
T7610 000:940.592   CPU_ReadMem(4 bytes @ 0xE000EDF0)
T7610 000:941.182   CPU_ReadMem(4 bytes @ 0xE000EDF0)
T7610 000:941.791   CPU_ReadMem(4 bytes @ 0xE000EDF0)
T7610 000:942.408   CPU_ReadMem(4 bytes @ 0xE000EDF0)
T7610 000:943.186   CPU_ReadMem(4 bytes @ 0xE000EDF0)
T7610 000:943.806   CPU_ReadMem(4 bytes @ 0xE000EDF0)
T7610 000:944.590   CPU_ReadMem(4 bytes @ 0xE000EDF0)
T7610 000:945.245   CPU_ReadMem(4 bytes @ 0xE000EDF0)
T7610 000:945.963   CPU_ReadMem(4 bytes @ 0xE000EDF0)
T7610 000:946.778   CPU_ReadMem(4 bytes @ 0xE000EDF0)
T7610 000:947.472   CPU_ReadMem(4 bytes @ 0xE000EDF0)
T7610 000:948.080   CPU_ReadMem(4 bytes @ 0xE000EDF0)
T7610 000:948.693   CPU_ReadMem(4 bytes @ 0xE000EDF0)
T7610 000:949.392   CPU_ReadMem(4 bytes @ 0xE000EDF0)
T7610 000:950.007   CPU_ReadMem(4 bytes @ 0xE000EDF0)
T7610 000:950.647   CPU_ReadMem(4 bytes @ 0xE000EDF0)
T7610 000:951.269   CPU_ReadMem(4 bytes @ 0xE000EDF0)
T7610 000:951.934   CPU_ReadMem(4 bytes @ 0xE000EDF0)
T7610 000:952.742   CPU_ReadMem(4 bytes @ 0xE000EDF0)
T7610 000:953.429   CPU_ReadMem(4 bytes @ 0xE000EDF0)
T7610 000:954.201   CPU_ReadMem(4 bytes @ 0xE000EDF0)
T7610 000:954.891   CPU_ReadMem(4 bytes @ 0xE000EDF0)
T7610 000:955.530   CPU_ReadMem(4 bytes @ 0xE000EDF0)
T7610 000:956.258   CPU_ReadMem(4 bytes @ 0xE000EDF0)
T7610 000:956.901   CPU_ReadMem(4 bytes @ 0xE000EDF0)
T7610 000:957.538   CPU_ReadMem(4 bytes @ 0xE000EDF0)
T7610 000:958.193   CPU_ReadMem(4 bytes @ 0xE000EDF0)
T7610 000:958.842   CPU_ReadMem(4 bytes @ 0xE000EDF0)
T7610 000:959.465   CPU_ReadMem(4 bytes @ 0xE000EDF0)
T7610 000:960.092   CPU_ReadMem(4 bytes @ 0xE000EDF0)
T7610 000:960.832   CPU_ReadMem(4 bytes @ 0xE000EDF0)
T7610 000:961.580   CPU_ReadMem(4 bytes @ 0xE000EDF0)
T7610 000:962.273   CPU_ReadMem(4 bytes @ 0xE000EDF0)
T7610 000:962.908   CPU_ReadMem(4 bytes @ 0xE000EDF0)
T7610 000:963.648   CPU_ReadMem(4 bytes @ 0xE000EDF0)
T7610 000:964.276   CPU_ReadMem(4 bytes @ 0xE000EDF0)
T7610 000:965.070   CPU_ReadMem(4 bytes @ 0xE000EDF0)
T7610 000:965.779   CPU_ReadMem(4 bytes @ 0xE000EDF0)
T7610 000:966.424   CPU_ReadMem(4 bytes @ 0xE000EDF0)
T7610 000:967.046   CPU_ReadMem(4 bytes @ 0xE000EDF0)
T7610 000:967.634   CPU_ReadMem(4 bytes @ 0xE000EDF0)
T7610 000:968.180   CPU_ReadMem(4 bytes @ 0xE000EDF0)
T7610 000:968.842   CPU_ReadMem(4 bytes @ 0xE000EDF0)
T7610 000:969.574   CPU_ReadMem(4 bytes @ 0xE000EDF0)
T7610 000:970.270   CPU_ReadMem(4 bytes @ 0xE000EDF0)
T7610 000:971.065   CPU_ReadMem(4 bytes @ 0xE000EDF0)
T7610 000:971.698   CPU_ReadMem(4 bytes @ 0xE000EDF0)
T7610 000:972.325   CPU_ReadMem(4 bytes @ 0xE000EDF0)
T7610 000:972.964   CPU_ReadMem(4 bytes @ 0xE000EDF0)
T7610 000:973.562   CPU_ReadMem(4 bytes @ 0xE000EDF0)
T7610 000:974.180   CPU_ReadMem(4 bytes @ 0xE000EDF0)
T7610 000:974.769   CPU_ReadMem(4 bytes @ 0xE000EDF0)
T7610 000:975.386   CPU_ReadMem(4 bytes @ 0xE000EDF0)
T7610 000:976.021   CPU_ReadMem(4 bytes @ 0xE000EDF0)
T7610 000:976.643   CPU_ReadMem(4 bytes @ 0xE000EDF0)
T7610 000:977.419   CPU_ReadMem(4 bytes @ 0xE000EDF0)
T7610 000:978.222   CPU_ReadMem(4 bytes @ 0xE000EDF0)
T7610 000:978.837   CPU_ReadMem(4 bytes @ 0xE000EDF0)
T7610 000:979.413   CPU_ReadMem(4 bytes @ 0xE000EDF0)
T7610 000:980.027   CPU_ReadMem(4 bytes @ 0xE000EDF0)
T7610 000:980.649   CPU_ReadMem(4 bytes @ 0xE000EDF0)
T7610 000:981.340   CPU_ReadMem(4 bytes @ 0xE000EDF0)
T7610 000:982.020   CPU_ReadMem(4 bytes @ 0xE000EDF0)
T7610 000:982.662   CPU_ReadMem(4 bytes @ 0xE000EDF0)
T7610 000:983.323   CPU_ReadMem(4 bytes @ 0xE000EDF0)
T7610 000:984.016   CPU_ReadMem(4 bytes @ 0xE000EDF0)
T7610 000:984.657   CPU_ReadMem(4 bytes @ 0xE000EDF0)
T7610 000:985.293   CPU_ReadMem(4 bytes @ 0xE000EDF0)
T7610 000:985.978   CPU_ReadMem(4 bytes @ 0xE000EDF0)
T7610 000:986.622   CPU_ReadMem(4 bytes @ 0xE000EDF0)
T7610 000:987.257   CPU_ReadMem(4 bytes @ 0xE000EDF0)
T7610 000:987.818   CPU_ReadMem(4 bytes @ 0xE000EDF0)
T7610 000:988.407   CPU_ReadMem(4 bytes @ 0xE000EDF0)
T7610 000:989.013   CPU_ReadMem(4 bytes @ 0xE000EDF0)
T7610 000:989.549   CPU_ReadMem(4 bytes @ 0xE000EDF0)
T7610 000:990.103   CPU_ReadMem(4 bytes @ 0xE000EDF0)
T7610 000:990.701   CPU_ReadMem(4 bytes @ 0xE000EDF0)
T7610 000:991.296   CPU_ReadMem(4 bytes @ 0xE000EDF0)
T7610 000:991.914   CPU_ReadMem(4 bytes @ 0xE000EDF0)
T7610 000:992.745   CPU_ReadMem(4 bytes @ 0xE000EDF0)
T7610 000:993.492   CPU_ReadMem(4 bytes @ 0xE000EDF0)
T7610 000:994.230   CPU_ReadMem(4 bytes @ 0xE000EDF0)
T7610 000:994.890   CPU_ReadMem(4 bytes @ 0xE000EDF0)
T7610 000:995.533   CPU_ReadMem(4 bytes @ 0xE000EDF0)
T7610 000:996.277   CPU_ReadMem(4 bytes @ 0xE000EDF0)
T7610 000:996.983   CPU_ReadMem(4 bytes @ 0xE000EDF0)
T7610 000:997.601   CPU_ReadMem(4 bytes @ 0xE000EDF0)
T7610 000:998.270   CPU_ReadMem(4 bytes @ 0xE000EDF0)
T7610 000:999.059   CPU_ReadMem(4 bytes @ 0xE000EDF0)
T7610 000:999.656   CPU_ReadMem(4 bytes @ 0xE000EDF0)
T7610 001:000.393   CPU_ReadMem(4 bytes @ 0xE000EDF0)
T7610 001:001.016   CPU_ReadMem(4 bytes @ 0xE000EDF0)
T7610 001:001.687   CPU_ReadMem(4 bytes @ 0xE000EDF0)
T7610 001:002.429   CPU_ReadMem(4 bytes @ 0xE000EDF0)
T7610 001:003.121   CPU_ReadMem(4 bytes @ 0xE000EDF0)
T7610 001:003.705   CPU_ReadMem(4 bytes @ 0xE000EDF0)
T7610 001:004.321   CPU_ReadMem(4 bytes @ 0xE000EDF0)
T7610 001:005.023   CPU_ReadMem(4 bytes @ 0xE000EDF0)
T7610 001:005.669   CPU_ReadMem(4 bytes @ 0xE000EDF0)
T7610 001:006.307   CPU_ReadMem(4 bytes @ 0xE000EDF0)
T7610 001:006.930   CPU_ReadMem(4 bytes @ 0xE000EDF0)
T7610 001:007.597   CPU_ReadMem(4 bytes @ 0xE000EDF0)
T7610 001:008.244   CPU_ReadMem(4 bytes @ 0xE000EDF0)
T7610 001:008.990   CPU_ReadMem(4 bytes @ 0xE000EDF0)
T7610 001:009.688   CPU_ReadMem(4 bytes @ 0xE000EDF0)
T7610 001:010.278   CPU_ReadMem(4 bytes @ 0xE000EDF0)
T7610 001:011.037   CPU_ReadMem(4 bytes @ 0xE000EDF0)
T7610 001:011.695   CPU_ReadMem(4 bytes @ 0xE000EDF0)
T7610 001:012.312   CPU_ReadMem(4 bytes @ 0xE000EDF0)
T7610 001:012.935   CPU_ReadMem(4 bytes @ 0xE000EDF0)
T7610 001:013.612   CPU_ReadMem(4 bytes @ 0xE000EDF0)
T7610 001:014.481   CPU_ReadMem(4 bytes @ 0xE000EDF0)
T7610 001:015.232   CPU_ReadMem(4 bytes @ 0xE000EDF0)
T7610 001:015.836   CPU_ReadMem(4 bytes @ 0xE000EDF0)
T7610 001:016.433   CPU_ReadMem(4 bytes @ 0xE000EDF0)
T7610 001:017.114   CPU_ReadMem(4 bytes @ 0xE000EDF0)
T7610 001:017.694   CPU_ReadMem(4 bytes @ 0xE000EDF0)
T7610 001:018.275   CPU_ReadMem(4 bytes @ 0xE000EDF0)
T7610 001:019.105   CPU_ReadMem(4 bytes @ 0xE000EDF0)
T7610 001:019.822   CPU_ReadMem(4 bytes @ 0xE000EDF0)
T7610 001:020.600   CPU_ReadMem(4 bytes @ 0xE000EDF0)
T7610 001:021.361   CPU_ReadMem(4 bytes @ 0xE000EDF0)
T7610 001:022.389   CPU_ReadMem(4 bytes @ 0xE000EDF0)
T7610 001:023.170   CPU_ReadMem(4 bytes @ 0xE000EDF0)
T7610 001:023.927   CPU_ReadMem(4 bytes @ 0xE000EDF0)
T7610 001:024.743   CPU_ReadMem(4 bytes @ 0xE000EDF0)
T7610 001:025.475   CPU_ReadMem(4 bytes @ 0xE000EDF0)
T7610 001:026.320   CPU_ReadMem(4 bytes @ 0xE000EDF0)
T7610 001:027.008   CPU_ReadMem(4 bytes @ 0xE000EDF0)
T7610 001:027.750   CPU_ReadMem(4 bytes @ 0xE000EDF0)
T7610 001:028.449   CPU_ReadMem(4 bytes @ 0xE000EDF0)
T7610 001:029.244   CPU_ReadMem(4 bytes @ 0xE000EDF0)
T7610 001:030.001   CPU_ReadMem(4 bytes @ 0xE000EDF0)
T7610 001:030.678   CPU_ReadMem(4 bytes @ 0xE000EDF0)
T7610 001:031.445   CPU_ReadMem(4 bytes @ 0xE000EDF0)
T7610 001:032.248   CPU_ReadMem(4 bytes @ 0xE000EDF0)
T7610 001:032.972   CPU_ReadMem(4 bytes @ 0xE000EDF0)
T7610 001:033.706   CPU_ReadMem(4 bytes @ 0xE000EDF0)
T7610 001:034.440   CPU_ReadMem(4 bytes @ 0xE000EDF0)
T7610 001:035.250   CPU_ReadMem(4 bytes @ 0xE000EDF0)
T7610 001:036.019   CPU_ReadMem(4 bytes @ 0xE000EDF0)
T7610 001:036.723   CPU_ReadMem(4 bytes @ 0xE000EDF0)
T7610 001:037.548   CPU_ReadMem(4 bytes @ 0xE000EDF0)
T7610 001:038.261   CPU_ReadMem(4 bytes @ 0xE000EDF0)
T7610 001:039.048   CPU_ReadMem(4 bytes @ 0xE000EDF0)
T7610 001:039.809   CPU_ReadMem(4 bytes @ 0xE000EDF0)
T7610 001:040.644   CPU_ReadMem(4 bytes @ 0xE000EDF0)
T7610 001:041.652   CPU_ReadMem(4 bytes @ 0xE000EDF0)
T7610 001:042.493   CPU_ReadMem(4 bytes @ 0xE000EDF0)
T7610 001:043.379   CPU_ReadMem(4 bytes @ 0xE000EDF0)
T7610 001:044.214   CPU_ReadMem(4 bytes @ 0xE000EDF0)
T7610 001:044.952   CPU_ReadMem(4 bytes @ 0xE000EDF0)
T7610 001:045.730   CPU_ReadMem(4 bytes @ 0xE000EDF0)
T7610 001:046.493   CPU_ReadMem(4 bytes @ 0xE000EDF0)
T7610 001:047.328   CPU_ReadMem(4 bytes @ 0xE000EDF0)
T7610 001:048.066   CPU_ReadMem(4 bytes @ 0xE000EDF0)
T7610 001:048.797   CPU_ReadMem(4 bytes @ 0xE000EDF0)
T7610 001:049.545   CPU_ReadMem(4 bytes @ 0xE000EDF0)
T7610 001:050.255   CPU_ReadMem(4 bytes @ 0xE000EDF0)
T7610 001:050.979   CPU_ReadMem(4 bytes @ 0xE000EDF0)
T7610 001:051.753   CPU_ReadMem(4 bytes @ 0xE000EDF0)
T7610 001:052.466   CPU_ReadMem(4 bytes @ 0xE000EDF0)
T7610 001:053.340   CPU_ReadMem(4 bytes @ 0xE000EDF0)
T7610 001:054.128   CPU_ReadMem(4 bytes @ 0xE000EDF0)
T7610 001:054.899   CPU_ReadMem(4 bytes @ 0xE000EDF0)
T7610 001:055.587   CPU_ReadMem(4 bytes @ 0xE000EDF0)
T7610 001:056.329   CPU_ReadMem(4 bytes @ 0xE000EDF0)
T7610 001:057.085   CPU_ReadMem(4 bytes @ 0xE000EDF0)
T7610 001:057.841   CPU_ReadMem(4 bytes @ 0xE000EDF0)
T7610 001:058.572   CPU_ReadMem(4 bytes @ 0xE000EDF0)
T7610 001:059.346   CPU_ReadMem(4 bytes @ 0xE000EDF0)
T7610 001:060.248   CPU_ReadMem(4 bytes @ 0xE000EDF0)
T7610 001:060.943   CPU_ReadMem(4 bytes @ 0xE000EDF0)
T7610 001:061.677   CPU_ReadMem(4 bytes @ 0xE000EDF0)
T7610 001:062.450   CPU_ReadMem(4 bytes @ 0xE000EDF0)
T7610 001:063.347   CPU_ReadMem(4 bytes @ 0xE000EDF0)
T7610 001:064.075   CPU_ReadMem(4 bytes @ 0xE000EDF0)
T7610 001:064.842   CPU_ReadMem(4 bytes @ 0xE000EDF0)
T7610 001:065.574   CPU_ReadMem(4 bytes @ 0xE000EDF0)
T7610 001:066.333   CPU_ReadMem(4 bytes @ 0xE000EDF0)
T7610 001:067.081   CPU_ReadMem(4 bytes @ 0xE000EDF0)
T7610 001:067.776   CPU_ReadMem(4 bytes @ 0xE000EDF0)
T7610 001:068.458   CPU_ReadMem(4 bytes @ 0xE000EDF0)
T7610 001:069.280   CPU_ReadMem(4 bytes @ 0xE000EDF0)
T7610 001:070.066   CPU_ReadMem(4 bytes @ 0xE000EDF0)
T7610 001:070.935   CPU_ReadMem(4 bytes @ 0xE000EDF0)
T7610 001:071.728   CPU_ReadMem(4 bytes @ 0xE000EDF0)
T7610 001:072.454   CPU_ReadMem(4 bytes @ 0xE000EDF0)
T7610 001:073.263   CPU_ReadMem(4 bytes @ 0xE000EDF0)
T7610 001:074.034   CPU_ReadMem(4 bytes @ 0xE000EDF0)
T7610 001:074.818   CPU_ReadMem(4 bytes @ 0xE000EDF0)
T7610 001:075.982   CPU_ReadMem(4 bytes @ 0xE000EDF0)
T7610 001:077.628   CPU_ReadMem(4 bytes @ 0xE000EDF0)
T7610 001:078.777   CPU_ReadMem(4 bytes @ 0xE000EDF0)
T7610 001:079.725   CPU_ReadMem(4 bytes @ 0xE000EDF0)
T7610 001:080.522   CPU_ReadMem(4 bytes @ 0xE000EDF0)
T7610 001:081.282   CPU_ReadMem(4 bytes @ 0xE000EDF0)
T7610 001:082.010   CPU_ReadMem(4 bytes @ 0xE000EDF0)
T7610 001:082.750   CPU_ReadMem(4 bytes @ 0xE000EDF0)
T7610 001:083.497   CPU_ReadMem(4 bytes @ 0xE000EDF0)
T7610 001:084.279   CPU_ReadMem(4 bytes @ 0xE000EDF0)
T7610 001:084.967   CPU_ReadMem(4 bytes @ 0xE000EDF0)
T7610 001:085.634   CPU_ReadMem(4 bytes @ 0xE000EDF0)
T7610 001:086.469   CPU_ReadMem(4 bytes @ 0xE000EDF0)
T7610 001:087.265   CPU_ReadMem(4 bytes @ 0xE000EDF0)
T7610 001:088.010   CPU_ReadMem(4 bytes @ 0xE000EDF0)
T7610 001:088.717   CPU_ReadMem(4 bytes @ 0xE000EDF0)
T7610 001:089.424   CPU_ReadMem(4 bytes @ 0xE000EDF0)
T7610 001:090.208   CPU_ReadMem(4 bytes @ 0xE000EDF0)
T7610 001:090.913   CPU_ReadMem(4 bytes @ 0xE000EDF0)
T7610 001:091.679   CPU_ReadMem(4 bytes @ 0xE000EDF0)
T7610 001:092.418   CPU_ReadMem(4 bytes @ 0xE000EDF0)
T7610 001:093.215   CPU_ReadMem(4 bytes @ 0xE000EDF0)
T7610 001:093.895   CPU_ReadMem(4 bytes @ 0xE000EDF0)
T7610 001:094.668   CPU_ReadMem(4 bytes @ 0xE000EDF0)
T7610 001:095.384   CPU_ReadMem(4 bytes @ 0xE000EDF0)
T7610 001:096.107   CPU_ReadMem(4 bytes @ 0xE000EDF0)
T7610 001:096.794   CPU_ReadMem(4 bytes @ 0xE000EDF0)
T7610 001:097.499   CPU_ReadMem(4 bytes @ 0xE000EDF0)
T7610 001:098.215   CPU_ReadMem(4 bytes @ 0xE000EDF0)
T7610 001:098.931   CPU_ReadMem(4 bytes @ 0xE000EDF0)
T7610 001:099.833   CPU_ReadMem(4 bytes @ 0xE000EDF0)
T7610 001:100.578   CPU_ReadMem(4 bytes @ 0xE000EDF0)
T7610 001:101.306   CPU_ReadMem(4 bytes @ 0xE000EDF0)
T7610 001:102.022   CPU_ReadMem(4 bytes @ 0xE000EDF0)
T7610 001:102.728   CPU_ReadMem(4 bytes @ 0xE000EDF0)
T7610 001:103.622   CPU_ReadMem(4 bytes @ 0xE000EDF0)
T7610 001:104.336   CPU_ReadMem(4 bytes @ 0xE000EDF0)
T7610 001:105.024   CPU_ReadMem(4 bytes @ 0xE000EDF0)
T7610 001:105.729   CPU_ReadMem(4 bytes @ 0xE000EDF0)
T7610 001:106.414   CPU_ReadMem(4 bytes @ 0xE000EDF0)
T7610 001:107.099   CPU_ReadMem(4 bytes @ 0xE000EDF0)
T7610 001:107.803   CPU_ReadMem(4 bytes @ 0xE000EDF0)
T7610 001:108.554   CPU_ReadMem(4 bytes @ 0xE000EDF0)
T7610 001:109.302   CPU_ReadMem(4 bytes @ 0xE000EDF0)
T7610 001:110.047   CPU_ReadMem(4 bytes @ 0xE000EDF0)
T7610 001:110.797   CPU_ReadMem(4 bytes @ 0xE000EDF0)
T7610 001:111.576   CPU_ReadMem(4 bytes @ 0xE000EDF0)
T7610 001:112.342   CPU_ReadMem(4 bytes @ 0xE000EDF0)
T7610 001:113.089   CPU_ReadMem(4 bytes @ 0xE000EDF0)
T7610 001:113.759   CPU_ReadMem(4 bytes @ 0xE000EDF0)
T7610 001:114.490   CPU_ReadMem(4 bytes @ 0xE000EDF0)
T7610 001:115.405   CPU_ReadMem(4 bytes @ 0xE000EDF0)
T7610 001:116.340   CPU_ReadMem(4 bytes @ 0xE000EDF0)
T7610 001:117.349   CPU_ReadMem(4 bytes @ 0xE000EDF0)
T7610 001:118.189   CPU_ReadMem(4 bytes @ 0xE000EDF0)
T7610 001:118.989   CPU_ReadMem(4 bytes @ 0xE000EDF0)
T7610 001:119.850   CPU_ReadMem(4 bytes @ 0xE000EDF0)
T7610 001:120.532   CPU_ReadMem(4 bytes @ 0xE000EDF0)
T7610 001:121.207   CPU_ReadMem(4 bytes @ 0xE000EDF0)
T7610 001:121.880   CPU_ReadMem(4 bytes @ 0xE000EDF0)
T7610 001:122.611   CPU_ReadMem(4 bytes @ 0xE000EDF0)
T7610 001:123.472   CPU_ReadMem(4 bytes @ 0xE000EDF0)
T7610 001:124.236   CPU_ReadMem(4 bytes @ 0xE000EDF0)
T7610 001:124.935   CPU_ReadMem(4 bytes @ 0xE000EDF0)
T7610 001:125.673   CPU_ReadMem(4 bytes @ 0xE000EDF0)
T7610 001:126.348   Reset: CPU may have not been reset (DHCSR.S_RESET_ST never gets set).
T7610 001:126.416   CPU_WriteMem(4 bytes @ 0xE0002000)
T7610 001:127.241   CPU_ReadMem(4 bytes @ 0xE000EDFC)
T7610 001:127.932   CPU_ReadMem(4 bytes @ 0xE0001000)
T7610 001:128.691   CPU_WriteMem(4 bytes @ 0xE0001000)
T7610 001:129.492   CPU_ReadMem(4 bytes @ 0xE000EE08)
T7610 001:130.736 - 936.022ms 
T7610 001:131.096 JLINK_IsHalted()
T7610 001:131.155 - 0.059ms returns TRUE
T7610 001:131.869 JLINK_IsHalted()
T7610 001:131.935 - 0.066ms returns TRUE
T7610 001:131.992 JLINK_MeasureCPUSpeed(RAMAddr = 0xFFFFFFFF)
T7610 001:132.049   CPU_ReadMem(16 bytes @ 0x08000000)
T7610 001:133.666   CPU_ReadMem(4 bytes @ 0xE000EDFC)
T7610 001:134.412   CPU_ReadMem(4 bytes @ 0xE0001000)
T7610 001:135.129   CPU_ReadMem(64 bytes @ 0x08000000)
T7610 001:136.229    -- Updating C cache (64 bytes @ 0x08000000)
T7610 001:136.314    -- Read from C cache (6 bytes @ 0x08000000)
T7610 001:136.365   CPU_ReadMem(4 bytes @ 0xE0043004)
T7610 001:136.955   CPU_ReadMem(4 bytes @ 0xE000ED90)
T7610 001:137.533   CPU_ReadMem(4 bytes @ 0xE000ED94)
T7610 001:138.173   CPU_WriteMem(16 bytes @ 0x08000000)
T7610 001:138.845   CPU_WriteMem(6 bytes @ 0x08000000)
T7610 001:139.524   CPU_ReadMem(64 bytes @ 0x08000000)
T7610 001:140.580    -- Updating C cache (64 bytes @ 0x08000000)
T7610 001:140.651    -- Read from C cache (6 bytes @ 0x08000000)
T7610 001:140.700   CPU_ReadMem(4 bytes @ 0xE000EE08)
T7610 001:141.314   CPU_WriteMem(4 bytes @ 0xE0002008)
T7610 001:141.381   CPU_WriteMem(4 bytes @ 0xE000200C)
T7610 001:141.428   CPU_WriteMem(4 bytes @ 0xE0002010)
T7610 001:141.473   CPU_WriteMem(4 bytes @ 0xE0002014)
T7610 001:141.518   CPU_WriteMem(4 bytes @ 0xE0002018)
T7610 001:141.563   CPU_WriteMem(4 bytes @ 0xE000201C)
T7610 001:141.608   CPU_WriteMem(4 bytes @ 0xE0002020)
T7610 001:141.653   CPU_WriteMem(4 bytes @ 0xE0002024)
T7610 001:146.950   CPU_WriteMem(4 bytes @ 0xE0001004)
T7610 001:155.527   CPU_ReadMem(4 bytes @ 0xE0001004)
T7610 001:156.303   CPU_ReadMem(4 bytes @ 0xE000EE08)
T7610 001:157.054   CPU_WriteMem(4 bytes @ 0xE0002008)
T7610 001:157.750   CPU_WriteMem(4 bytes @ 0xE000200C)
T7610 001:158.439   CPU_WriteMem(4 bytes @ 0xE0002010)
T7610 001:159.091   CPU_WriteMem(4 bytes @ 0xE0002014)
T7610 001:159.760   CPU_WriteMem(4 bytes @ 0xE0002018)
T7610 001:160.467   CPU_WriteMem(4 bytes @ 0xE000201C)
T7610 001:161.100   CPU_WriteMem(4 bytes @ 0xE0002020)
T7610 001:161.860   CPU_WriteMem(4 bytes @ 0xE0002024)
T7610 001:162.540   CPU_ReadMem(4 bytes @ 0xE000EE08)
T7610 001:163.218   CPU_ReadMem(4 bytes @ 0xE000EE08)
T7610 001:163.914   CPU_WriteMem(4 bytes @ 0xE0001004)
T7610 001:192.576   CPU_ReadMem(4 bytes @ 0xE0001004)
T7610 001:193.374   CPU_WriteMem(6 bytes @ 0x08000000)
T7610 001:194.141   ClockFreq: 159982496 Hz
T7610 001:194.200 - 62.208ms returns 159982496
T7610 001:194.401 JLINK_ReadReg(XPSR)
T7610 001:194.440   CPU_ReadMem(4 bytes @ 0xE000EE08)
T7610 001:195.284 - 0.882ms returns 0x89000000
T2914 004:951.798 JLINK_BeginDownload(Flags = 0x00000000)
T2914 004:951.922 - 0.124ms 
T2914 005:020.389 JLINK_WriteMem(0x0A000000, 0xBE0 Bytes, ...)
T2914 005:020.504   Data:  50 70 00 20 00 00 00 20 00 00 EB 00 A5 A8 16 06 ...
T2914 005:020.969   completely In flash
T2914 005:021.090 - 0.702ms returns 0xBE0
T2914 005:022.385 JLINK_WriteMem(0x0A000BE0, 0xBE0 Bytes, ...)
T2914 005:022.507   Data:  FF FF FF FF FF FF FF FF FF FF FF FF FF FF FF FF ...
T2914 005:022.609   completely In flash
T2914 005:022.685 - 0.301ms returns 0xBE0
T2914 005:023.978 JLINK_WriteMem(0x0A0017C0, 0xBE0 Bytes, ...)
T2914 005:024.077   Data:  FF FF FF FF FF FF FF FF FF FF FF FF FF FF FF FF ...
T2914 005:024.167   completely In flash
T2914 005:024.241 - 0.264ms returns 0xBE0
T2914 005:025.372 JLINK_WriteMem(0x0A0023A0, 0xBE0 Bytes, ...)
T2914 005:025.462   Data:  FF FF FF FF FF FF FF FF FF FF FF FF FF FF FF FF ...
T2914 005:025.574   completely In flash
T2914 005:025.656 - 0.284ms returns 0xBE0
T2914 005:026.935 JLINK_WriteMem(0x0A002F80, 0xBE0 Bytes, ...)
T2914 005:027.034   Data:  00 00 00 00 00 00 00 00 00 00 00 00 00 00 00 00 ...
T2914 005:027.132   completely In flash
T2914 005:027.215 - 0.281ms returns 0xBE0
T2914 005:028.523 JLINK_WriteMem(0x0A003B60, 0xBC0 Bytes, ...)
T2914 005:028.621   Data:  C0 14 17 00 87 00 00 00 CE 14 17 00 08 00 00 00 ...
T2914 005:028.697   completely In flash
T2914 005:028.772 - 0.249ms returns 0xBC0
T2914 005:030.146 JLINK_WriteMem(0x0A004720, 0xBD0 Bytes, ...)
T2914 005:030.266   Data:  61 27 17 00 1D 00 00 00 76 27 17 00 17 00 00 00 ...
T2914 005:030.390   completely In flash
T2914 005:030.471 - 0.326ms returns 0xBD0
T2914 005:031.999 JLINK_WriteMem(0x0A0052F0, 0xBE0 Bytes, ...)
T2914 005:032.147   Data:  70 6D 48 58 47 30 38 6E 4F 67 79 4A 72 48 46 6F ...
T2914 005:032.233   completely In flash
T2914 005:032.319 - 0.321ms returns 0xBE0
T2914 005:033.881 JLINK_WriteMem(0x0A005ED0, 0xBD0 Bytes, ...)
T2914 005:034.038   Data:  55 04 09 00 00 00 00 00 00 00 00 00 B0 DF 17 00 ...
T2914 005:034.136   completely In flash
T2914 005:034.220 - 0.342ms returns 0xBD0
T2914 005:035.553 JLINK_WriteMem(0x0A006AA0, 0xBE0 Bytes, ...)
T2914 005:035.680   Data:  00 00 00 00 3C 14 00 00 00 00 00 00 00 00 00 00 ...
T2914 005:035.771   completely In flash
T2914 005:035.852 - 0.300ms returns 0xBE0
T2914 005:037.229 JLINK_WriteMem(0x0A007680, 0xB40 Bytes, ...)
T2914 005:037.369   Data:  F4 96 21 00 F8 96 21 00 FC 96 21 00 00 97 21 00 ...
T2914 005:037.501   completely In flash
T2914 005:037.588 - 0.360ms returns 0xB40
T2914 005:039.172 JLINK_WriteMem(0x0A0081C0, 0xBA0 Bytes, ...)
T2914 005:039.297   Data:  00 00 00 00 00 00 00 00 00 00 00 00 00 00 00 00 ...
T2914 005:039.382   completely In flash
T2914 005:039.465 - 0.294ms returns 0xBA0
T2914 005:041.115 JLINK_WriteMem(0x0A008D60, 0xBA0 Bytes, ...)
T2914 005:041.258   Data:  4F F0 FF 30 FA E7 00 BF 1C A8 04 20 10 B5 82 68 ...
T2914 005:041.355   completely In flash
T2914 005:041.452 - 0.338ms returns 0xBA0
T2914 005:043.572 JLINK_WriteMem(0x0A009900, 0xBB0 Bytes, ...)
T2914 005:043.711   Data:  B9 80 85 68 05 21 AE 20 0D F1 05 02 A8 47 48 B1 ...
T2914 005:043.848   completely In flash
T2914 005:043.941 - 0.371ms returns 0xBB0
T2914 005:045.511 JLINK_WriteMem(0x0A00A4B0, 0xB30 Bytes, ...)
T2914 005:045.670   Data:  FF F7 D4 FE 55 E0 19 20 0B F1 E4 FB 01 21 2C 48 ...
T2914 005:045.775   completely In flash
T2914 005:045.862 - 0.352ms returns 0xB30
T2914 005:047.652 JLINK_WriteMem(0x0A00AFE0, 0xB90 Bytes, ...)
T2914 005:047.939   Data:  C2 F3 40 03 43 EA 81 03 C2 F3 00 11 43 EA C1 03 ...
T2914 005:048.071   completely In flash
T2914 005:048.150 - 0.498ms returns 0xB90
T2914 005:050.110 JLINK_WriteMem(0x0A00BB70, 0xBA0 Bytes, ...)
T2914 005:050.221   Data:  2D E9 F3 47 31 4D 8D F8 07 10 28 68 4F F0 FF 31 ...
T2914 005:050.286   completely In flash
T2914 005:050.342 - 0.233ms returns 0xBA0
T2914 005:051.619 JLINK_WriteMem(0x0A00C710, 0xBC0 Bytes, ...)
T2914 005:051.743   Data:  00 23 70 B5 0C 4E 0A 46 0C 46 21 21 05 46 33 60 ...
T2914 005:051.832   completely In flash
T2914 005:051.909 - 0.292ms returns 0xBC0
T2914 005:053.394 JLINK_WriteMem(0x0A00D2D0, 0xB90 Bytes, ...)
T2914 005:053.513   Data:  50 F8 04 BB BB F1 00 0F 1C D1 0A 78 12 F0 02 02 ...
T2914 005:053.611   completely In flash
T2914 005:053.701 - 0.307ms returns 0xB90
T2914 005:055.070 JLINK_WriteMem(0x0A00DE60, 0xBB0 Bytes, ...)
T2914 005:055.204   Data:  0E F0 22 FF 03 68 06 46 9C 42 B8 BF 1C 46 4F F4 ...
T2914 005:055.307   completely In flash
T2914 005:055.397 - 0.328ms returns 0xBB0
T2914 005:056.735 JLINK_WriteMem(0x0A00EA10, 0xBC0 Bytes, ...)
T2914 005:056.817   Data:  21 F0 39 FA 20 46 1F F0 5C FE 05 46 1F F0 13 FB ...
T2914 005:056.878   completely In flash
T2914 005:056.938 - 0.204ms returns 0xBC0
T2914 005:058.062 JLINK_WriteMem(0x0A00F5D0, 0xBC0 Bytes, ...)
T2914 005:058.139   Data:  1A 44 13 46 07 9A 13 44 05 9A 13 44 C0 1A 78 43 ...
T2914 005:058.212   completely In flash
T2914 005:058.270 - 0.208ms returns 0xBC0
T2914 005:059.457 JLINK_WriteMem(0x0A010190, 0xBB0 Bytes, ...)
T2914 005:059.539   Data:  0C F0 39 FA 04 B0 BD E8 F0 81 6E 22 00 21 20 46 ...
T2914 005:059.601   completely In flash
T2914 005:059.660 - 0.204ms returns 0xBB0
T2914 005:060.897 JLINK_WriteMem(0x0A010D40, 0xBB0 Bytes, ...)
T2914 005:060.988   Data:  A0 F1 1A 03 9B B2 01 2B 06 46 00 F2 CF 81 28 46 ...
T2914 005:061.051   completely In flash
T2914 005:061.109 - 0.213ms returns 0xBB0
T2914 005:062.342 JLINK_WriteMem(0x0A0118F0, 0xBC0 Bytes, ...)
T2914 005:062.422   Data:  00 22 E3 6A 03 F8 09 20 65 63 AB E6 ED 1B 9F E7 ...
T2914 005:062.485   completely In flash
T2914 005:062.540 - 0.199ms returns 0xBC0
T2914 005:063.674 JLINK_WriteMem(0x0A0124B0, 0xBC0 Bytes, ...)
T2914 005:063.747   Data:  10 05 04 F1 34 00 0A F0 C8 F8 0C 4A 04 F1 50 00 ...
T2914 005:063.809   completely In flash
T2914 005:063.865 - 0.192ms returns 0xBC0
T2914 005:065.565 JLINK_WriteMem(0x0A013070, 0xBB0 Bytes, ...)
T2914 005:065.722   Data:  D9 FF 01 90 0D F0 EA FA 5C 22 07 46 00 21 20 46 ...
T2914 005:065.815   completely In flash
T2914 005:065.973 - 0.408ms returns 0xBB0
T2914 005:067.254 JLINK_WriteMem(0x0A013C20, 0xBC0 Bytes, ...)
T2914 005:067.371   Data:  05 9A E1 6A 0B A8 0A F0 F6 FB 19 A8 18 F0 FA FB ...
T2914 005:067.467   completely In flash
T2914 005:067.549 - 0.295ms returns 0xBC0
T2914 005:068.693 JLINK_WriteMem(0x0A0147E0, 0xBB0 Bytes, ...)
T2914 005:068.788   Data:  76 F9 03 90 20 46 1B F0 82 F9 04 90 28 A8 18 F0 ...
T2914 005:068.878   completely In flash
T2914 005:068.961 - 0.269ms returns 0xBB0
T2914 005:070.080 JLINK_WriteMem(0x0A015390, 0xBC0 Bytes, ...)
T2914 005:070.165   Data:  9C DB 1B 00 FE D8 18 00 2D E9 F0 47 07 F0 7C FC ...
T2914 005:070.226   completely In flash
T2914 005:070.282 - 0.203ms returns 0xBC0
T2914 005:071.587 JLINK_WriteMem(0x0A015F50, 0xBB0 Bytes, ...)
T2914 005:071.679   Data:  0E 46 19 F0 D7 FA 01 28 1B D1 30 46 06 F0 A0 FE ...
T2914 005:071.742   completely In flash
T2914 005:071.801 - 0.215ms returns 0xBB0
T2914 005:072.844 JLINK_WriteMem(0x0A016B00, 0xBC0 Bytes, ...)
T2914 005:072.959   Data:  91 FA 13 22 80 46 00 21 01 90 28 46 1B F0 8A FA ...
T2914 005:073.030   completely In flash
T2914 005:073.090 - 0.246ms returns 0xBC0
T2914 005:074.090 JLINK_WriteMem(0x0A0176C0, 0xBE0 Bytes, ...)
T2914 005:074.173   Data:  D7 FA 4F F4 40 31 80 46 20 46 FF F7 D8 FA 4D 45 ...
T2914 005:074.234   completely In flash
T2914 005:074.294 - 0.204ms returns 0xBE0
T2914 005:075.485 JLINK_WriteMem(0x0A0182A0, 0xBA0 Bytes, ...)
T2914 005:075.592   Data:  05 F5 4A 76 04 22 20 46 05 F1 7C 01 1A F0 08 FA ...
T2914 005:075.681   completely In flash
T2914 005:075.765 - 0.280ms returns 0xBA0
T2914 005:077.009 JLINK_WriteMem(0x0A018E40, 0xB70 Bytes, ...)
T2914 005:077.129   Data:  B1 FE 40 46 FF F7 68 FC 39 46 40 46 04 F0 FE FF ...
T2914 005:077.218   completely In flash
T2914 005:077.297 - 0.289ms returns 0xB70
T2914 005:078.631 JLINK_WriteMem(0x0A0199B0, 0xB70 Bytes, ...)
T2914 005:078.732   Data:  17 76 04 F0 1F FA 30 46 FE F7 AE FE 94 F8 28 30 ...
T2914 005:078.823   completely In flash
T2914 005:078.904 - 0.274ms returns 0xB70
T2914 005:080.150 JLINK_WriteMem(0x0A01A520, 0xBA0 Bytes, ...)
T2914 005:080.244   Data:  01 0B 78 28 82 DC 61 28 38 DC 25 28 3F F4 7E AF ...
T2914 005:080.327   completely In flash
T2914 005:080.411 - 0.262ms returns 0xBA0
T2914 005:082.489 JLINK_WriteMem(0x0A01B0C0, 0xBC0 Bytes, ...)
T2914 005:082.617   Data:  38 B5 05 46 48 B1 FE F7 D9 FF 04 46 18 B1 2A 46 ...
T2914 005:082.706   completely In flash
T2914 005:082.789 - 0.301ms returns 0xBC0
T2914 005:084.124 JLINK_WriteMem(0x0A01BC80, 0xBC0 Bytes, ...)
T2914 005:084.249   Data:  63 6A E2 6A E0 63 C4 E9 0B 31 62 62 CB E7 00 2B ...
T2914 005:084.341   completely In flash
T2914 005:084.423 - 0.300ms returns 0xBC0
T2914 005:085.431 JLINK_WriteMem(0x0A01C840, 0xBC0 Bytes, ...)
T2914 005:085.525   Data:  03 F4 78 43 13 43 C0 F3 C4 00 18 44 82 B0 80 B2 ...
T2914 005:085.612   completely In flash
T2914 005:085.692 - 0.261ms returns 0xBC0
T2914 005:086.716 JLINK_WriteMem(0x0A01D400, 0xBA0 Bytes, ...)
T2914 005:086.807   Data:  04 46 EF E7 00 24 ED E7 4F F4 80 64 EA E7 00 28 ...
T2914 005:086.950   completely In flash
T2914 005:087.011 - 0.295ms returns 0xBA0
T2914 005:088.301 JLINK_WriteMem(0x0A01DFA0, 0xBB0 Bytes, ...)
T2914 005:088.416   Data:  38 BD FF F7 71 FF 01 28 38 BF 01 20 01 35 52 FA ...
T2914 005:088.507   completely In flash
T2914 005:088.582 - 0.281ms returns 0xBB0
T2914 005:089.869 JLINK_WriteMem(0x0A01EB50, 0xBD0 Bytes, ...)
T2914 005:089.979   Data:  06 F6 03 FA 08 F3 70 1E 01 3C 01 3B 48 44 4C 44 ...
T2914 005:090.051   completely In flash
T2914 005:090.109 - 0.241ms returns 0xBD0
T2914 005:091.302 JLINK_WriteMem(0x0A01F720, 0xBB0 Bytes, ...)
T2914 005:091.418   Data:  33 44 6B 61 EB 69 33 44 EB 61 AB 69 3B 44 AB 61 ...
T2914 005:091.510   completely In flash
T2914 005:091.592 - 0.291ms returns 0xBB0
T2914 005:092.852 JLINK_WriteMem(0x0A0202D0, 0xBB0 Bytes, ...)
T2914 005:092.944   Data:  70 B5 04 46 16 46 1D 46 00 22 12 F0 C1 FD 31 46 ...
T2914 005:093.033   completely In flash
T2914 005:093.089 - 0.238ms returns 0xBB0
T2914 005:094.427 JLINK_WriteMem(0x0A020E80, 0xBD0 Bytes, ...)
T2914 005:094.599   Data:  FB F7 E6 FD 06 9B 8D F8 24 00 13 F8 09 20 0B EB ...
T2914 005:094.697   completely In flash
T2914 005:094.804 - 0.377ms returns 0xBD0
T2914 005:096.163 JLINK_WriteMem(0x0A021A50, 0xBD0 Bytes, ...)
T2914 005:096.262   Data:  29 FF B0 B9 01 98 63 7B 20 60 00 98 8D F8 07 30 ...
T2914 005:096.461   completely In flash
T2914 005:096.553 - 0.390ms returns 0xBD0
T2914 005:097.979 JLINK_WriteMem(0x0A022620, 0xBD0 Bytes, ...)
T2914 005:098.122   Data:  7F F7 32 AD 00 27 16 E0 EB 5D 8D F8 1E 30 8D F8 ...
T2914 005:098.200   completely In flash
T2914 005:098.272 - 0.294ms returns 0xBD0
T2914 005:099.971 JLINK_WriteMem(0x0A0231F0, 0xBC0 Bytes, ...)
T2914 005:100.082   Data:  4F F0 00 09 61 E0 D9 F8 00 00 F9 F7 40 FC 01 9B ...
T2914 005:100.180   completely In flash
T2914 005:100.266 - 0.295ms returns 0xBC0
T2914 005:101.629 JLINK_WriteMem(0x0A023DB0, 0xBD0 Bytes, ...)
T2914 005:101.744   Data:  01 34 01 9B A3 42 02 DC 09 B0 BD E8 F0 8F 00 27 ...
T2914 005:101.838   completely In flash
T2914 005:101.923 - 0.295ms returns 0xBD0
T2914 005:104.867 JLINK_WriteMem(0x0A024980, 0xBC0 Bytes, ...)
T2914 005:105.084   Data:  A8 BF 4F F0 00 08 D0 44 04 EB 48 0A B8 45 35 DB ...
T2914 005:105.179   completely In flash
T2914 005:105.265 - 0.398ms returns 0xBC0
T2914 005:108.629 JLINK_WriteMem(0x0A025540, 0xBD0 Bytes, ...)
T2914 005:108.783   Data:  25 E0 39 46 30 46 FE F7 C9 FF 40 42 C0 B2 FE F7 ...
T2914 005:108.887   completely In flash
T2914 005:108.975 - 0.347ms returns 0xBD0
T2914 005:110.679 JLINK_WriteMem(0x0A026110, 0xBB0 Bytes, ...)
T2914 005:110.918   Data:  19 44 02 9B 5B 45 EF DC 04 9B 4F 44 56 44 1D 44 ...
T2914 005:111.012   completely In flash
T2914 005:111.094 - 0.415ms returns 0xBB0
T2914 005:112.609 JLINK_WriteMem(0x0A026CC0, 0xBC0 Bytes, ...)
T2914 005:112.731   Data:  00 E0 13 F0 04 0F 03 F0 1F 01 12 BF 33 46 0B EB ...
T2914 005:112.910   completely In flash
T2914 005:112.992 - 0.385ms returns 0xBC0
T2914 005:114.637 JLINK_WriteMem(0x0A027880, 0xBB0 Bytes, ...)
T2914 005:114.839   Data:  07 93 F4 F7 EE FC 07 9B B8 F1 00 0F 33 95 13 DD ...
T2914 005:114.997   completely In flash
T2914 005:115.080 - 0.446ms returns 0xBB0
T2914 005:116.705 JLINK_WriteMem(0x0A028430, 0xBC0 Bytes, ...)
T2914 005:116.824   Data:  07 9A 18 AE 11 46 30 46 01 3B F3 F7 73 FD 07 9B ...
T2914 005:116.911   completely In flash
T2914 005:116.991 - 0.287ms returns 0xBC0
T2914 005:118.301 JLINK_WriteMem(0x0A028FF0, 0xBA0 Bytes, ...)
T2914 005:118.396   Data:  18 EB 05 0F E0 D4 51 1A 21 EA E1 71 A9 42 DB DA ...
T2914 005:118.456   completely In flash
T2914 005:118.513 - 0.212ms returns 0xBA0
T2914 005:119.532 JLINK_WriteMem(0x0A029B90, 0xBB0 Bytes, ...)
T2914 005:119.607   Data:  00 21 C8 F1 01 03 02 93 4F EA A8 03 06 93 8B 46 ...
T2914 005:119.666   completely In flash
T2914 005:119.721 - 0.189ms returns 0xBB0
T2914 005:120.729 JLINK_WriteMem(0x0A02A740, 0xBB0 Bytes, ...)
T2914 005:120.796   Data:  12 9B 13 B1 0B 9A 13 44 12 93 18 9B 01 33 18 93 ...
T2914 005:120.856   completely In flash
T2914 005:120.911 - 0.182ms returns 0xBB0
T2914 005:121.860 JLINK_WriteMem(0x0A02B2F0, 0xBC0 Bytes, ...)
T2914 005:121.932   Data:  00 2D F4 D0 AB 6C 01 2B 32 D1 95 F8 50 30 0B B1 ...
T2914 005:121.989   completely In flash
T2914 005:122.125 - 0.265ms returns 0xBC0
T2914 005:123.330 JLINK_WriteMem(0x0A02BEB0, 0xBB0 Bytes, ...)
T2914 005:123.410   Data:  5F 44 01 36 ED E7 00 20 A6 E7 00 BF 6D 16 1C 00 ...
T2914 005:123.469   completely In flash
T2914 005:123.529 - 0.198ms returns 0xBB0
T2914 005:124.508 JLINK_WriteMem(0x0A02CA60, 0xBA0 Bytes, ...)
T2914 005:124.603   Data:  07 23 84 F8 2D 30 40 23 84 F8 2C 00 C0 F3 07 40 ...
T2914 005:124.689   completely In flash
T2914 005:124.768 - 0.260ms returns 0xBA0
T2914 005:125.791 JLINK_WriteMem(0x0A02D600, 0xBC0 Bytes, ...)
T2914 005:125.875   Data:  90 F8 F0 32 03 F0 05 03 01 2B 01 D1 40 68 70 47 ...
T2914 005:125.959   completely In flash
T2914 005:126.040 - 0.249ms returns 0xBC0
T2914 005:127.218 JLINK_WriteMem(0x0A02E1C0, 0xBC0 Bytes, ...)
T2914 005:127.331   Data:  08 C0 D4 45 0B D1 D2 F8 04 C0 06 99 0C F4 7F 02 ...
T2914 005:127.420   completely In flash
T2914 005:127.501 - 0.282ms returns 0xBC0
T2914 005:128.879 JLINK_WriteMem(0x0A02ED80, 0xBC0 Bytes, ...)
T2914 005:128.958   Data:  84 F8 3B 30 84 F8 48 30 84 F8 58 30 84 F8 6C 30 ...
T2914 005:129.029   completely In flash
T2914 005:129.088 - 0.210ms returns 0xBC0
T2914 005:130.172 JLINK_WriteMem(0x0A02F940, 0xBC0 Bytes, ...)
T2914 005:130.277   Data:  01 28 04 D1 01 9B A3 42 03 D1 03 B0 30 BD 00 28 ...
T2914 005:130.363   completely In flash
T2914 005:130.443 - 0.272ms returns 0xBC0
T2914 005:131.440 JLINK_WriteMem(0x0A030500, 0xBC0 Bytes, ...)
T2914 005:131.534   Data:  01 F0 90 FD 39 46 02 46 0A 90 00 9B 28 46 FF F7 ...
T2914 005:131.619   completely In flash
T2914 005:131.700 - 0.260ms returns 0xBC0
T2914 005:133.052 JLINK_WriteMem(0x0A0310C0, 0xBC0 Bytes, ...)
T2914 005:133.159   Data:  38 BD 20 46 FF F7 E4 FE F1 E7 20 46 FF F7 E5 FE ...
T2914 005:133.245   completely In flash
T2914 005:133.327 - 0.275ms returns 0xBC0
T2914 005:134.605 JLINK_WriteMem(0x0A031C80, 0xBC0 Bytes, ...)
T2914 005:134.693   Data:  00 2D 14 DA 00 2E 12 DD 69 42 B1 42 43 46 3A 46 ...
T2914 005:134.751   completely In flash
T2914 005:134.807 - 0.202ms returns 0xBC0
T2914 005:135.957 JLINK_WriteMem(0x0A032840, 0xBB0 Bytes, ...)
T2914 005:136.061   Data:  63 8D 01 35 05 F0 3F 05 65 F3 09 13 63 85 03 F4 ...
T2914 005:136.153   completely In flash
T2914 005:136.241 - 0.285ms returns 0xBB0
T2914 005:137.377 JLINK_WriteMem(0x0A0333F0, 0xBC0 Bytes, ...)
T2914 005:137.496   Data:  20 46 FC F7 5B F8 07 AE 02 46 01 46 0B A8 E8 F7 ...
T2914 005:137.588   completely In flash
T2914 005:137.670 - 0.293ms returns 0xBC0
T2914 005:138.885 JLINK_WriteMem(0x0A033FB0, 0xBC0 Bytes, ...)
T2914 005:138.980   Data:  8C E8 0F 00 01 37 20 69 7B B2 9E 42 29 46 00 F5 ...
T2914 005:139.068   completely In flash
T2914 005:139.151 - 0.266ms returns 0xBC0
T2914 005:140.313 JLINK_WriteMem(0x0A034B70, 0xBC0 Bytes, ...)
T2914 005:140.402   Data:  1B FA 41 4C C7 21 20 60 FA F7 DA FE 20 68 D7 21 ...
T2914 005:140.461   completely In flash
T2914 005:140.519 - 0.206ms returns 0xBC0
T2914 005:141.563 JLINK_WriteMem(0x0A035730, 0xBB0 Bytes, ...)
T2914 005:141.641   Data:  75 EE 16 00 28 AB 05 20 7D EE 16 00 D6 D0 05 20 ...
T2914 005:141.701   completely In flash
T2914 005:141.756 - 0.194ms returns 0xBB0
T2914 005:142.776 JLINK_WriteMem(0x0A0362E0, 0xBB0 Bytes, ...)
T2914 005:142.845   Data:  F8 BE 1F 00 00 01 00 60 38 FC 05 20 38 C0 1F 00 ...
T2914 005:142.906   completely In flash
T2914 005:142.962 - 0.187ms returns 0xBB0
T2914 005:144.254 JLINK_WriteMem(0x0A036E90, 0xBB0 Bytes, ...)
T2914 005:144.367   Data:  01 2B 7F F4 A2 AD 0D F0 E5 FF 04 21 0D F0 CE FD ...
T2914 005:144.453   completely In flash
T2914 005:144.541 - 0.288ms returns 0xBB0
T2914 005:145.564 JLINK_WriteMem(0x0A037A40, 0xBC0 Bytes, ...)
T2914 005:145.648   Data:  DF FB 00 28 40 F0 B0 81 32 21 09 20 FF F7 AC FC ...
T2914 005:145.706   completely In flash
T2914 005:145.762 - 0.199ms returns 0xBC0
T2914 005:146.817 JLINK_WriteMem(0x0A038600, 0xBC0 Bytes, ...)
T2914 005:146.951   Data:  5E 04 17 00 E9 FF 16 00 37 03 17 00 93 03 17 00 ...
T2914 005:147.067   completely In flash
T2914 005:147.148 - 0.331ms returns 0xBC0
T2914 005:148.851 JLINK_WriteMem(0x0A0391C0, 0xBB0 Bytes, ...)
T2914 005:149.016   Data:  6D FB 01 28 05 D1 01 98 05 78 0D 2D 0A D1 DA F0 ...
T2914 005:149.105   completely In flash
T2914 005:149.204 - 0.355ms returns 0xBB0
T2914 005:150.677 JLINK_WriteMem(0x0A039D70, 0xBC0 Bytes, ...)
T2914 005:150.813   Data:  67 0A 17 00 71 0A 17 00 7E 0A 17 00 8F 0A 17 00 ...
T2914 005:150.909   completely In flash
T2914 005:151.056 - 0.380ms returns 0xBC0
T2914 005:152.406 JLINK_WriteMem(0x0A03A930, 0xBC0 Bytes, ...)
T2914 005:152.533   Data:  05 46 00 28 F8 D0 21 46 54 F8 04 2C 31 F1 60 F8 ...
T2914 005:152.619   completely In flash
T2914 005:152.699 - 0.294ms returns 0xBC0
T2914 005:154.178 JLINK_WriteMem(0x0A03B4F0, 0xBB0 Bytes, ...)
T2914 005:154.302   Data:  98 42 3F F4 F1 AE BF D9 B0 F5 69 1F 48 D0 1A 4B ...
T2914 005:154.383   completely In flash
T2914 005:154.459 - 0.281ms returns 0xBB0
T2914 005:155.642 JLINK_WriteMem(0x0A03C0A0, 0xBA0 Bytes, ...)
T2914 005:155.762   Data:  71 B1 58 F8 09 00 0B 68 D4 F8 8C 20 98 42 4F EA ...
T2914 005:155.849   completely In flash
T2914 005:155.929 - 0.288ms returns 0xBA0
T2914 005:157.105 JLINK_WriteMem(0x0A03CC40, 0xBC0 Bytes, ...)
T2914 005:157.210   Data:  D9 E7 00 BF E4 D4 1F 00 53 0E 17 00 04 D5 1F 00 ...
T2914 005:157.293   completely In flash
T2914 005:157.372 - 0.267ms returns 0xBC0
T2914 005:158.532 JLINK_WriteMem(0x0A03D800, 0xBB0 Bytes, ...)
T2914 005:158.645   Data:  00 2D F3 D0 93 F8 04 80 D5 F8 80 00 08 F0 1F 08 ...
T2914 005:158.729   completely In flash
T2914 005:158.806 - 0.275ms returns 0xBB0
T2914 005:159.817 JLINK_WriteMem(0x0A03E3B0, 0xBC0 Bytes, ...)
T2914 005:159.917   Data:  A9 B0 00 28 72 D0 00 29 70 D0 00 2A 6E D0 00 2B ...
T2914 005:159.999   completely In flash
T2914 005:160.074 - 0.258ms returns 0xBC0
T2914 005:160.986 JLINK_WriteMem(0x0A03EF70, 0xBD0 Bytes, ...)
T2914 005:161.083   Data:  C0 FE B7 F5 80 7F 05 90 00 F2 FF 80 00 9B B3 F5 ...
T2914 005:161.166   completely In flash
T2914 005:161.247 - 0.261ms returns 0xBD0
T2914 005:162.213 JLINK_WriteMem(0x0A03FB40, 0xBD0 Bytes, ...)
T2914 005:162.313   Data:  41 04 F0 00 46 04 F0 00 12 04 F0 00 13 04 F0 00 ...
T2914 005:162.395   completely In flash
T2914 005:162.475 - 0.262ms returns 0xBD0
T2914 005:163.798 JLINK_WriteMem(0x0A040710, 0xBD0 Bytes, ...)
T2914 005:163.898   Data:  41 D1 2B 46 1D 46 00 2E 4D D0 43 46 5A 46 48 46 ...
T2914 005:163.960   completely In flash
T2914 005:164.037 - 0.239ms returns 0xBD0
T2914 005:165.482 JLINK_WriteMem(0x0A0412E0, 0xBA0 Bytes, ...)
T2914 005:165.692   Data:  F9 D0 00 F0 81 F8 05 46 00 28 F4 D1 23 68 01 2B ...
T2914 005:165.790   completely In flash
T2914 005:165.871 - 0.389ms returns 0xBA0
T2914 005:166.905 JLINK_WriteMem(0x0A041E80, 0xBA0 Bytes, ...)
T2914 005:166.995   Data:  21 46 89 46 24 4B C3 E9 00 49 27 F0 C3 F8 06 46 ...
T2914 005:167.121   completely In flash
T2914 005:167.180 - 0.276ms returns 0xBA0
T2914 005:168.081 JLINK_WriteMem(0x0A042A20, 0xBB0 Bytes, ...)
T2914 005:168.154   Data:  D0 69 A0 42 08 D1 2C 22 02 FB 03 11 01 23 0B 62 ...
T2914 005:168.214   completely In flash
T2914 005:168.269 - 0.188ms returns 0xBB0
T2914 005:169.229 JLINK_WriteMem(0x0A0435D0, 0xBB0 Bytes, ...)
T2914 005:169.309   Data:  D5 F8 F4 30 C0 B2 98 42 85 F8 FC 00 04 D3 01 F0 ...
T2914 005:169.367   completely In flash
T2914 005:169.425 - 0.196ms returns 0xBB0
T2914 005:170.239 JLINK_WriteMem(0x0A044180, 0xBC0 Bytes, ...)
T2914 005:170.331   Data:  05 F5 8D 70 13 70 21 6B 01 90 A9 B9 E9 22 27 49 ...
T2914 005:170.413   completely In flash
T2914 005:170.492 - 0.254ms returns 0xBC0
T2914 005:171.610 JLINK_WriteMem(0x0A044D40, 0xBB0 Bytes, ...)
T2914 005:171.695   Data:  05 44 95 F8 63 20 32 70 83 F3 10 88 20 46 70 BD ...
T2914 005:171.760   completely In flash
T2914 005:171.830 - 0.220ms returns 0xBB0
T2914 005:172.655 JLINK_WriteMem(0x0A0458F0, 0xBC0 Bytes, ...)
T2914 005:172.717   Data:  13 B1 00 6D 89 08 18 47 70 47 08 B5 83 6D 3B B1 ...
T2914 005:172.776   completely In flash
T2914 005:172.830 - 0.175ms returns 0xBC0
T2914 005:173.717 JLINK_WriteMem(0x0A0464B0, 0xBC0 Bytes, ...)
T2914 005:173.789   Data:  30 D9 13 78 8D F8 0C 30 14 3B 03 2B 2A D8 53 78 ...
T2914 005:173.847   completely In flash
T2914 005:173.904 - 0.187ms returns 0xBC0
T2914 005:174.794 JLINK_WriteMem(0x0A047070, 0xBB0 Bytes, ...)
T2914 005:174.874   Data:  70 47 00 BF D8 BB 1B 00 70 B5 06 46 0D 46 39 B1 ...
T2914 005:174.935   completely In flash
T2914 005:174.989 - 0.195ms returns 0xBB0
T2914 005:175.903 JLINK_WriteMem(0x0A047C20, 0xBB0 Bytes, ...)
T2914 005:175.983   Data:  92 70 23 F1 ED FE 0A AB 09 93 D5 F8 D8 90 B9 F1 ...
T2914 005:176.051   completely In flash
T2914 005:176.107 - 0.205ms returns 0xBB0
T2914 005:176.882 JLINK_WriteMem(0x0A0487D0, 0xBA0 Bytes, ...)
T2914 005:176.943   Data:  80 8F FF FF 2D E9 F8 43 08 9D 0F 46 16 46 98 46 ...
T2914 005:177.001   completely In flash
T2914 005:177.117 - 0.235ms returns 0xBA0
T2914 005:178.072 JLINK_WriteMem(0x0A049370, 0xBB0 Bytes, ...)
T2914 005:178.132   Data:  F0 B0 68 46 15 46 0E 46 FD F7 EA FC 23 68 1A 6D ...
T2914 005:178.189   completely In flash
T2914 005:178.243 - 0.172ms returns 0xBB0
T2914 005:179.011 JLINK_WriteMem(0x0A049F20, 0xBB0 Bytes, ...)
T2914 005:179.080   Data:  1A 70 D4 F8 B0 30 71 BA 3B 44 A3 F8 09 10 20 46 ...
T2914 005:179.137   completely In flash
T2914 005:179.195 - 0.185ms returns 0xBB0
T2914 005:179.999 JLINK_WriteMem(0x0A04AAD0, 0xBA0 Bytes, ...)
T2914 005:180.072   Data:  00 28 7F F4 46 AF 23 68 1B 69 04 3B 53 F8 04 2F ...
T2914 005:180.132   completely In flash
T2914 005:180.187 - 0.187ms returns 0xBA0
T2914 005:180.970 JLINK_WriteMem(0x0A04B670, 0xBB0 Bytes, ...)
T2914 005:181.028   Data:  D7 B0 0F 21 0B AB 0A AA 04 46 FF F7 9D FF 05 46 ...
T2914 005:181.082   completely In flash
T2914 005:181.135 - 0.165ms returns 0xBB0
T2914 005:182.230 JLINK_WriteMem(0x0A04C220, 0xBB0 Bytes, ...)
T2914 005:182.391   Data:  50 46 1D 4B 04 95 03 97 FF F7 30 FF 04 46 98 B9 ...
T2914 005:182.485   completely In flash
T2914 005:182.567 - 0.337ms returns 0xBB0
T2914 005:183.869 JLINK_WriteMem(0x0A04CDD0, 0xBB0 Bytes, ...)
T2914 005:183.957   Data:  FF F7 35 FF 28 B3 20 46 1E F1 1F FE 02 2D 02 46 ...
T2914 005:184.023   completely In flash
T2914 005:184.081 - 0.212ms returns 0xBB0
T2914 005:185.089 JLINK_WriteMem(0x0A04D980, 0xBC0 Bytes, ...)
T2914 005:185.155   Data:  1A 43 20 2B C5 F8 58 21 00 F0 EC 80 10 DC 01 3B ...
T2914 005:185.217   completely In flash
T2914 005:185.274 - 0.186ms returns 0xBC0
T2914 005:186.271 JLINK_WriteMem(0x0A04E540, 0xBC0 Bytes, ...)
T2914 005:186.377   Data:  0D 46 17 46 04 46 38 B1 1A F0 82 FD 26 68 C7 F0 ...
T2914 005:186.461   completely In flash
T2914 005:186.543 - 0.273ms returns 0xBC0
T2914 005:187.719 JLINK_WriteMem(0x0A04F100, 0xBB0 Bytes, ...)
T2914 005:187.817   Data:  8D F8 1C 70 06 F0 28 FB F8 B9 9D F8 1C 20 02 9B ...
T2914 005:187.903   completely In flash
T2914 005:187.981 - 0.262ms returns 0xBB0
T2914 005:189.081 JLINK_WriteMem(0x0A04FCB0, 0xBB0 Bytes, ...)
T2914 005:189.169   Data:  3A D0 00 26 E9 F7 FC F9 01 28 78 D1 00 20 FF F7 ...
T2914 005:189.223   completely In flash
T2914 005:189.276 - 0.195ms returns 0xBB0
T2914 005:190.264 JLINK_WriteMem(0x0A050860, 0xBC0 Bytes, ...)
T2914 005:190.333   Data:  BD FB 04 28 7F F4 90 AD C0 E7 64 F0 B7 FB 05 28 ...
T2914 005:190.391   completely In flash
T2914 005:190.445 - 0.181ms returns 0xBC0
T2914 005:191.393 JLINK_WriteMem(0x0A051420, 0xBB0 Bytes, ...)
T2914 005:191.453   Data:  00 20 18 F1 DF FD B4 F8 56 30 23 F0 40 03 A4 F8 ...
T2914 005:191.509   completely In flash
T2914 005:191.571 - 0.178ms returns 0xBB0
T2914 005:192.621 JLINK_WriteMem(0x0A051FD0, 0xBA0 Bytes, ...)
T2914 005:192.682   Data:  00 B5 89 B0 B8 B1 B1 B1 0D F1 07 03 07 93 02 AB ...
T2914 005:192.739   completely In flash
T2914 005:192.806 - 0.185ms returns 0xBA0
T2914 005:193.766 JLINK_WriteMem(0x0A052B70, 0xB70 Bytes, ...)
T2914 005:193.860   Data:  38 46 32 49 FB F7 BC FC 02 46 20 B9 23 6D 13 B1 ...
T2914 005:193.939   completely In flash
T2914 005:194.016 - 0.250ms returns 0xB70
T2914 005:195.302 JLINK_WriteMem(0x0A0536E0, 0xBB0 Bytes, ...)
T2914 005:195.420   Data:  9C B3 26 79 8E B3 D0 F8 CC 00 B5 F8 D0 30 01 2E ...
T2914 005:195.506   completely In flash
T2914 005:195.585 - 0.285ms returns 0xBB0
T2914 005:196.987 JLINK_WriteMem(0x0A054290, 0xB90 Bytes, ...)
T2914 005:197.123   Data:  3A 46 21 46 FF F7 AE FA 0D 4B 0E 48 CD E9 00 63 ...
T2914 005:197.252   completely In flash
T2914 005:197.321 - 0.334ms returns 0xB90
T2914 005:201.106 JLINK_WriteMem(0x0A054E20, 0xB90 Bytes, ...)
T2914 005:201.256   Data:  94 F8 23 30 45 F8 23 20 04 23 84 F8 23 30 BD E8 ...
T2914 005:201.341   completely In flash
T2914 005:201.420 - 0.315ms returns 0xB90
T2914 005:202.720 JLINK_WriteMem(0x0A0559B0, 0xBA0 Bytes, ...)
T2914 005:202.833   Data:  23 50 01 33 13 70 FF F7 FB FB D9 E7 0B F1 01 0B ...
T2914 005:202.916   completely In flash
T2914 005:202.994 - 0.274ms returns 0xBA0
T2914 005:204.156 JLINK_WriteMem(0x0A056550, 0xB90 Bytes, ...)
T2914 005:204.261   Data:  CD D1 4F F4 00 73 83 60 C9 E7 00 BF 10 57 08 20 ...
T2914 005:204.342   completely In flash
T2914 005:204.417 - 0.262ms returns 0xB90
T2914 005:205.603 JLINK_WriteMem(0x0A0570E0, 0xBA0 Bytes, ...)
T2914 005:205.722   Data:  3D 4B 93 F8 24 20 03 2A 07 D1 93 F8 25 20 22 B9 ...
T2914 005:205.811   completely In flash
T2914 005:205.889 - 0.287ms returns 0xBA0
T2914 005:207.083 JLINK_WriteMem(0x0A057C80, 0xBA0 Bytes, ...)
T2914 005:207.186   Data:  03 C7 63 45 3C 46 F7 D1 0F CA 0F AC 84 E8 0F 00 ...
T2914 005:207.271   completely In flash
T2914 005:207.350 - 0.268ms returns 0xBA0
T2914 005:208.615 JLINK_WriteMem(0x0A058820, 0xBB0 Bytes, ...)
T2914 005:208.736   Data:  2D 68 FF B2 6A 89 2B 89 9A 42 F4 D1 17 B9 38 46 ...
T2914 005:208.827   completely In flash
T2914 005:208.936 - 0.321ms returns 0xBB0
T2914 005:210.193 JLINK_WriteMem(0x0A0593D0, 0xB90 Bytes, ...)
T2914 005:210.311   Data:  04 4A 13 68 01 33 13 60 BD E8 10 40 F5 F7 72 BA ...
T2914 005:210.396   completely In flash
T2914 005:210.479 - 0.288ms returns 0xB90
T2914 005:211.834 JLINK_WriteMem(0x0A059F60, 0xB90 Bytes, ...)
T2914 005:211.965   Data:  E6 E7 01 23 E4 E7 02 23 E2 E7 33 69 03 2B 8A D9 ...
T2914 005:212.039   completely In flash
T2914 005:212.272 - 0.438ms returns 0xB90
T2914 005:213.626 JLINK_WriteMem(0x0A05AAF0, 0xBB0 Bytes, ...)
T2914 005:213.749   Data:  10 03 5F 42 5F 41 48 46 FE F7 5A FF 80 46 50 B3 ...
T2914 005:213.831   completely In flash
T2914 005:213.901 - 0.275ms returns 0xBB0
T2914 005:215.120 JLINK_WriteMem(0x0A05B6A0, 0xBA0 Bytes, ...)
T2914 005:215.224   Data:  F3 F7 06 F9 2B 68 9C 69 54 B1 B4 F8 56 30 83 F0 ...
T2914 005:215.304   completely In flash
T2914 005:215.376 - 0.257ms returns 0xBA0
T2914 005:216.607 JLINK_WriteMem(0x0A05C240, 0xBB0 Bytes, ...)
T2914 005:216.705   Data:  41 45 3C D1 93 F8 28 10 94 F8 28 E0 8E 45 36 D1 ...
T2914 005:216.777   completely In flash
T2914 005:216.839 - 0.233ms returns 0xBB0
T2914 005:217.953 JLINK_WriteMem(0x0A05CDF0, 0xBC0 Bytes, ...)
T2914 005:218.042   Data:  E8 B2 01 33 33 60 13 78 87 B0 01 33 13 70 00 27 ...
T2914 005:218.100   completely In flash
T2914 005:218.159 - 0.208ms returns 0xBC0
T2914 005:219.147 JLINK_WriteMem(0x0A05D9B0, 0xBD0 Bytes, ...)
T2914 005:219.218   Data:  72 20 C9 1A 9B 18 C4 F8 B4 10 01 D3 4F F0 FF 33 ...
T2914 005:219.288   completely In flash
T2914 005:219.346 - 0.199ms returns 0xBD0
T2914 005:220.480 JLINK_WriteMem(0x0A05E580, 0xBC0 Bytes, ...)
T2914 005:220.553   Data:  80 89 B1 F0 F7 FF 40 07 3F F5 93 AE BA F8 BC 30 ...
T2914 005:220.613   completely In flash
T2914 005:220.666 - 0.186ms returns 0xBC0
T2914 005:221.763 JLINK_WriteMem(0x0A05F140, 0xBC0 Bytes, ...)
T2914 005:221.873   Data:  04 4B FF F7 49 BE 00 BF 10 57 08 20 10 B4 06 4C ...
T2914 005:221.949   completely In flash
T2914 005:222.046 - 0.284ms returns 0xBC0
T2914 005:223.529 JLINK_WriteMem(0x0A05FD00, 0xBC0 Bytes, ...)
T2914 005:223.655   Data:  B7 42 04 D1 EF 68 96 6D B7 42 3F F4 61 AF 70 45 ...
T2914 005:223.738   completely In flash
T2914 005:223.810 - 0.282ms returns 0xBC0
T2914 005:224.983 JLINK_WriteMem(0x0A0608C0, 0xBC0 Bytes, ...)
T2914 005:225.087   Data:  03 B1 1E 60 4F F0 FF 30 03 E1 00 21 05 AB 0A AA ...
T2914 005:225.391   completely In flash
T2914 005:225.455 - 0.472ms returns 0xBC0
T2914 005:226.605 JLINK_WriteMem(0x0A061480, 0xBB0 Bytes, ...)
T2914 005:226.690   Data:  09 F1 C2 FD 00 28 F7 D0 64 6C 00 2C F6 D1 F3 E7 ...
T2914 005:226.749   completely In flash
T2914 005:226.802 - 0.198ms returns 0xBB0
T2914 005:227.866 JLINK_WriteMem(0x0A062030, 0xBB0 Bytes, ...)
T2914 005:227.950   Data:  30 68 09 F1 19 FA 29 46 02 46 14 48 9D E7 05 98 ...
T2914 005:228.029   completely In flash
T2914 005:228.128 - 0.262ms returns 0xBB0
T2914 005:229.423 JLINK_WriteMem(0x0A062BE0, 0xBA0 Bytes, ...)
T2914 005:229.524   Data:  CB B2 A3 F1 09 02 D2 B2 17 2A 10 B5 0F D8 59 4C ...
T2914 005:229.636   completely In flash
T2914 005:229.721 - 0.299ms returns 0xBA0
T2914 005:230.731 JLINK_WriteMem(0x0A063780, 0xBB0 Bytes, ...)
T2914 005:230.825   Data:  24 49 60 68 FD F7 72 FE 01 46 20 46 FF F7 62 FC ...
T2914 005:230.890   completely In flash
T2914 005:230.945 - 0.216ms returns 0xBB0
T2914 005:231.930 JLINK_WriteMem(0x0A064330, 0xBB0 Bytes, ...)
T2914 005:232.038   Data:  0F C5 96 E8 03 00 85 E8 03 00 68 46 24 68 AC F0 ...
T2914 005:232.123   completely In flash
T2914 005:232.192 - 0.263ms returns 0xBB0
T2914 005:233.736 JLINK_WriteMem(0x0A064EE0, 0xBA0 Bytes, ...)
T2914 005:233.870   Data:  1A 44 0A 60 63 B1 1E 4A 11 68 19 B9 13 60 1D 4A ...
T2914 005:233.964   completely In flash
T2914 005:234.038 - 0.304ms returns 0xBA0
T2914 005:235.309 JLINK_WriteMem(0x0A065A80, 0xBA0 Bytes, ...)
T2914 005:235.453   Data:  A8 EB 00 08 E7 DC 03 F0 D7 FA C2 E7 88 0C 08 20 ...
T2914 005:235.543   completely In flash
T2914 005:235.611 - 0.304ms returns 0xBA0
T2914 005:236.942 JLINK_WriteMem(0x0A066620, 0xB90 Bytes, ...)
T2914 005:237.067   Data:  C3 03 5B 68 91 F9 00 10 93 F9 00 30 99 42 0A BF ...
T2914 005:237.165   completely In flash
T2914 005:237.276 - 0.335ms returns 0xB90
T2914 005:238.368 JLINK_WriteMem(0x0A0671B0, 0xBB0 Bytes, ...)
T2914 005:238.466   Data:  73 68 13 B9 00 20 02 F1 15 FF 74 68 33 46 25 46 ...
T2914 005:238.525   completely In flash
T2914 005:238.582 - 0.215ms returns 0xBB0
T2914 005:239.577 JLINK_WriteMem(0x0A067D60, 0xBD0 Bytes, ...)
T2914 005:239.659   Data:  28 BF 18 46 80 B2 70 BD 28 46 BD E8 70 40 E9 F7 ...
T2914 005:239.723   completely In flash
T2914 005:239.781 - 0.205ms returns 0xBD0
T2914 005:240.821 JLINK_WriteMem(0x0A068930, 0xBB0 Bytes, ...)
T2914 005:240.889   Data:  A0 47 00 28 DB D1 03 9A 57 44 02 FB 0A 88 01 9B ...
T2914 005:240.955   completely In flash
T2914 005:241.011 - 0.191ms returns 0xBB0
T2914 005:242.294 JLINK_WriteMem(0x0A0694E0, 0xBA0 Bytes, ...)
T2914 005:242.394   Data:  1B B9 03 21 09 E0 80 2B EF D1 70 BD E0 68 18 B1 ...
T2914 005:242.481   completely In flash
T2914 005:242.569 - 0.276ms returns 0xBA0
T2914 005:243.729 JLINK_WriteMem(0x0A06A080, 0xBA0 Bytes, ...)
T2914 005:243.929   Data:  28 60 E8 68 58 B1 64 69 94 F9 00 30 67 2B 19 D1 ...
T2914 005:244.023   completely In flash
T2914 005:244.110 - 0.382ms returns 0xBA0
T2914 005:245.452 JLINK_WriteMem(0x0A06AC20, 0xBC0 Bytes, ...)
T2914 005:245.561   Data:  23 86 17 00 4D 8A 06 00 32 86 17 00 04 27 1B 00 ...
T2914 005:245.659   completely In flash
T2914 005:245.740 - 0.289ms returns 0xBC0
T2914 005:247.014 JLINK_WriteMem(0x0A06B7E0, 0xBC0 Bytes, ...)
T2914 005:247.119   Data:  00 23 CD E9 04 23 29 4B 1A 6A 02 F0 03 02 01 2A ...
T2914 005:247.214   completely In flash
T2914 005:247.294 - 0.280ms returns 0xBC0
T2914 005:248.491 JLINK_WriteMem(0x0A06C3A0, 0xBC0 Bytes, ...)
T2914 005:248.625   Data:  10 60 18 46 C4 F8 1C 80 16 F0 49 FB 52 4B 00 9A ...
T2914 005:248.703   completely In flash
T2914 005:248.896 - 0.405ms returns 0xBC0
T2914 005:250.293 JLINK_WriteMem(0x0A06CF60, 0xBC0 Bytes, ...)
T2914 005:250.409   Data:  9D F8 0A 20 E3 B2 9A 42 01 D8 66 48 20 E0 D7 F7 ...
T2914 005:250.490   completely In flash
T2914 005:250.570 - 0.278ms returns 0xBC0
T2914 005:251.805 JLINK_WriteMem(0x0A06DB20, 0xBB0 Bytes, ...)
T2914 005:251.913   Data:  11 48 BC F0 D9 F9 04 1E 06 DA 23 46 4F F4 77 72 ...
T2914 005:252.277   completely In flash
T2914 005:252.403 - 0.598ms returns 0xBB0
T2914 005:253.602 JLINK_WriteMem(0x0A06E6D0, 0xBD0 Bytes, ...)
T2914 005:253.698   Data:  00 27 10 22 00 21 08 A8 FC F0 8E FC 03 2D 07 97 ...
T2914 005:253.791   completely In flash
T2914 005:253.874 - 0.272ms returns 0xBD0
T2914 005:255.051 JLINK_WriteMem(0x0A06F2A0, 0xBD0 Bytes, ...)
T2914 005:255.145   Data:  00 20 DF F7 DD FC DA E7 28 46 E5 F7 A5 FA 00 28 ...
T2914 005:255.233   completely In flash
T2914 005:255.311 - 0.261ms returns 0xBD0
T2914 005:256.634 JLINK_WriteMem(0x0A06FE70, 0xBC0 Bytes, ...)
T2914 005:256.755   Data:  04 AA 00 90 09 A8 FA F0 37 FE 20 68 02 30 FC F7 ...
T2914 005:256.849   completely In flash
T2914 005:256.930 - 0.298ms returns 0xBC0
T2914 005:258.171 JLINK_WriteMem(0x0A070A30, 0xBC0 Bytes, ...)
T2914 005:258.293   Data:  00 29 3F F4 91 AE 91 F9 00 30 00 2B 3F F4 8C AE ...
T2914 005:258.377   completely In flash
T2914 005:258.457 - 0.287ms returns 0xBC0
T2914 005:259.583 JLINK_WriteMem(0x0A0715F0, 0xBC0 Bytes, ...)
T2914 005:259.661   Data:  05 D5 18 46 42 49 F9 F0 23 FD 03 46 07 33 E2 06 ...
T2914 005:259.734   completely In flash
T2914 005:259.810 - 0.227ms returns 0xBC0
T2914 005:260.818 JLINK_WriteMem(0x0A0721B0, 0xBD0 Bytes, ...)
T2914 005:260.877   Data:  E0 62 21 46 D9 F8 0C 30 40 46 98 47 21 46 3A 46 ...
T2914 005:260.936   completely In flash
T2914 005:260.989 - 0.171ms returns 0xBD0
T2914 005:262.057 JLINK_WriteMem(0x0A072D80, 0xBC0 Bytes, ...)
T2914 005:262.145   Data:  DF F8 98 80 05 F1 28 09 58 F8 04 4B 4F F4 80 52 ...
T2914 005:262.269   completely In flash
T2914 005:262.371 - 0.314ms returns 0xBC0
T2914 005:263.832 JLINK_WriteMem(0x0A073940, 0xBC0 Bytes, ...)
T2914 005:263.967   Data:  22 46 02 93 0E 9B CD E9 06 A6 01 93 0D 9B CD E9 ...
T2914 005:264.037   completely In flash
T2914 005:264.137 - 0.273ms returns 0xBC0
T2914 005:265.300 JLINK_WriteMem(0x0A074500, 0xBC0 Bytes, ...)
T2914 005:265.395   Data:  06 F5 03 BB 19 48 01 A9 D0 F7 5C FE 03 46 B8 B9 ...
T2914 005:265.476   completely In flash
T2914 005:265.541 - 0.242ms returns 0xBC0
T2914 005:266.983 JLINK_WriteMem(0x0A0750C0, 0xBC0 Bytes, ...)
T2914 005:267.100   Data:  82 46 0B 27 81 46 04 46 88 F8 0A 30 02 9B 02 3B ...
T2914 005:267.192   completely In flash
T2914 005:267.268 - 0.286ms returns 0xBC0
T2914 005:268.521 JLINK_WriteMem(0x0A075C80, 0xBC0 Bytes, ...)
T2914 005:268.641   Data:  CF F7 6A FA 00 23 23 60 10 BD 9E F0 11 F8 F9 E7 ...
T2914 005:268.734   completely In flash
T2914 005:268.813 - 0.293ms returns 0xBC0
T2914 005:269.868 JLINK_WriteMem(0x0A076840, 0xBC0 Bytes, ...)
T2914 005:269.946   Data:  01 35 9C 34 86 E6 00 BF BC 4A 08 20 B4 4A 08 20 ...
T2914 005:270.005   completely In flash
T2914 005:270.057 - 0.190ms returns 0xBC0
T2914 005:271.060 JLINK_WriteMem(0x0A077400, 0xBC0 Bytes, ...)
T2914 005:271.135   Data:  F4 FC 07 46 48 46 CB F7 73 FB 00 2F 40 F3 8E 81 ...
T2914 005:271.196   completely In flash
T2914 005:271.251 - 0.191ms returns 0xBC0
T2914 005:272.291 JLINK_WriteMem(0x0A077FC0, 0xBC0 Bytes, ...)
T2914 005:272.375   Data:  03 90 10 B9 6C 21 2F 48 DC E7 6C 22 41 46 F3 F0 ...
T2914 005:272.437   completely In flash
T2914 005:272.506 - 0.215ms returns 0xBC0
T2914 005:273.571 JLINK_WriteMem(0x0A078B80, 0xBC0 Bytes, ...)
T2914 005:273.674   Data:  1F FA 8B F2 4F EA 1B 41 1A 48 F1 F0 8F FD 9C E7 ...
T2914 005:273.757   completely In flash
T2914 005:273.834 - 0.263ms returns 0xBC0
T2914 005:274.996 JLINK_WriteMem(0x0A079740, 0xBC0 Bytes, ...)
T2914 005:275.079   Data:  20 81 22 46 03 46 21 46 40 46 CD F8 00 90 F9 F7 ...
T2914 005:275.165   completely In flash
T2914 005:275.254 - 0.258ms returns 0xBC0
T2914 005:276.863 JLINK_WriteMem(0x0A07A300, 0xBB0 Bytes, ...)
T2914 005:276.977   Data:  40 F8 08 5B 3A 46 0F 21 0D 4B 00 95 F0 F0 B8 FB ...
T2914 005:277.059   completely In flash
T2914 005:277.132 - 0.269ms returns 0xBB0
T2914 005:278.341 JLINK_WriteMem(0x0A07AEB0, 0xBD0 Bytes, ...)
T2914 005:278.442   Data:  88 C1 1F 00 61 0C 20 00 13 B5 0F 4C 20 68 E8 F7 ...
T2914 005:278.522   completely In flash
T2914 005:278.604 - 0.263ms returns 0xBD0
T2914 005:280.664 JLINK_WriteMem(0x0A07BA80, 0xBD0 Bytes, ...)
T2914 005:280.898   Data:  FF 33 01 2B 00 F2 A3 80 05 F5 C0 55 04 35 28 46 ...
T2914 005:281.411   completely In flash
T2914 005:281.570 - 0.911ms returns 0xBD0
T2914 005:284.477 JLINK_WriteMem(0x0A07C650, 0xBC0 Bytes, ...)
T2914 005:284.639   Data:  01 AE D7 E5 4C C6 17 00 0F 00 50 00 58 C6 17 00 ...
T2914 005:284.717   completely In flash
T2914 005:284.795 - 0.320ms returns 0xBC0
T2914 005:286.177 JLINK_WriteMem(0x0A07D210, 0xBD0 Bytes, ...)
T2914 005:286.294   Data:  04 2E 07 D0 D1 F7 0A F9 01 9B 0D 4A 0D 49 D0 F7 ...
T2914 005:286.371   completely In flash
T2914 005:286.444 - 0.269ms returns 0xBD0
T2914 005:287.929 JLINK_WriteMem(0x0A07DDE0, 0xBA0 Bytes, ...)
T2914 005:288.079   Data:  FF F7 E4 FC 03 99 00 29 03 DA 16 4C D8 E7 16 49 ...
T2914 005:288.170   completely In flash
T2914 005:288.249 - 0.321ms returns 0xBA0
T2914 005:289.755 JLINK_WriteMem(0x0A07E980, 0xBA0 Bytes, ...)
T2914 005:289.862   Data:  55 FD 84 4B F1 E7 83 4B 7F 4A 73 49 0E A8 EC F0 ...
T2914 005:289.944   completely In flash
T2914 005:290.016 - 0.262ms returns 0xBA0
T2914 005:290.949 JLINK_WriteMem(0x0A07F520, 0xBA0 Bytes, ...)
T2914 005:291.025   Data:  14 AB 48 E0 CE F7 82 FF 61 4B 51 4A 51 49 CE F7 ...
T2914 005:291.082   completely In flash
T2914 005:291.137 - 0.188ms returns 0xBA0
T2914 005:292.217 JLINK_WriteMem(0x0A0800C0, 0xBB0 Bytes, ...)
T2914 005:292.298   Data:  CE F7 B4 F9 86 4B 7C 4A 7C 49 CE F7 23 F9 07 9C ...
T2914 005:292.366   completely In flash
T2914 005:292.420 - 0.203ms returns 0xBB0
T2914 005:293.445 JLINK_WriteMem(0x0A080C70, 0xBB0 Bytes, ...)
T2914 005:293.516   Data:  70 4A 68 49 CD F7 9A FA CD F7 D8 FB 6E 4A 6A 49 ...
T2914 005:293.573   completely In flash
T2914 005:293.625 - 0.181ms returns 0xBB0
T2914 005:294.674 JLINK_WriteMem(0x0A081820, 0xBC0 Bytes, ...)
T2914 005:294.733   Data:  00 2C E2 D0 1E 4C 29 E0 04 22 28 46 1D 49 E9 F0 ...
T2914 005:294.789   completely In flash
T2914 005:294.842 - 0.168ms returns 0xBC0
T2914 005:295.808 JLINK_WriteMem(0x0A0823E0, 0xBB0 Bytes, ...)
T2914 005:295.900   Data:  40 F0 93 80 16 7A 00 2E 40 F0 8F 80 DD 6A 66 F3 ...
T2914 005:295.977   completely In flash
T2914 005:296.055 - 0.247ms returns 0xBB0
T2914 005:296.947 JLINK_WriteMem(0x0A082F90, 0xBC0 Bytes, ...)
T2914 005:297.022   Data:  13 F0 0C 0F 08 BF 0D 71 EB E7 00 BF 00 00 0C 40 ...
T2914 005:297.080   completely In flash
T2914 005:297.134 - 0.187ms returns 0xBC0
T2914 005:298.137 JLINK_WriteMem(0x0A083B50, 0xB60 Bytes, ...)
T2914 005:298.224   Data:  0B D5 20 46 FF F7 C4 FC 62 69 E3 69 9A 42 01 BF ...
T2914 005:298.326   completely In flash
T2914 005:298.393 - 0.257ms returns 0xB60
T2914 005:299.767 JLINK_WriteMem(0x0A0846B0, 0xB80 Bytes, ...)
T2914 005:299.855   Data:  1C CE 17 00 E7 4E 17 00 25 CE 17 00 29 CE 17 00 ...
T2914 005:299.918   completely In flash
T2914 005:299.973 - 0.207ms returns 0xB80
T2914 005:301.298 JLINK_WriteMem(0x0A085230, 0xBA0 Bytes, ...)
T2914 005:301.447   Data:  25 30 0B 40 42 F8 25 30 7B B9 01 21 90 F9 04 30 ...
T2914 005:301.560   completely In flash
T2914 005:301.666 - 0.369ms returns 0xBA0
T2914 005:302.752 JLINK_WriteMem(0x0A085DD0, 0xBC0 Bytes, ...)
T2914 005:302.833   Data:  7F 6F 92 46 1C 46 DD F8 30 80 01 96 03 D9 27 48 ...
T2914 005:302.973   completely In flash
T2914 005:303.031 - 0.279ms returns 0xBC0
T2914 005:304.187 JLINK_WriteMem(0x0A086990, 0xBC0 Bytes, ...)
T2914 005:304.252   Data:  B1 F8 44 6F 4F F4 02 72 00 21 28 46 FF F7 1C F8 ...
T2914 005:304.322   completely In flash
T2914 005:304.378 - 0.191ms returns 0xBC0
T2914 005:305.319 JLINK_WriteMem(0x0A087550, 0xBB0 Bytes, ...)
T2914 005:305.380   Data:  05 F0 D0 FB A3 5D 43 F0 80 03 B8 F1 00 0F 04 D0 ...
T2914 005:305.442   completely In flash
T2914 005:305.495 - 0.176ms returns 0xBB0
T2914 005:306.508 JLINK_WriteMem(0x0A088100, 0xBC0 Bytes, ...)
T2914 005:306.584   Data:  D3 F8 B4 20 20 92 20 9A D4 07 F9 D5 0B 9A 12 68 ...
T2914 005:306.641   completely In flash
T2914 005:306.697 - 0.189ms returns 0xBC0
T2914 005:307.758 JLINK_WriteMem(0x0A088CC0, 0xBD0 Bytes, ...)
T2914 005:307.857   Data:  30 98 C0 07 F9 D5 C1 F8 80 20 D1 F8 B4 20 31 92 ...
T2914 005:307.940   completely In flash
T2914 005:308.011 - 0.254ms returns 0xBD0
T2914 005:309.088 JLINK_WriteMem(0x0A089890, 0xBC0 Bytes, ...)
T2914 005:309.166   Data:  1F 9B CD E9 01 64 CD E9 03 93 FB B2 00 93 42 46 ...
T2914 005:309.227   completely In flash
T2914 005:309.280 - 0.192ms returns 0xBC0
T2914 005:310.204 JLINK_WriteMem(0x0A08A450, 0xBD0 Bytes, ...)
T2914 005:310.276   Data:  02 9E F7 07 F9 D5 C5 F8 80 40 1C 03 44 EA 83 44 ...
T2914 005:310.336   completely In flash
T2914 005:310.394 - 0.190ms returns 0xBD0
T2914 005:311.319 JLINK_WriteMem(0x0A08B020, 0xBA0 Bytes, ...)
T2914 005:311.387   Data:  D0 07 F9 D5 60 4A C3 F8 80 20 D3 F8 B0 20 0A 92 ...
T2914 005:311.447   completely In flash
T2914 005:311.509 - 0.190ms returns 0xBA0
T2914 005:312.585 JLINK_WriteMem(0x0A08BBC0, 0xBD0 Bytes, ...)
T2914 005:312.681   Data:  62 13 01 3B 00 2B 12 DA 00 22 58 1C 00 2A 4F EA ...
T2914 005:312.767   completely In flash
T2914 005:312.845 - 0.261ms returns 0xBD0
T2914 005:314.046 JLINK_WriteMem(0x0A08C790, 0xB90 Bytes, ...)
T2914 005:314.146   Data:  D0 07 F9 D5 C3 F8 80 10 01 9B 07 4A 43 EA 0A 03 ...
T2914 005:314.428   completely In flash
T2914 005:314.499 - 0.453ms returns 0xB90
T2914 005:315.715 JLINK_WriteMem(0x0A08D320, 0xBA0 Bytes, ...)
T2914 005:315.802   Data:  D9 F8 00 40 D8 F8 00 00 C7 F8 0C 3B 6B 6B 23 F0 ...
T2914 005:315.895   completely In flash
T2914 005:315.977 - 0.265ms returns 0xBA0
T2914 005:317.201 JLINK_WriteMem(0x0A08DEC0, 0xBA0 Bytes, ...)
T2914 005:317.324   Data:  40 46 FF F7 65 FE 38 46 FF F7 62 FE 00 2D 90 D0 ...
T2914 005:317.410   completely In flash
T2914 005:317.496 - 0.295ms returns 0xBA0
T2914 005:318.786 JLINK_WriteMem(0x0A08EA60, 0xBC0 Bytes, ...)
T2914 005:318.878   Data:  DB F0 24 FE E1 69 21 48 DB F0 20 FE 21 6A 20 48 ...
T2914 005:318.958   completely In flash
T2914 005:319.033 - 0.247ms returns 0xBC0
T2914 005:320.095 JLINK_WriteMem(0x0A08F620, 0xBC0 Bytes, ...)
T2914 005:320.173   Data:  4B 20 70 47 0D 20 70 47 4C 20 70 47 01 22 0E 4B ...
T2914 005:320.231   completely In flash
T2914 005:320.287 - 0.192ms returns 0xBC0
T2914 005:321.386 JLINK_WriteMem(0x0A0901E0, 0xBC0 Bytes, ...)
T2914 005:321.453   Data:  FF F7 46 FD BD F8 1A 60 00 2E BE D0 BD F8 1E 30 ...
T2914 005:321.508   completely In flash
T2914 005:321.561 - 0.175ms returns 0xBC0
T2914 005:322.593 JLINK_WriteMem(0x0A090DA0, 0xBB0 Bytes, ...)
T2914 005:322.673   Data:  01 08 0B F8 01 2B 02 46 DD E9 01 01 81 41 EA D2 ...
T2914 005:322.733   completely In flash
T2914 005:322.787 - 0.195ms returns 0xBB0
T2914 005:323.805 JLINK_WriteMem(0x0A091950, 0xBD0 Bytes, ...)
T2914 005:323.881   Data:  EC A0 2C B9 00 2D 44 D1 01 20 03 B0 BD E8 F0 8F ...
T2914 005:323.957   completely In flash
T2914 005:324.033 - 0.229ms returns 0xBD0
T2914 005:325.105 JLINK_WriteMem(0x0A092520, 0xBE0 Bytes, ...)
T2914 005:325.182   Data:  03 B0 5D F8 04 FB 00 BF 5D D6 17 00 07 B5 0B 46 ...
T2914 005:325.241   completely In flash
T2914 005:325.293 - 0.189ms returns 0xBE0
T2914 005:326.381 JLINK_WriteMem(0x0A093100, 0xBA0 Bytes, ...)
T2914 005:326.453   Data:  20 21 38 68 80 F0 D0 FE 08 20 80 F0 4D FD 03 90 ...
T2914 005:326.515   completely In flash
T2914 005:326.580 - 0.200ms returns 0xBA0
T2914 005:327.481 JLINK_WriteMem(0x0A093CA0, 0xBD0 Bytes, ...)
T2914 005:327.554   Data:  04 49 02 20 36 F0 3A FF 20 46 BD E8 10 40 FF F7 ...
T2914 005:327.617   completely In flash
T2914 005:327.672 - 0.191ms returns 0xBD0
T2914 005:328.475 JLINK_WriteMem(0x0A094870, 0xBC0 Bytes, ...)
T2914 005:328.586   Data:  C3 F8 FC 60 E1 E7 00 23 C2 F8 FC 30 22 68 12 68 ...
T2914 005:328.643   completely In flash
T2914 005:328.698 - 0.223ms returns 0xBC0
T2914 005:329.643 JLINK_WriteMem(0x0A095430, 0xBB0 Bytes, ...)
T2914 005:329.714   Data:  00 26 BB 6A 53 F8 25 30 01 35 C3 F8 04 46 31 E7 ...
T2914 005:329.771   completely In flash
T2914 005:329.825 - 0.181ms returns 0xBB0
T2914 005:330.735 JLINK_WriteMem(0x0A095FE0, 0xBB0 Bytes, ...)
T2914 005:330.820   Data:  1E 46 D0 F8 68 41 00 F5 B4 75 AC 42 03 D1 00 24 ...
T2914 005:330.898   completely In flash
T2914 005:330.973 - 0.238ms returns 0xBB0
T2914 005:332.248 JLINK_WriteMem(0x0A096B90, 0xBC0 Bytes, ...)
T2914 005:332.372   Data:  03 F1 FF 33 00 F5 10 70 9A 42 05 DB 06 D1 00 28 ...
T2914 005:332.523   completely In flash
T2914 005:332.598 - 0.352ms returns 0xBC0
T2914 005:334.169 JLINK_WriteMem(0x0A097750, 0xBB0 Bytes, ...)
T2914 005:334.269   Data:  9A 03 12 D5 1A 4A 18 4B A6 EB 04 08 AC 42 18 BF ...
T2914 005:334.343   completely In flash
T2914 005:334.399 - 0.230ms returns 0xBB0
T2914 005:335.446 JLINK_WriteMem(0x0A098300, 0xBC0 Bytes, ...)
T2914 005:335.555   Data:  B8 0A 18 00 6B 0A 18 00 A1 0A 18 00 0D 41 19 00 ...
T2914 005:335.640   completely In flash
T2914 005:335.721 - 0.275ms returns 0xBC0
T2914 005:336.722 JLINK_WriteMem(0x0A098EC0, 0xBB0 Bytes, ...)
T2914 005:336.813   Data:  D0 0E 18 00 0F 10 18 00 F4 0E 18 00 18 0F 18 00 ...
T2914 005:336.901   completely In flash
T2914 005:337.043 - 0.321ms returns 0xBB0
T2914 005:338.000 JLINK_WriteMem(0x0A099A70, 0xBB0 Bytes, ...)
T2914 005:338.083   Data:  CB FC 00 28 3F F4 27 AF A3 6D 5A 1C A2 65 40 F8 ...
T2914 005:338.170   completely In flash
T2914 005:338.251 - 0.252ms returns 0xBB0
T2914 005:339.499 JLINK_WriteMem(0x0A09A620, 0xBB0 Bytes, ...)
T2914 005:339.580   Data:  EF F9 2B 68 93 F9 9D 30 4B B1 81 20 2F F0 93 FB ...
T2914 005:339.651   completely In flash
T2914 005:339.705 - 0.207ms returns 0xBB0
T2914 005:340.716 JLINK_WriteMem(0x0A09B1D0, 0xBD0 Bytes, ...)
T2914 005:340.814   Data:  18 9B 79 4A 0A 93 17 9B CD F8 30 A0 CD E9 08 63 ...
T2914 005:340.880   completely In flash
T2914 005:340.963 - 0.247ms returns 0xBD0
T2914 005:342.089 JLINK_WriteMem(0x0A09BDA0, 0xBB0 Bytes, ...)
T2914 005:342.176   Data:  3F F4 0C AC B9 F1 00 0F 3F F4 70 AD 00 21 3E 4A ...
T2914 005:342.261   completely In flash
T2914 005:342.334 - 0.246ms returns 0xBB0
T2914 005:343.413 JLINK_WriteMem(0x0A09C950, 0xBB0 Bytes, ...)
T2914 005:343.505   Data:  00 28 7F F4 69 AF 02 21 20 46 1C 4A 2E F0 C2 FA ...
T2914 005:343.588   completely In flash
T2914 005:343.653 - 0.242ms returns 0xBB0
T2914 005:344.691 JLINK_WriteMem(0x0A09D500, 0xBC0 Bytes, ...)
T2914 005:344.818   Data:  01 2A F7 D9 B6 E7 1E 46 DC E7 C4 F8 28 21 06 21 ...
T2914 005:344.876   completely In flash
T2914 005:344.957 - 0.266ms returns 0xBC0
T2914 005:346.052 JLINK_WriteMem(0x0A09E0C0, 0xBB0 Bytes, ...)
T2914 005:346.145   Data:  EC 4A 20 00 2A 69 6B 88 00 92 20 46 D5 E9 02 12 ...
T2914 005:346.224   completely In flash
T2914 005:346.299 - 0.247ms returns 0xBB0
T2914 005:347.733 JLINK_WriteMem(0x0A09EC70, 0xBA0 Bytes, ...)
T2914 005:347.870   Data:  04 21 2C F0 37 F9 EB 68 A3 42 04 BF 00 23 EB 60 ...
T2914 005:348.431   completely In flash
T2914 005:348.576 - 0.843ms returns 0xBA0
T2914 005:350.166 JLINK_WriteMem(0x0A09F810, 0xB80 Bytes, ...)
T2914 005:350.256   Data:  5D FB 16 00 2C 25 17 00 2D E9 F8 4F 0C 46 17 46 ...
T2914 005:350.315   completely In flash
T2914 005:350.371 - 0.205ms returns 0xB80
T2914 005:351.363 JLINK_WriteMem(0x0A0A0390, 0xBA0 Bytes, ...)
T2914 005:351.447   Data:  2B F0 DE F9 49 46 30 46 2B F0 1C FA F8 61 14 E7 ...
T2914 005:351.509   completely In flash
T2914 005:351.562 - 0.200ms returns 0xBA0
T2914 005:352.769 JLINK_WriteMem(0x0A0A0F30, 0xBA0 Bytes, ...)
T2914 005:352.869   Data:  33 61 FE F7 27 FC 00 28 74 DB 98 F8 00 10 58 46 ...
T2914 005:352.965   completely In flash
T2914 005:353.024 - 0.258ms returns 0xBA0
T2914 005:354.133 JLINK_WriteMem(0x0A0A1AD0, 0xBC0 Bytes, ...)
T2914 005:354.222   Data:  88 B0 BD F8 48 80 04 92 CD E9 05 38 DD E9 10 9A ...
T2914 005:354.300   completely In flash
T2914 005:354.373 - 0.240ms returns 0xBC0
T2914 005:355.453 JLINK_WriteMem(0x0A0A2690, 0xBB0 Bytes, ...)
T2914 005:355.547   Data:  00 28 F5 D0 4D F6 DD 51 4C F0 B9 FE 03 21 06 46 ...
T2914 005:355.628   completely In flash
T2914 005:355.705 - 0.253ms returns 0xBB0
T2914 005:357.043 JLINK_WriteMem(0x0A0A3240, 0xBB0 Bytes, ...)
T2914 005:357.119   Data:  B9 F1 00 0F 0E D1 63 68 02 3B DB B2 01 2B 33 70 ...
T2914 005:357.176   completely In flash
T2914 005:357.231 - 0.188ms returns 0xBB0
T2914 005:358.327 JLINK_WriteMem(0x0A0A3DF0, 0xBA0 Bytes, ...)
T2914 005:358.389   Data:  80 63 28 46 40 4A C4 F8 80 30 84 F8 84 72 C4 F8 ...
T2914 005:358.447   completely In flash
T2914 005:358.504 - 0.178ms returns 0xBA0
T2914 005:359.591 JLINK_WriteMem(0x0A0A4990, 0xBA0 Bytes, ...)
T2914 005:359.660   Data:  BD 7B 18 00 0A 7C 18 00 2F 7C 18 00 30 B5 D0 F8 ...
T2914 005:359.720   completely In flash
T2914 005:359.774 - 0.182ms returns 0xBA0
T2914 005:360.796 JLINK_WriteMem(0x0A0A5530, 0xB90 Bytes, ...)
T2914 005:360.853   Data:  26 80 01 36 00 22 D4 F8 8C 30 43 F8 26 20 A7 E7 ...
T2914 005:360.910   completely In flash
T2914 005:361.012 - 0.216ms returns 0xB90
T2914 005:361.995 JLINK_WriteMem(0x0A0A60C0, 0xBB0 Bytes, ...)
T2914 005:362.064   Data:  4C 31 D4 F8 C8 20 02 2B 1C D0 D2 F8 B0 30 A3 F1 ...
T2914 005:362.122   completely In flash
T2914 005:362.176 - 0.180ms returns 0xBB0
T2914 005:363.259 JLINK_WriteMem(0x0A0A6C70, 0xB90 Bytes, ...)
T2914 005:363.329   Data:  23 F0 54 FF 59 E7 0E F0 B1 F9 03 28 12 D0 D4 F8 ...
T2914 005:363.389   completely In flash
T2914 005:363.443 - 0.184ms returns 0xB90
T2914 005:364.419 JLINK_WriteMem(0x0A0A7800, 0xB90 Bytes, ...)
T2914 005:364.483   Data:  68 53 08 20 F8 B5 D0 F8 F8 50 04 46 B5 B9 D0 F8 ...
T2914 005:364.541   completely In flash
T2914 005:364.595 - 0.177ms returns 0xB90
T2914 005:365.775 JLINK_WriteMem(0x0A0A8390, 0xBB0 Bytes, ...)
T2914 005:365.859   Data:  1A 46 19 46 CD E9 04 33 CD E9 02 33 CD E9 00 33 ...
T2914 005:365.916   completely In flash
T2914 005:365.969 - 0.195ms returns 0xBB0
T2914 005:367.129 JLINK_WriteMem(0x0A0A8F40, 0xBB0 Bytes, ...)
T2914 005:367.239   Data:  07 32 A3 9A CD E9 09 33 00 92 CD E9 05 33 1A 46 ...
T2914 005:367.324   completely In flash
T2914 005:367.397 - 0.268ms returns 0xBB0
T2914 005:368.432 JLINK_WriteMem(0x0A0A9AF0, 0xBB0 Bytes, ...)
T2914 005:368.533   Data:  84 F8 30 32 28 46 21 F0 2B FE 00 2E 3F F4 70 AF ...
T2914 005:368.619   completely In flash
T2914 005:368.699 - 0.267ms returns 0xBB0
T2914 005:369.905 JLINK_WriteMem(0x0A0AA6A0, 0xBC0 Bytes, ...)
T2914 005:369.982   Data:  2F FD 01 20 03 B0 5D F8 04 FB C3 F8 F0 25 00 20 ...
T2914 005:370.043   completely In flash
T2914 005:370.106 - 0.202ms returns 0xBC0
T2914 005:371.117 JLINK_WriteMem(0x0A0AB260, 0xBC0 Bytes, ...)
T2914 005:371.205   Data:  09 F0 F6 FF 00 28 ED D1 EF E7 00 BF EA AC 18 00 ...
T2914 005:371.263   completely In flash
T2914 005:371.317 - 0.201ms returns 0xBC0
T2914 005:372.283 JLINK_WriteMem(0x0A0ABE20, 0xBB0 Bytes, ...)
T2914 005:372.373   Data:  05 9B 98 03 11 D5 48 4A 48 4B 37 1B AC 42 18 BF ...
T2914 005:372.432   completely In flash
T2914 005:372.487 - 0.204ms returns 0xBB0
T2914 005:373.628 JLINK_WriteMem(0x0A0AC9D0, 0xBB0 Bytes, ...)
T2914 005:373.719   Data:  09 22 38 46 20 49 1D F0 A4 FA 05 46 B8 B9 07 F1 ...
T2914 005:373.786   completely In flash
T2914 005:373.838 - 0.210ms returns 0xBB0
T2914 005:374.837 JLINK_WriteMem(0x0A0AD580, 0xBC0 Bytes, ...)
T2914 005:374.911   Data:  B9 F1 00 0F 03 D0 11 9B 28 2B 08 BF 08 25 D4 F8 ...
T2914 005:374.969   completely In flash
T2914 005:375.020 - 0.184ms returns 0xBC0
T2914 005:376.003 JLINK_WriteMem(0x0A0AE140, 0xBD0 Bytes, ...)
T2914 005:376.073   Data:  0B 43 1C 44 06 9B 32 4A E4 1A 05 34 21 46 58 1F ...
T2914 005:376.135   completely In flash
T2914 005:376.188 - 0.184ms returns 0xBD0
T2914 005:377.100 JLINK_WriteMem(0x0A0AED10, 0xBD0 Bytes, ...)
T2914 005:377.173   Data:  95 F8 28 44 B9 F0 D7 FD B0 F1 00 0B 18 BF 4F F0 ...
T2914 005:377.234   completely In flash
T2914 005:377.287 - 0.186ms returns 0xBD0
T2914 005:378.178 JLINK_WriteMem(0x0A0AF8E0, 0xBD0 Bytes, ...)
T2914 005:378.252   Data:  13 46 E4 1B 7E 4A 31 E7 2F 46 F0 E7 7D 49 07 A8 ...
T2914 005:378.310   completely In flash
T2914 005:378.361 - 0.183ms returns 0xBD0
T2914 005:379.290 JLINK_WriteMem(0x0A0B04B0, 0xBD0 Bytes, ...)
T2914 005:379.360   Data:  E6 F7 58 FB 68 B1 A6 EB 04 09 49 46 20 46 4B 4A ...
T2914 005:379.416   completely In flash
T2914 005:379.470 - 0.180ms returns 0xBD0
T2914 005:380.482 JLINK_WriteMem(0x0A0B1080, 0xBC0 Bytes, ...)
T2914 005:380.587   Data:  08 04 21 46 40 46 24 4A 18 F0 97 FF 00 28 FF F6 ...
T2914 005:380.643   completely In flash
T2914 005:380.693 - 0.213ms returns 0xBC0
T2914 005:381.759 JLINK_WriteMem(0x0A0B1C40, 0xBC0 Bytes, ...)
T2914 005:381.879   Data:  54 51 C4 F8 F4 50 18 F0 88 F8 D4 F8 18 02 C4 F8 ...
T2914 005:381.963   completely In flash
T2914 005:382.039 - 0.280ms returns 0xBC0
T2914 005:383.363 JLINK_WriteMem(0x0A0B2800, 0xBD0 Bytes, ...)
T2914 005:383.515   Data:  B0 31 01 2B 03 D1 4F F0 FF 33 09 93 D3 E5 28 46 ...
T2914 005:383.578   completely In flash
T2914 005:383.632 - 0.271ms returns 0xBD0
T2914 005:385.145 JLINK_WriteMem(0x0A0B33D0, 0xBD0 Bytes, ...)
T2914 005:385.497   Data:  E0 34 E0 1D 23 B9 4F F0 FF 33 09 93 FE F7 EB BF ...
T2914 005:385.925   completely In flash
T2914 005:386.019 - 0.876ms returns 0xBD0
T2914 005:387.174 JLINK_WriteMem(0x0A0B3FA0, 0xBD0 Bytes, ...)
T2914 005:387.268   Data:  BD FD 4F F0 FF 33 09 93 FE F7 05 BA D0 F8 78 02 ...
T2914 005:387.340   completely In flash
T2914 005:387.393 - 0.219ms returns 0xBD0
T2914 005:388.510 JLINK_WriteMem(0x0A0B4B70, 0xBC0 Bytes, ...)
T2914 005:388.597   Data:  D8 BB 1B 00 E7 DA 18 00 13 DB 18 00 F2 D8 17 00 ...
T2914 005:388.675   completely In flash
T2914 005:388.750 - 0.241ms returns 0xBC0
T2914 005:389.872 JLINK_WriteMem(0x0A0B5730, 0xBC0 Bytes, ...)
T2914 005:389.956   Data:  F8 E7 00 25 20 46 F2 F7 AF FF 80 46 10 B1 00 22 ...
T2914 005:390.013   completely In flash
T2914 005:390.065 - 0.194ms returns 0xBC0
T2914 005:391.086 JLINK_WriteMem(0x0A0B62F0, 0xBB0 Bytes, ...)
T2914 005:391.151   Data:  E5 F9 05 46 18 B1 74 6D 24 B9 15 F0 29 FA 00 25 ...
T2914 005:391.205   completely In flash
T2914 005:391.258 - 0.172ms returns 0xBB0
T2914 005:392.315 JLINK_WriteMem(0x0A0B6EA0, 0xBB0 Bytes, ...)
T2914 005:392.453   Data:  CB BF 10 BD 49 E6 18 00 10 B5 90 F8 B0 31 04 46 ...
T2914 005:392.544   completely In flash
T2914 005:392.625 - 0.310ms returns 0xBB0
T2914 005:393.835 JLINK_WriteMem(0x0A0B7A50, 0xBC0 Bytes, ...)
T2914 005:393.936   Data:  60 E9 18 00 83 E9 18 00 A7 E9 18 00 DA E9 18 00 ...
T2914 005:393.992   completely In flash
T2914 005:394.043 - 0.209ms returns 0xBC0
T2914 005:395.201 JLINK_WriteMem(0x0A0B8610, 0xBB0 Bytes, ...)
T2914 005:395.285   Data:  12 F0 76 FD 03 B0 30 BD 31 F4 18 00 85 4A 0B 00 ...
T2914 005:395.340   completely In flash
T2914 005:395.393 - 0.192ms returns 0xBB0
T2914 005:396.749 JLINK_WriteMem(0x0A0B91C0, 0xBD0 Bytes, ...)
T2914 005:396.909   Data:  0B 88 03 80 8B 78 83 70 D7 F8 98 21 D7 F8 08 11 ...
T2914 005:396.998   completely In flash
T2914 005:397.077 - 0.329ms returns 0xBD0
T2914 005:398.516 JLINK_WriteMem(0x0A0B9D90, 0xBC0 Bytes, ...)
T2914 005:398.675   Data:  A8 49 04 93 90 F8 DE 30 03 93 90 F8 DD 30 02 93 ...
T2914 005:398.762   completely In flash
T2914 005:398.833 - 0.316ms returns 0xBC0
T2914 005:400.049 JLINK_WriteMem(0x0A0BA950, 0xBD0 Bytes, ...)
T2914 005:400.173   Data:  07 06 B6 E7 03 2F 04 D8 5B 49 02 20 10 F0 DE F8 ...
T2914 005:400.230   completely In flash
T2914 005:400.282 - 0.234ms returns 0xBD0
T2914 005:401.526 JLINK_WriteMem(0x0A0BB520, 0xBA0 Bytes, ...)
T2914 005:401.657   Data:  01 31 82 80 1B 68 E0 E7 F8 BD 10 B5 04 46 0B 46 ...
T2914 005:401.754   completely In flash
T2914 005:401.829 - 0.304ms returns 0xBA0
T2914 005:403.085 JLINK_WriteMem(0x0A0BC0C0, 0xBB0 Bytes, ...)
T2914 005:403.207   Data:  65 FA 20 46 C4 F8 A0 51 DA F7 AA FD 20 46 DA F7 ...
T2914 005:403.263   completely In flash
T2914 005:403.315 - 0.231ms returns 0xBB0
T2914 005:404.335 JLINK_WriteMem(0x0A0BCC70, 0xBB0 Bytes, ...)
T2914 005:404.443   Data:  07 4A 0E F0 37 F9 20 46 FE F7 80 FC 15 B1 30 46 ...
T2914 005:404.498   completely In flash
T2914 005:404.550 - 0.215ms returns 0xBB0
T2914 005:405.599 JLINK_WriteMem(0x0A0BD820, 0xBC0 Bytes, ...)
T2914 005:405.699   Data:  78 E6 D4 F8 A0 01 B8 F1 00 0F 22 D0 98 F8 01 20 ...
T2914 005:405.761   completely In flash
T2914 005:405.813 - 0.215ms returns 0xBC0
T2914 005:406.807 JLINK_WriteMem(0x0A0BE3E0, 0xBB0 Bytes, ...)
T2914 005:406.913   Data:  D4 F8 C4 00 58 B1 29 46 DC F7 E2 F9 38 B9 06 21 ...
T2914 005:406.972   completely In flash
T2914 005:407.027 - 0.220ms returns 0xBB0
T2914 005:407.991 JLINK_WriteMem(0x0A0BEF90, 0xBC0 Bytes, ...)
T2914 005:408.080   Data:  01 23 20 46 09 99 C9 F5 FA 72 E3 F7 09 F9 00 28 ...
T2914 005:408.139   completely In flash
T2914 005:408.193 - 0.203ms returns 0xBC0
T2914 005:409.162 JLINK_WriteMem(0x0A0BFB50, 0xBC0 Bytes, ...)
T2914 005:409.257   Data:  DB F8 48 30 1A 68 C4 F8 38 21 CB 6F C3 B1 39 46 ...
T2914 005:409.317   completely In flash
T2914 005:409.369 - 0.208ms returns 0xBC0
T2914 005:410.315 JLINK_WriteMem(0x0A0C0710, 0xBD0 Bytes, ...)
T2914 005:410.406   Data:  01 21 23 46 CD E9 04 65 FF F7 10 FF 06 B0 70 BD ...
T2914 005:410.465   completely In flash
T2914 005:410.517 - 0.201ms returns 0xBD0
T2914 005:411.494 JLINK_WriteMem(0x0A0C12E0, 0xBB0 Bytes, ...)
T2914 005:411.595   Data:  E5 78 26 79 67 79 0E 93 D4 E9 05 B3 0F 93 03 F0 ...
T2914 005:411.651   completely In flash
T2914 005:411.703 - 0.209ms returns 0xBB0
T2914 005:412.927 JLINK_WriteMem(0x0A0C1E90, 0xBB0 Bytes, ...)
T2914 005:413.052   Data:  2E 49 08 F0 43 FE BB E7 04 21 20 46 2C 4A 09 F0 ...
T2914 005:413.123   completely In flash
T2914 005:413.185 - 0.259ms returns 0xBB0
T2914 005:414.235 JLINK_WriteMem(0x0A0C2A40, 0xBC0 Bytes, ...)
T2914 005:414.333   Data:  01 08 EB E7 01 35 E9 E7 B9 F1 00 0F 01 D0 08 4A ...
T2914 005:414.393   completely In flash
T2914 005:414.446 - 0.211ms returns 0xBC0
T2914 005:415.412 JLINK_WriteMem(0x0A0C3600, 0xBA0 Bytes, ...)
T2914 005:415.534   Data:  73 FF 01 9B 28 46 99 88 FF F7 6E FF 01 9B 28 46 ...
T2914 005:415.613   completely In flash
T2914 005:415.682 - 0.274ms returns 0xBA0
T2914 005:417.114 JLINK_WriteMem(0x0A0C41A0, 0xBC0 Bytes, ...)
T2914 005:417.268   Data:  20 23 C4 F8 B4 60 8C BF A4 F8 E0 30 A4 F8 E0 90 ...
T2914 005:417.385   completely In flash
T2914 005:417.461 - 0.347ms returns 0xBC0
T2914 005:418.739 JLINK_WriteMem(0x0A0C4D60, 0xBC0 Bytes, ...)
T2914 005:418.830   Data:  CD E9 01 76 D4 F8 44 01 AD F8 10 30 01 AA C0 47 ...
T2914 005:418.899   completely In flash
T2914 005:418.952 - 0.214ms returns 0xBC0
T2914 005:420.147 JLINK_WriteMem(0x0A0C5920, 0xBA0 Bytes, ...)
T2914 005:420.227   Data:  24 49 E7 E7 4F F4 7A 70 05 F0 C8 FE 04 46 00 28 ...
T2914 005:420.289   completely In flash
T2914 005:420.343 - 0.196ms returns 0xBA0
T2914 005:421.533 JLINK_WriteMem(0x0A0C64C0, 0xB90 Bytes, ...)
T2914 005:421.650   Data:  D8 20 CD F8 3C 80 10 91 91 68 13 AB 11 91 52 68 ...
T2914 005:421.711   completely In flash
T2914 005:421.763 - 0.230ms returns 0xB90
T2914 005:422.868 JLINK_WriteMem(0x0A0C7050, 0xBC0 Bytes, ...)
T2914 005:422.977   Data:  65 FD 01 24 20 46 38 BD 00 24 FB E7 78 77 19 00 ...
T2914 005:423.033   completely In flash
T2914 005:423.085 - 0.217ms returns 0xBC0
T2914 005:424.189 JLINK_WriteMem(0x0A0C7C10, 0xBB0 Bytes, ...)
T2914 005:424.260   Data:  BE 77 80 22 38 46 89 B1 A3 F0 F2 FE C8 20 03 F0 ...
T2914 005:424.321   completely In flash
T2914 005:424.373 - 0.184ms returns 0xBB0
T2914 005:425.455 JLINK_WriteMem(0x0A0C87C0, 0xBA0 Bytes, ...)
T2914 005:425.534   Data:  FC F7 06 FC 02 23 04 46 41 E5 FC F7 35 FC 03 23 ...
T2914 005:425.604   completely In flash
T2914 005:425.655 - 0.200ms returns 0xBA0
T2914 005:426.982 JLINK_WriteMem(0x0A0C9360, 0xB90 Bytes, ...)
T2914 005:427.123   Data:  FB F7 B6 F9 07 46 40 B9 DD F8 7C 82 B8 F1 00 0F ...
T2914 005:427.206   completely In flash
T2914 005:427.283 - 0.301ms returns 0xB90
T2914 005:428.665 JLINK_WriteMem(0x0A0C9EF0, 0xBA0 Bytes, ...)
T2914 005:428.793   Data:  F9 D1 01 3B 93 42 18 46 01 D2 00 20 04 E0 90 F9 ...
T2914 005:428.855   completely In flash
T2914 005:428.908 - 0.245ms returns 0xBA0
T2914 005:430.086 JLINK_WriteMem(0x0A0CAA90, 0xBB0 Bytes, ...)
T2914 005:430.206   Data:  06 4B 1B 68 9B 07 04 D5 05 A9 04 98 01 91 A0 F0 ...
T2914 005:430.597   completely In flash
T2914 005:430.689 - 0.604ms returns 0xBB0
T2914 005:432.478 JLINK_WriteMem(0x0A0CB640, 0xBB0 Bytes, ...)
T2914 005:432.621   Data:  13 F8 01 2F 1A B9 83 42 FA D1 01 20 70 47 00 20 ...
T2914 005:432.708   completely In flash
T2914 005:432.818 - 0.340ms returns 0xBB0
T2914 005:434.457 JLINK_WriteMem(0x0A0CC1F0, 0xBC0 Bytes, ...)
T2914 005:434.630   Data:  20 46 1C 4A FD F7 E1 FE 00 28 01 DB 85 42 03 D8 ...
T2914 005:434.715   completely In flash
T2914 005:434.791 - 0.335ms returns 0xBC0
T2914 005:436.055 JLINK_WriteMem(0x0A0CCDB0, 0xBA0 Bytes, ...)
T2914 005:436.189   Data:  00 2B 3F F4 1D AF 2A 46 21 46 0F 48 FE F7 EA F9 ...
T2914 005:436.252   completely In flash
T2914 005:436.303 - 0.250ms returns 0xBA0
T2914 005:438.077 JLINK_WriteMem(0x0A0CD950, 0xBC0 Bytes, ...)
T2914 005:438.187   Data:  BB 42 10 93 09 D9 D4 F8 E4 03 00 95 3B 46 02 21 ...
T2914 005:438.242   completely In flash
T2914 005:438.292 - 0.215ms returns 0xBC0
T2914 005:444.004 JLINK_WriteMem(0x0A0CE510, 0xBA0 Bytes, ...)
T2914 005:445.159   Data:  FE F7 74 FC 2C 9B 13 B1 20 46 FD F7 FB FE D4 F8 ...
T2914 005:445.239   completely In flash
T2914 005:445.290 - 1.288ms returns 0xBA0
T2914 005:447.029 JLINK_WriteMem(0x0A0CF0B0, 0xBB0 Bytes, ...)
T2914 005:447.184   Data:  62 F3 00 03 80 F8 90 34 B4 E7 90 F8 28 34 62 F3 ...
T2914 005:447.267   completely In flash
T2914 005:447.340 - 0.313ms returns 0xBB0
T2914 005:448.675 JLINK_WriteMem(0x0A0CFC60, 0xBA0 Bytes, ...)
T2914 005:448.816   Data:  46 D0 B5 F5 00 6F 47 D0 B5 F5 00 3F 48 D0 B5 F5 ...
T2914 005:448.885   completely In flash
T2914 005:449.049 - 0.373ms returns 0xBA0
T2914 005:450.899 JLINK_WriteMem(0x0A0D0800, 0xBB0 Bytes, ...)
T2914 005:451.066   Data:  63 78 00 93 23 78 FA F7 89 F9 06 B0 70 BD 00 BF ...
T2914 005:451.150   completely In flash
T2914 005:451.225 - 0.328ms returns 0xBB0
T2914 005:452.380 JLINK_WriteMem(0x0A0D13B0, 0xBC0 Bytes, ...)
T2914 005:452.521   Data:  80 53 ED E7 08 23 EB E7 0F 69 4A 69 00 2F D8 BF ...
T2914 005:452.578   completely In flash
T2914 005:452.629 - 0.250ms returns 0xBC0
T2914 005:453.769 JLINK_WriteMem(0x0A0D1F70, 0xBB0 Bytes, ...)
T2914 005:453.870   Data:  FC D2 19 00 CA D2 19 00 1C D3 19 00 42 D3 19 00 ...
T2914 005:453.927   completely In flash
T2914 005:453.977 - 0.207ms returns 0xBB0
T2914 005:455.076 JLINK_WriteMem(0x0A0D2B20, 0xBB0 Bytes, ...)
T2914 005:455.156   Data:  99 42 18 D0 D2 F8 3C 55 58 1C 55 F8 23 50 A5 42 ...
T2914 005:455.209   completely In flash
T2914 005:455.259 - 0.184ms returns 0xBB0
T2914 005:456.301 JLINK_WriteMem(0x0A0D36D0, 0xBC0 Bytes, ...)
T2914 005:456.373   Data:  0B 79 02 93 CB 78 01 93 8B 78 00 93 4B 78 0A 78 ...
T2914 005:456.425   completely In flash
T2914 005:456.476 - 0.174ms returns 0xBC0
T2914 005:457.715 JLINK_WriteMem(0x0A0D4290, 0xBB0 Bytes, ...)
T2914 005:457.839   Data:  0C A9 FC F7 9B F9 28 46 05 99 FB F7 D1 FE 28 46 ...
T2914 005:457.900   completely In flash
T2914 005:457.951 - 0.238ms returns 0xBB0
T2914 005:459.088 JLINK_WriteMem(0x0A0D4E40, 0xBB0 Bytes, ...)
T2914 005:459.189   Data:  68 81 00 F2 5C 81 08 2B 00 F0 66 81 A3 F1 80 02 ...
T2914 005:459.255   completely In flash
T2914 005:459.310 - 0.223ms returns 0xBB0
T2914 005:460.382 JLINK_WriteMem(0x0A0D59F0, 0xBB0 Bytes, ...)
T2914 005:460.459   Data:  5A 64 57 F8 14 2F BA 42 F2 D0 D2 F8 1C 56 AC 42 ...
T2914 005:460.527   completely In flash
T2914 005:460.577 - 0.195ms returns 0xBB0
T2914 005:461.577 JLINK_WriteMem(0x0A0D65A0, 0xBB0 Bytes, ...)
T2914 005:461.651   Data:  00 25 04 EB 07 0A 07 F1 01 0B 1D E0 0A EB 05 03 ...
T2914 005:461.811   completely In flash
T2914 005:461.862 - 0.285ms returns 0xBB0
T2914 005:463.255 JLINK_WriteMem(0x0A0D7150, 0xBC0 Bytes, ...)
T2914 005:463.412   Data:  20 46 FC E7 70 B5 03 68 05 46 D3 F8 64 08 0C 46 ...
T2914 005:463.496   completely In flash
T2914 005:463.577 - 0.323ms returns 0xBC0
T2914 005:465.025 JLINK_WriteMem(0x0A0D7D10, 0xBB0 Bytes, ...)
T2914 005:465.206   Data:  43 F0 02 03 A1 E7 DD 2A 04 D0 09 EB 05 03 CD F8 ...
T2914 005:465.310   completely In flash
T2914 005:465.398 - 0.375ms returns 0xBB0
T2914 005:466.968 JLINK_WriteMem(0x0A0D88C0, 0xBB0 Bytes, ...)
T2914 005:467.125   Data:  B8 F1 00 0F 3F F4 63 AF 13 A8 FB F7 BD F8 00 2C ...
T2914 005:467.213   completely In flash
T2914 005:467.291 - 0.323ms returns 0xBB0
T2914 005:468.989 JLINK_WriteMem(0x0A0D9470, 0xBB0 Bytes, ...)
T2914 005:469.133   Data:  A0 12 1A 00 39 5B 0D 00 00 23 2D E9 F0 41 80 F8 ...
T2914 005:469.193   completely In flash
T2914 005:469.243 - 0.256ms returns 0xBB0
T2914 005:470.273 JLINK_WriteMem(0x0A0DA020, 0xBA0 Bytes, ...)
T2914 005:470.398   Data:  90 F0 28 FE 00 23 8D F8 F7 31 23 68 06 21 D3 F8 ...
T2914 005:470.454   completely In flash
T2914 005:470.504 - 0.232ms returns 0xBA0
T2914 005:471.645 JLINK_WriteMem(0x0A0DABC0, 0xB80 Bytes, ...)
T2914 005:471.749   Data:  1D 4A EF F7 FA F9 05 1E DE DB AE 42 DC D9 94 F8 ...
T2914 005:471.804   completely In flash
T2914 005:471.856 - 0.211ms returns 0xB80
T2914 005:472.911 JLINK_WriteMem(0x0A0DB740, 0xBA0 Bytes, ...)
T2914 005:472.997   Data:  08 D9 2B 79 0A 2B 05 D1 35 49 02 20 EF F7 E6 F9 ...
T2914 005:473.049   completely In flash
T2914 005:473.099 - 0.189ms returns 0xBA0
T2914 005:474.186 JLINK_WriteMem(0x0A0DC2E0, 0xB90 Bytes, ...)
T2914 005:474.285   Data:  09 29 B3 D8 DF E8 11 F0 3B 00 31 00 35 00 73 00 ...
T2914 005:474.337   completely In flash
T2914 005:474.387 - 0.202ms returns 0xB90
T2914 005:475.597 JLINK_WriteMem(0x0A0DCE70, 0xB80 Bytes, ...)
T2914 005:475.721   Data:  02 20 18 49 04 B0 BD E8 10 40 ED F7 4F BE 05 2C ...
T2914 005:475.839   completely In flash
T2914 005:475.915 - 0.320ms returns 0xB80
T2914 005:477.085 JLINK_WriteMem(0x0A0DD9F0, 0xB90 Bytes, ...)
T2914 005:477.201   Data:  01 21 20 46 FF F7 76 FF 0F E0 4F F0 01 0A F1 E7 ...
T2914 005:477.256   completely In flash
T2914 005:477.307 - 0.222ms returns 0xB90
T2914 005:478.358 JLINK_WriteMem(0x0A0DE580, 0xBA0 Bytes, ...)
T2914 005:478.511   Data:  00 23 10 4E 35 68 1D B9 CB B1 DC 63 00 20 F6 E7 ...
T2914 005:478.566   completely In flash
T2914 005:478.616 - 0.258ms returns 0xBA0
T2914 005:480.149 JLINK_WriteMem(0x0A0DF120, 0xB90 Bytes, ...)
T2914 005:480.272   Data:  6B 6C 04 44 63 B1 D3 F8 20 90 B9 F1 00 0F 07 D0 ...
T2914 005:480.331   completely In flash
T2914 005:480.381 - 0.233ms returns 0xB90
T2914 005:481.504 JLINK_WriteMem(0x0A0DFCB0, 0xBA0 Bytes, ...)
T2914 005:481.645   Data:  05 9B 14 49 EB F7 0A F9 E0 6A EB F7 49 FD 00 22 ...
T2914 005:481.725   completely In flash
T2914 005:481.817 - 0.314ms returns 0xBA0
T2914 005:483.432 JLINK_WriteMem(0x0A0E0850, 0xBA0 Bytes, ...)
T2914 005:483.567   Data:  D1 D0 F1 E7 24 22 00 21 17 A8 DF F8 0C A2 8A F0 ...
T2914 005:483.623   completely In flash
T2914 005:483.674 - 0.243ms returns 0xBA0
T2914 005:484.865 JLINK_WriteMem(0x0A0E13F0, 0xBA0 Bytes, ...)
T2914 005:484.973   Data:  DA 69 1A 00 F8 69 1A 00 3B 6A 1A 00 A2 6A 1A 00 ...
T2914 005:485.030   completely In flash
T2914 005:485.081 - 0.218ms returns 0xBA0
T2914 005:486.043 JLINK_WriteMem(0x0A0E1F90, 0xBA0 Bytes, ...)
T2914 005:486.123   Data:  6D F9 80 46 18 B9 01 23 23 70 00 24 21 E0 28 46 ...
T2914 005:486.176   completely In flash
T2914 005:486.226 - 0.184ms returns 0xBA0
T2914 005:487.255 JLINK_WriteMem(0x0A0E2B30, 0xBA0 Bytes, ...)
T2914 005:487.340   Data:  FD F7 2C FB 0C A9 04 46 38 46 FD F7 5F FB 07 9B ...
T2914 005:487.405   completely In flash
T2914 005:487.454 - 0.200ms returns 0xBA0
T2914 005:488.513 JLINK_WriteMem(0x0A0E36D0, 0xBA0 Bytes, ...)
T2914 005:488.580   Data:  02 20 31 49 E7 F7 50 FB 04 F1 AC 02 17 46 0D F1 ...
T2914 005:488.633   completely In flash
T2914 005:488.683 - 0.170ms returns 0xBA0
T2914 005:489.644 JLINK_WriteMem(0x0A0E4270, 0xBB0 Bytes, ...)
T2914 005:489.700   Data:  94 F8 44 10 00 F0 8E FC 05 46 9A E7 96 F8 D4 30 ...
T2914 005:490.088   completely In flash
T2914 005:490.173 - 0.529ms returns 0xBB0
T2914 005:491.144 JLINK_WriteMem(0x0A0E4E20, 0xBC0 Bytes, ...)
T2914 005:491.195   Data:  69 91 1A 00 38 B5 00 25 04 46 85 60 40 68 E6 F7 ...
T2914 005:491.247   completely In flash
T2914 005:491.297 - 0.154ms returns 0xBC0
T2914 005:492.413 JLINK_WriteMem(0x0A0E59E0, 0xBA0 Bytes, ...)
T2914 005:492.518   Data:  6D FE 06 46 20 B9 20 68 E5 F7 C1 FE 26 60 A5 E7 ...
T2914 005:492.594   completely In flash
T2914 005:492.668 - 0.255ms returns 0xBA0
T2914 005:493.981 JLINK_WriteMem(0x0A0E6580, 0xBA0 Bytes, ...)
T2914 005:494.107   Data:  AB 78 84 F8 48 30 B8 F1 01 0F 09 9F 08 D1 38 46 ...
T2914 005:494.197   completely In flash
T2914 005:494.268 - 0.287ms returns 0xBA0
T2914 005:495.513 JLINK_WriteMem(0x0A0E7120, 0xBB0 Bytes, ...)
T2914 005:495.600   Data:  18 9B 2B BB 31 46 20 46 06 AA 06 F0 02 FA 00 28 ...
T2914 005:495.656   completely In flash
T2914 005:495.707 - 0.194ms returns 0xBB0
T2914 005:496.837 JLINK_WriteMem(0x0A0E7CD0, 0xBB0 Bytes, ...)
T2914 005:496.954   Data:  00 93 CB 68 4A 68 10 49 E2 F7 20 FF 2B 6F DB 00 ...
T2914 005:497.021   completely In flash
T2914 005:497.085 - 0.250ms returns 0xBB0
T2914 005:498.458 JLINK_WriteMem(0x0A0E8880, 0xBC0 Bytes, ...)
T2914 005:498.704   Data:  23 1D CD E9 01 34 C7 F3 03 17 AD F8 02 70 03 96 ...
T2914 005:498.779   completely In flash
T2914 005:498.849 - 0.397ms returns 0xBC0
T2914 005:500.171 JLINK_WriteMem(0x0A0E9440, 0xBB0 Bytes, ...)
T2914 005:500.327   Data:  93 B2 99 42 35 D8 00 23 4F F0 FF 36 4F F4 CC 70 ...
T2914 005:500.411   completely In flash
T2914 005:500.484 - 0.314ms returns 0xBB0
T2914 005:501.712 JLINK_WriteMem(0x0A0E9FF0, 0xBB0 Bytes, ...)
T2914 005:501.822   Data:  00 94 08 A9 AD F8 38 80 FF F7 16 FF 12 B0 BD E8 ...
T2914 005:501.878   completely In flash
T2914 005:501.928 - 0.217ms returns 0xBB0
T2914 005:502.947 JLINK_WriteMem(0x0A0EABA0, 0xBC0 Bytes, ...)
T2914 005:503.038   Data:  0C AA B2 F7 E9 F9 BC E7 01 34 DC E7 FC 16 1B 00 ...
T2914 005:503.095   completely In flash
T2914 005:503.144 - 0.198ms returns 0xBC0
T2914 005:504.054 JLINK_WriteMem(0x0A0EB760, 0xBC0 Bytes, ...)
T2914 005:504.160   Data:  20 46 2C F0 01 FC 00 28 BC D0 B4 E7 B4 F9 04 30 ...
T2914 005:504.245   completely In flash
T2914 005:504.318 - 0.265ms returns 0xBC0
T2914 005:505.544 JLINK_WriteMem(0x0A0EC320, 0xBB0 Bytes, ...)
T2914 005:505.636   Data:  EF E7 04 25 ED E7 2F F0 CC FC 29 46 20 46 31 F0 ...
T2914 005:505.715   completely In flash
T2914 005:505.765 - 0.222ms returns 0xBB0
T2914 005:506.879 JLINK_WriteMem(0x0A0ECED0, 0xBB0 Bytes, ...)
T2914 005:506.995   Data:  4F EA 73 7A 3A 44 81 EA 73 73 10 9F 03 EA 72 63 ...
T2914 005:507.054   completely In flash
T2914 005:507.106 - 0.228ms returns 0xBB0
T2914 005:508.233 JLINK_WriteMem(0x0A0EDA80, 0xBA0 Bytes, ...)
T2914 005:508.334   Data:  DC F7 6F F9 23 46 03 90 42 46 00 20 2F 49 DD F7 ...
T2914 005:508.389   completely In flash
T2914 005:508.439 - 0.207ms returns 0xBA0
T2914 005:509.587 JLINK_WriteMem(0x0A0EE620, 0xBB0 Bytes, ...)
T2914 005:509.689   Data:  30 49 DC F7 E7 FB 06 F1 84 02 20 23 01 20 2E 49 ...
T2914 005:509.745   completely In flash
T2914 005:509.794 - 0.208ms returns 0xBB0
T2914 005:511.109 JLINK_WriteMem(0x0A0EF1D0, 0xBB0 Bytes, ...)
T2914 005:511.244   Data:  C6 FE 00 28 EF D0 22 46 39 46 30 46 FC F7 71 FF ...
T2914 005:511.327   completely In flash
T2914 005:511.406 - 0.297ms returns 0xBB0
T2914 005:512.953 JLINK_WriteMem(0x0A0EFD80, 0xBC0 Bytes, ...)
T2914 005:513.141   Data:  95 CB 1A 00 A9 CB 1A 00 B9 CB 1A 00 E0 CB 1A 00 ...
T2914 005:513.260   completely In flash
T2914 005:513.329 - 0.378ms returns 0xBC0
T2914 005:515.680 JLINK_WriteMem(0x0A0F0940, 0xBB0 Bytes, ...)
T2914 005:516.001   Data:  DA F7 EC F8 00 20 14 E0 0D 22 38 46 36 49 D9 F7 ...
T2914 005:516.089   completely In flash
T2914 005:516.168 - 0.492ms returns 0xBB0
T2914 005:518.363 JLINK_WriteMem(0x0A0F14F0, 0xBB0 Bytes, ...)
T2914 005:518.497   Data:  02 3B 6B 70 3D 46 74 E7 87 D2 1A 00 92 D2 1A 00 ...
T2914 005:518.554   completely In flash
T2914 005:518.607 - 0.245ms returns 0xBB0
T2914 005:519.882 JLINK_WriteMem(0x0A0F20A0, 0xBB0 Bytes, ...)
T2914 005:520.021   Data:  7A E3 1A 00 23 46 32 46 59 46 20 46 FA F7 F2 F8 ...
T2914 005:520.101   completely In flash
T2914 005:520.172 - 0.291ms returns 0xBB0
T2914 005:521.354 JLINK_WriteMem(0x0A0F2C50, 0xBD0 Bytes, ...)
T2914 005:521.460   Data:  51 46 21 A8 F9 F7 A3 F9 04 46 C8 B3 02 46 08 99 ...
T2914 005:521.527   completely In flash
T2914 005:521.581 - 0.228ms returns 0xBD0
T2914 005:522.661 JLINK_WriteMem(0x0A0F3820, 0xBD0 Bytes, ...)
T2914 005:522.746   Data:  BE FB 82 46 B8 F1 00 0F 09 D1 00 21 40 46 F8 F7 ...
T2914 005:522.800   completely In flash
T2914 005:522.850 - 0.189ms returns 0xBD0
T2914 005:523.931 JLINK_WriteMem(0x0A0F43F0, 0xBD0 Bytes, ...)
T2914 005:524.015   Data:  22 D0 14 4B 15 48 B2 F5 80 7F 18 BF 18 46 70 47 ...
T2914 005:524.069   completely In flash
T2914 005:524.119 - 0.188ms returns 0xBD0
T2914 005:525.188 JLINK_WriteMem(0x0A0F4FC0, 0xBB0 Bytes, ...)
T2914 005:525.265   Data:  B9 6F 20 00 69 F4 1A 00 8B 05 02 46 23 D4 C8 05 ...
T2914 005:525.318   completely In flash
T2914 005:525.367 - 0.180ms returns 0xBB0
T2914 005:526.566 JLINK_WriteMem(0x0A0F5B70, 0xBB0 Bytes, ...)
T2914 005:526.668   Data:  7D D1 06 20 50 49 D4 F7 D1 FF 25 98 D4 F7 ED F8 ...
T2914 005:526.727   completely In flash
T2914 005:526.777 - 0.211ms returns 0xBB0
T2914 005:527.783 JLINK_WriteMem(0x0A0F6720, 0xBB0 Bytes, ...)
T2914 005:527.881   Data:  FF F7 F7 BA 43 B0 BD EC 04 8B BD E8 F0 8F 00 BF ...
T2914 005:527.939   completely In flash
T2914 005:527.989 - 0.206ms returns 0xBB0
T2914 005:528.981 JLINK_WriteMem(0x0A0F72D0, 0xBC0 Bytes, ...)
T2914 005:529.083   Data:  D3 F7 24 FC 4F F0 FF 30 E0 E7 04 F1 60 05 2A 46 ...
T2914 005:529.137   completely In flash
T2914 005:529.189 - 0.209ms returns 0xBC0
T2914 005:530.173 JLINK_WriteMem(0x0A0F7E90, 0xBC0 Bytes, ...)
T2914 005:530.282   Data:  51 46 04 F1 0C 00 73 F0 85 F8 07 46 00 28 40 F0 ...
T2914 005:530.345   completely In flash
T2914 005:530.399 - 0.225ms returns 0xBC0
T2914 005:531.359 JLINK_WriteMem(0x0A0F8A50, 0xBB0 Bytes, ...)
T2914 005:531.449   Data:  04 F1 0A 0B D5 F8 C8 05 20 B1 D5 F8 CC 35 0D 9A ...
T2914 005:531.509   completely In flash
T2914 005:531.559 - 0.200ms returns 0xBB0
T2914 005:532.473 JLINK_WriteMem(0x0A0F9600, 0xBB0 Bytes, ...)
T2914 005:532.654   Data:  D1 F8 8D 01 D1 F8 91 11 03 C2 D9 68 D1 F8 95 01 ...
T2914 005:532.745   completely In flash
T2914 005:532.823 - 0.351ms returns 0xBB0
T2914 005:534.003 JLINK_WriteMem(0x0A0FA1B0, 0xBC0 Bytes, ...)
T2914 005:534.109   Data:  D7 F8 80 10 0E 93 2B 7D 07 F1 60 00 0F 93 6B 7D ...
T2914 005:534.163   completely In flash
T2914 005:534.213 - 0.211ms returns 0xBC0
T2914 005:535.158 JLINK_WriteMem(0x0A0FAD70, 0xBD0 Bytes, ...)
T2914 005:535.249   Data:  64 04 03 B0 BD E8 30 40 FF F7 9C BB 00 20 03 B0 ...
T2914 005:535.307   completely In flash
T2914 005:535.357 - 0.200ms returns 0xBD0
T2914 005:536.327 JLINK_WriteMem(0x0A0FB940, 0xBA0 Bytes, ...)
T2914 005:536.419   Data:  21 7B 02 91 E1 7A 01 91 A1 7A 00 91 54 49 5F E6 ...
T2914 005:536.504   completely In flash
T2914 005:536.558 - 0.232ms returns 0xBA0
T2914 005:537.584 JLINK_WriteMem(0x0A0FC4E0, 0xBA0 Bytes, ...)
T2914 005:537.690   Data:  80 30 2B B3 04 F1 11 01 08 46 FF F7 0D FF F8 B9 ...
T2914 005:537.749   completely In flash
T2914 005:537.798 - 0.216ms returns 0xBA0
T2914 005:538.786 JLINK_WriteMem(0x0A0FD080, 0xBB0 Bytes, ...)
T2914 005:538.880   Data:  F7 B5 05 46 00 24 83 6A 0D 4F 1E 68 EA 68 21 46 ...
T2914 005:539.028   completely In flash
T2914 005:539.079 - 0.294ms returns 0xBB0
T2914 005:540.083 JLINK_WriteMem(0x0A0FDC30, 0xBC0 Bytes, ...)
T2914 005:540.198   Data:  84 F8 2C 30 05 20 23 46 05 4A CD F8 00 80 CD F7 ...
T2914 005:540.260   completely In flash
T2914 005:540.336 - 0.253ms returns 0xBC0
T2914 005:541.163 JLINK_WriteMem(0x0A0FE7F0, 0xBB0 Bytes, ...)
T2914 005:541.237   Data:  4F F0 FF 30 11 B0 BD E8 F0 8F 0B AF D1 E7 77 46 ...
T2914 005:541.294   completely In flash
T2914 005:541.345 - 0.182ms returns 0xBB0
T2914 005:542.771 JLINK_WriteMem(0x0A0FF3A0, 0xBB0 Bytes, ...)
T2914 005:542.889   Data:  00 95 F8 F7 49 FB A8 42 04 DA 04 20 07 49 CB F7 ...
T2914 005:542.972   completely In flash
T2914 005:543.048 - 0.278ms returns 0xBB0
T2914 005:544.223 JLINK_WriteMem(0x0A0FFF50, 0xBC0 Bytes, ...)
T2914 005:544.342   Data:  5E 63 D4 F8 E0 20 D5 F8 4C 05 02 F1 24 03 04 32 ...
T2914 005:544.733   completely In flash
T2914 005:545.449 - 1.225ms returns 0xBC0
T2914 005:546.654 JLINK_WriteMem(0x0A100B10, 0xBA0 Bytes, ...)
T2914 005:546.741   Data:  73 FA 25 20 CA F7 D2 FD 80 46 00 28 56 D0 BA F1 ...
T2914 005:546.801   completely In flash
T2914 005:546.852 - 0.199ms returns 0xBA0
T2914 005:547.665 JLINK_WriteMem(0x0A1016B0, 0xBC0 Bytes, ...)
T2914 005:547.737   Data:  46 BB 02 20 5E 49 C9 F7 31 FA D9 F8 18 30 43 F4 ...
T2914 005:547.794   completely In flash
T2914 005:547.845 - 0.180ms returns 0xBC0
T2914 005:548.671 JLINK_WriteMem(0x0A102270, 0xBA0 Bytes, ...)
T2914 005:548.748   Data:  13 43 E2 7B 13 43 07 D0 05 F1 11 0A 06 22 51 46 ...
T2914 005:549.235   completely In flash
T2914 005:549.341 - 0.670ms returns 0xBA0
T2914 005:550.611 JLINK_WriteMem(0x0A102E10, 0xBA0 Bytes, ...)
T2914 005:550.746   Data:  DE B1 B2 69 05 9B 12 F4 00 4F 0C D0 CD E9 02 B3 ...
T2914 005:550.823   completely In flash
T2914 005:550.894 - 0.284ms returns 0xBA0
T2914 005:552.213 JLINK_WriteMem(0x0A1039B0, 0xB80 Bytes, ...)
T2914 005:552.353   Data:  67 F0 22 FB 6B 68 18 34 5B 7E 04 F8 16 3C 2B 68 ...
T2914 005:552.409   completely In flash
T2914 005:552.483 - 0.271ms returns 0xB80
T2914 005:553.536 JLINK_WriteMem(0x0A104530, 0xB90 Bytes, ...)
T2914 005:553.640   Data:  B0 24 23 78 23 EA 02 03 23 70 AA 68 3A 44 92 F8 ...
T2914 005:553.694   completely In flash
T2914 005:553.745 - 0.209ms returns 0xB90
T2914 005:554.838 JLINK_WriteMem(0x0A1050C0, 0xBB0 Bytes, ...)
T2914 005:554.968   Data:  C4 66 1B 00 F5 66 1B 00 15 67 1B 00 38 B5 D1 E9 ...
T2914 005:555.046   completely In flash
T2914 005:555.119 - 0.282ms returns 0xBB0
T2914 005:556.329 JLINK_WriteMem(0x0A105C70, 0xBB0 Bytes, ...)
T2914 005:556.431   Data:  16 46 CA B1 13 78 03 F0 7F 03 50 F8 23 40 0C B9 ...
T2914 005:556.488   completely In flash
T2914 005:556.654 - 0.325ms returns 0xBB0
T2914 005:557.713 JLINK_WriteMem(0x0A106820, 0xBB0 Bytes, ...)
T2914 005:557.825   Data:  C4 F7 7C F9 F0 E7 05 21 00 F1 1F 02 23 68 D3 F8 ...
T2914 005:557.898   completely In flash
T2914 005:557.965 - 0.254ms returns 0xBB0
T2914 005:559.197 JLINK_WriteMem(0x0A1073D0, 0xBB0 Bytes, ...)
T2914 005:559.315   Data:  0A 46 01 46 01 48 C3 F7 03 BF 00 BF 41 45 10 00 ...
T2914 005:559.372   completely In flash
T2914 005:559.423 - 0.227ms returns 0xBB0
T2914 005:560.450 JLINK_WriteMem(0x0A107F80, 0xBA0 Bytes, ...)
T2914 005:560.564   Data:  00 23 30 46 3A 46 0D 4B 69 68 FF F7 2D FE 00 28 ...
T2914 005:560.617   completely In flash
T2914 005:560.667 - 0.217ms returns 0xBA0
T2914 005:561.696 JLINK_WriteMem(0x0A108B20, 0xBB0 Bytes, ...)
T2914 005:561.796   Data:  42 46 48 46 62 F0 6C FF C4 F8 D8 80 D4 F8 64 02 ...
T2914 005:561.853   completely In flash
T2914 005:561.903 - 0.208ms returns 0xBB0
T2914 005:563.073 JLINK_WriteMem(0x0A1096D0, 0xBA0 Bytes, ...)
T2914 005:563.273   Data:  04 F1 EC 01 52 F8 04 0B 8A 42 43 F8 04 0B F9 D1 ...
T2914 005:563.344   completely In flash
T2914 005:563.410 - 0.338ms returns 0xBA0
T2914 005:564.569 JLINK_WriteMem(0x0A10A270, 0xBA0 Bytes, ...)
T2914 005:564.795   Data:  96 00 2A 46 61 F0 C4 FB C4 F8 D8 50 20 46 FF F7 ...
T2914 005:564.856   completely In flash
T2914 005:564.905 - 0.337ms returns 0xBA0
T2914 005:566.096 JLINK_WriteMem(0x0A10AE10, 0xBB0 Bytes, ...)
T2914 005:566.217   Data:  65 AF 13 F4 40 6F 3F F4 4C AF 5F E7 6F 94 1B 00 ...
T2914 005:566.274   completely In flash
T2914 005:566.327 - 0.232ms returns 0xBB0
T2914 005:567.596 JLINK_WriteMem(0x0A10B9C0, 0xBA0 Bytes, ...)
T2914 005:567.739   Data:  01 2C 01 36 EA 68 51 02 61 D5 00 22 22 70 0F 22 ...
T2914 005:567.830   completely In flash
T2914 005:567.904 - 0.309ms returns 0xBA0
T2914 005:568.771 JLINK_WriteMem(0x0A10C560, 0xBB0 Bytes, ...)
T2914 005:568.846   Data:  26 78 0F 93 63 69 67 78 10 93 A3 69 94 F8 02 80 ...
T2914 005:568.900   completely In flash
T2914 005:568.951 - 0.180ms returns 0xBB0
T2914 005:570.085 JLINK_WriteMem(0x0A10D110, 0xBB0 Bytes, ...)
T2914 005:570.178   Data:  00 28 38 D1 2E 49 04 A8 FF F7 60 FC 00 28 32 D1 ...
T2914 005:570.231   completely In flash
T2914 005:570.282 - 0.197ms returns 0xBB0
T2914 005:571.525 JLINK_WriteMem(0x0A10DCC0, 0xBB0 Bytes, ...)
T2914 005:571.672   Data:  05 49 02 20 BC F7 2A FF 20 46 BD E8 10 40 00 22 ...
T2914 005:571.748   completely In flash
T2914 005:571.816 - 0.292ms returns 0xBB0
T2914 005:572.932 JLINK_WriteMem(0x0A10E870, 0xBB0 Bytes, ...)
T2914 005:573.053   Data:  38 B5 CB 7B 0C 46 1B B9 90 F8 D6 30 01 33 CB 73 ...
T2914 005:573.151   completely In flash
T2914 005:573.212 - 0.280ms returns 0xBB0
T2914 005:574.507 JLINK_WriteMem(0x0A10F420, 0xBB0 Bytes, ...)
T2914 005:574.644   Data:  4F F0 00 08 00 2B 08 BF 4F F0 00 08 D9 F8 00 30 ...
T2914 005:574.721   completely In flash
T2914 005:574.793 - 0.287ms returns 0xBB0
T2914 005:575.926 JLINK_WriteMem(0x0A10FFD0, 0xBC0 Bytes, ...)
T2914 005:576.041   Data:  72 45 09 D1 D5 F8 10 E0 9A 69 72 45 04 D1 B3 F8 ...
T2914 005:576.098   completely In flash
T2914 005:576.149 - 0.223ms returns 0xBC0
T2914 005:577.119 JLINK_WriteMem(0x0A110B90, 0xBA0 Bytes, ...)
T2914 005:577.193   Data:  F5 D3 12 1A 5C 68 5A 81 1A 89 0C 44 12 1A 5C 60 ...
T2914 005:577.247   completely In flash
T2914 005:577.301 - 0.182ms returns 0xBA0
T2914 005:578.334 JLINK_WriteMem(0x0A111730, 0xBB0 Bytes, ...)
T2914 005:578.414   Data:  6D F8 04 46 70 B1 5C 22 00 21 59 F0 5D FC FF 23 ...
T2914 005:578.468   completely In flash
T2914 005:578.518 - 0.185ms returns 0xBB0
T2914 005:579.684 JLINK_WriteMem(0x0A1122E0, 0xBB0 Bytes, ...)
T2914 005:579.800   Data:  C4 F8 88 30 B4 F8 56 30 A4 F8 70 00 43 F0 04 03 ...
T2914 005:579.855   completely In flash
T2914 005:579.905 - 0.223ms returns 0xBB0
T2914 005:580.893 JLINK_WriteMem(0x0A112E90, 0xB90 Bytes, ...)
T2914 005:581.001   Data:  46 D1 6F F0 07 00 07 B0 BD E8 F0 83 92 6C C6 E7 ...
T2914 005:581.056   completely In flash
T2914 005:581.106 - 0.213ms returns 0xB90
T2914 005:582.113 JLINK_WriteMem(0x0A113A20, 0xBC0 Bytes, ...)
T2914 005:582.218   Data:  02 23 01 46 C0 E9 01 76 03 70 C5 60 05 48 3A F7 ...
T2914 005:582.277   completely In flash
T2914 005:582.327 - 0.214ms returns 0xBC0
T2914 005:583.386 JLINK_WriteMem(0x0A1145E0, 0xBC0 Bytes, ...)
T2914 005:583.509   Data:  45 30 FF 2B 08 BF 84 F8 45 80 54 F7 3F FD 01 A9 ...
T2914 005:583.587   completely In flash
T2914 005:583.657 - 0.272ms returns 0xBC0
T2914 005:584.686 JLINK_WriteMem(0x0A1151A0, 0xBC0 Bytes, ...)
T2914 005:584.784   Data:  27 41 2E 4B 2E 4A 2F 48 79 F7 C8 FC 20 B9 4F F4 ...
T2914 005:584.837   completely In flash
T2914 005:584.887 - 0.202ms returns 0xBC0
T2914 005:586.047 JLINK_WriteMem(0x0A115D60, 0xBB0 Bytes, ...)
T2914 005:586.141   Data:  A3 6A 33 B1 04 F1 18 00 FE F7 06 FA 01 23 84 F8 ...
T2914 005:586.195   completely In flash
T2914 005:586.244 - 0.198ms returns 0xBB0
T2914 005:587.193 JLINK_WriteMem(0x0A116910, 0xBA0 Bytes, ...)
T2914 005:587.307   Data:  3B 00 E3 6D 2B 43 E3 65 01 2A 49 D1 D4 E9 02 12 ...
T2914 005:587.361   completely In flash
T2914 005:587.411 - 0.219ms returns 0xBA0
T2914 005:588.219 JLINK_WriteMem(0x0A1174B0, 0xBA0 Bytes, ...)
T2914 005:588.379   Data:  90 46 1F 46 01 AA 30 23 05 46 0E 46 FF F7 D6 FE ...
T2914 005:588.439   completely In flash
T2914 005:588.489 - 0.270ms returns 0xBA0
T2914 005:589.352 JLINK_WriteMem(0x0A118050, 0xBC0 Bytes, ...)
T2914 005:589.454   Data:  8B FF 28 B9 64 42 F6 E7 FF F7 3E FF 00 28 F2 D0 ...
T2914 005:589.524   completely In flash
T2914 005:589.601 - 0.251ms returns 0xBC0
T2914 005:590.695 JLINK_WriteMem(0x0A118C10, 0xBB0 Bytes, ...)
T2914 005:590.804   Data:  70 BD 56 F8 25 00 FF F7 C0 FF 01 35 04 43 F3 E7 ...
T2914 005:590.870   completely In flash
T2914 005:590.923 - 0.229ms returns 0xBB0
T2914 005:591.978 JLINK_WriteMem(0x0A1197C0, 0xBA0 Bytes, ...)
T2914 005:592.050   Data:  C2 80 14 9B 9E 42 00 F2 BE 80 15 9B 1E 60 04 F1 ...
T2914 005:592.102   completely In flash
T2914 005:592.153 - 0.176ms returns 0xBA0
T2914 005:593.146 JLINK_WriteMem(0x0A11A360, 0xBB0 Bytes, ...)
T2914 005:593.204   Data:  C0 6B 01 21 04 F0 57 FD 23 68 2B 44 23 60 09 B0 ...
T2914 005:593.255   completely In flash
T2914 005:593.306 - 0.160ms returns 0xBB0
T2914 005:594.328 JLINK_WriteMem(0x0A11AF10, 0xBD0 Bytes, ...)
T2914 005:594.386   Data:  0C A8 00 F0 C8 FE 06 A8 FC F7 6D FD 08 A8 FC F7 ...
T2914 005:594.439   completely In flash
T2914 005:594.488 - 0.160ms returns 0xBD0
T2914 005:595.507 JLINK_WriteMem(0x0A11BAE0, 0xBC0 Bytes, ...)
T2914 005:595.568   Data:  00 28 40 F0 9D 80 06 F1 18 09 3B 46 3A 46 49 46 ...
T2914 005:595.625   completely In flash
T2914 005:595.679 - 0.171ms returns 0xBC0
T2914 005:596.612 JLINK_WriteMem(0x0A11C6A0, 0xBC0 Bytes, ...)
T2914 005:596.694   Data:  02 A9 FF F7 77 F9 04 46 38 B9 68 46 02 A9 FB F7 ...
T2914 005:596.751   completely In flash
T2914 005:596.802 - 0.190ms returns 0xBC0
T2914 005:597.665 JLINK_WriteMem(0x0A11D260, 0xBA0 Bytes, ...)
T2914 005:597.741   Data:  07 02 4F EA 82 02 1A A8 98 BF 00 22 4D F0 C4 FE ...
T2914 005:597.793   completely In flash
T2914 005:597.842 - 0.177ms returns 0xBA0
T2914 005:598.912 JLINK_WriteMem(0x0A11DE00, 0xBB0 Bytes, ...)
T2914 005:598.996   Data:  74 FF 01 23 63 64 7C 4B 20 64 A3 65 00 23 E3 65 ...
T2914 005:599.060   completely In flash
T2914 005:599.109 - 0.199ms returns 0xBB0
T2914 005:600.074 JLINK_WriteMem(0x0A11E9B0, 0xBC0 Bytes, ...)
T2914 005:600.174   Data:  E0 D1 45 E7 2D E9 F0 47 4F F0 00 08 88 B0 04 46 ...
T2914 005:600.245   completely In flash
T2914 005:600.312 - 0.238ms returns 0xBC0
T2914 005:601.314 JLINK_WriteMem(0x0A11F570, 0xBC0 Bytes, ...)
T2914 005:601.429   Data:  BD E8 F0 81 F2 58 58 F8 03 00 42 40 48 F8 03 20 ...
T2914 005:601.507   completely In flash
T2914 005:601.577 - 0.264ms returns 0xBC0
T2914 005:602.706 JLINK_WriteMem(0x0A120130, 0xBD0 Bytes, ...)
T2914 005:602.798   Data:  FF F7 5A F8 03 20 FF F7 4B F8 00 22 01 46 01 A8 ...
T2914 005:602.864   completely In flash
T2914 005:602.923 - 0.217ms returns 0xBD0
T2914 005:603.874 JLINK_WriteMem(0x0A120D00, 0xBB0 Bytes, ...)
T2914 005:603.973   Data:  44 F8 20 46 BD E8 10 40 01 F0 16 B8 10 B5 80 21 ...
T2914 005:604.031   completely In flash
T2914 005:604.081 - 0.207ms returns 0xBB0
T2914 005:605.142 JLINK_WriteMem(0x0A1218B0, 0xBC0 Bytes, ...)
T2914 005:605.222   Data:  39 46 0F AB 0C AA 0A A8 F5 F7 F8 FD 00 28 F0 D1 ...
T2914 005:605.447   completely In flash
T2914 005:605.892 - 0.415ms returns 0xBC0
T2914 005:606.977 JLINK_WriteMem(0x0A122470, 0xBC0 Bytes, ...)
T2914 005:607.030   Data:  7D FF 04 46 A0 B9 9D F8 1B 30 BB 42 22 D8 D5 E9 ...
T2914 005:607.086   completely In flash
T2914 005:607.136 - 0.159ms returns 0xBC0
T2914 005:608.123 JLINK_WriteMem(0x0A123030, 0xBA0 Bytes, ...)
T2914 005:608.207   Data:  23 E0 43 6A 6A 68 23 B3 39 46 30 46 FF F7 08 FF ...
T2914 005:608.785   completely In flash
T2914 005:608.889 - 0.765ms returns 0xBA0
T2914 005:611.940 JLINK_WriteMem(0x0A123BD0, 0xBB0 Bytes, ...)
T2914 005:612.137   Data:  03 F8 02 2B 41 46 2A 46 18 46 87 F8 01 B0 47 F0 ...
T2914 005:612.216   completely In flash
T2914 005:612.287 - 0.348ms returns 0xBB0
T2914 005:613.507 JLINK_WriteMem(0x0A124780, 0xBC0 Bytes, ...)
T2914 005:613.714   Data:  80 4F 05 46 DD E9 12 67 89 46 14 46 10 D1 B2 42 ...
T2914 005:613.777   completely In flash
T2914 005:613.827 - 0.321ms returns 0xBC0
T2914 005:614.986 JLINK_WriteMem(0x0A125340, 0xBC0 Bytes, ...)
T2914 005:615.169   Data:  0A 4C 00 25 26 46 4F F0 01 08 03 27 20 46 C4 F8 ...
T2914 005:615.243   completely In flash
T2914 005:615.309 - 0.325ms returns 0xBC0
T2914 005:616.705 JLINK_WriteMem(0x0A125F00, 0xBB0 Bytes, ...)
T2914 005:616.848   Data:  0A 01 09 EA 07 05 31 43 00 EA 0B 00 52 18 40 EA ...
T2914 005:616.933   completely In flash
T2914 005:616.998 - 0.294ms returns 0xBB0
T2914 005:618.155 JLINK_WriteMem(0x0A126AB0, 0xBA0 Bytes, ...)
T2914 005:618.252   Data:  15 E7 19 F0 02 03 14 D0 A0 F1 1D 03 01 2B 03 D9 ...
T2914 005:618.311   completely In flash
T2914 005:618.362 - 0.208ms returns 0xBA0
T2914 005:619.430 JLINK_WriteMem(0x0A127650, 0xB90 Bytes, ...)
T2914 005:619.505   Data:  10 2A 0B D8 BB F5 20 6F 29 D0 BB F5 50 6F 00 F0 ...
T2914 005:619.559   completely In flash
T2914 005:619.609 - 0.179ms returns 0xB90
T2914 005:620.649 JLINK_WriteMem(0x0A1281E0, 0xBA0 Bytes, ...)
T2914 005:620.731   Data:  13 13 00 2B 14 BF 1C 23 1D 23 01 3F 9F 42 B4 D2 ...
T2914 005:620.789   completely In flash
T2914 005:620.849 - 0.200ms returns 0xBA0
T2914 005:622.156 JLINK_WriteMem(0x0A128D80, 0xBB0 Bytes, ...)
T2914 005:622.271   Data:  0A 40 52 B1 02 2E F5 D1 C8 F3 89 22 C3 F3 89 21 ...
T2914 005:622.349   completely In flash
T2914 005:622.422 - 0.268ms returns 0xBB0
T2914 005:623.597 JLINK_WriteMem(0x0A129930, 0xBB0 Bytes, ...)
T2914 005:623.691   Data:  EB 68 6A 68 C8 47 00 28 03 DD 92 21 12 4B 10 4A ...
T2914 005:623.743   completely In flash
T2914 005:623.793 - 0.197ms returns 0xBB0
T2914 005:624.796 JLINK_WriteMem(0x0A12A4E0, 0xBB0 Bytes, ...)
T2914 005:624.889   Data:  38 02 01 92 00 93 30 46 D4 E9 0A 23 07 99 FF F7 ...
T2914 005:624.942   completely In flash
T2914 005:624.991 - 0.196ms returns 0xBB0
T2914 005:626.030 JLINK_WriteMem(0x0A12B090, 0xBA0 Bytes, ...)
T2914 005:626.092   Data:  F0 D1 B2 88 C3 F3 89 23 9A 42 EB D3 B3 79 01 32 ...
T2914 005:626.144   completely In flash
T2914 005:626.241 - 0.211ms returns 0xBA0
T2914 005:627.269 JLINK_WriteMem(0x0A12BC30, 0xBB0 Bytes, ...)
T2914 005:627.373   Data:  10 2D 1E D1 00 23 C4 E9 0C 31 00 23 C4 E9 10 33 ...
T2914 005:627.444   completely In flash
T2914 005:627.513 - 0.244ms returns 0xBB0
T2914 005:628.766 JLINK_WriteMem(0x0A12C7E0, 0xBB0 Bytes, ...)
T2914 005:628.893   Data:  5B 00 84 F8 7F 30 84 F8 81 60 38 46 1F F0 24 FE ...
T2914 005:628.969   completely In flash
T2914 005:629.040 - 0.276ms returns 0xBB0
T2914 005:630.225 JLINK_WriteMem(0x0A12D390, 0xBB0 Bytes, ...)
T2914 005:630.338   Data:  31 D9 20 28 31 D0 40 28 31 D0 B0 F5 80 4F 30 D0 ...
T2914 005:630.412   completely In flash
T2914 005:630.477 - 0.254ms returns 0xBB0
T2914 005:631.630 JLINK_WriteMem(0x0A12DF40, 0xB90 Bytes, ...)
T2914 005:631.726   Data:  00 2A EE D1 19 46 28 46 FF F7 AF FF E9 E7 38 BD ...
T2914 005:631.797   completely In flash
T2914 005:631.867 - 0.237ms returns 0xB90
T2914 005:633.070 JLINK_WriteMem(0x0A12EAD0, 0xBB0 Bytes, ...)
T2914 005:633.179   Data:  01 AC 0F 00 2C 02 22 00 00 80 21 00 02 AC 0F 00 ...
T2914 005:633.347   completely In flash
T2914 005:633.439 - 0.369ms returns 0xBB0
T2914 005:634.812 JLINK_WriteMem(0x0A12F680, 0xBA0 Bytes, ...)
T2914 005:634.930   Data:  40 F2 9B 42 26 49 28 48 10 F0 5A FA 6F F0 15 04 ...
T2914 005:635.004   completely In flash
T2914 005:635.065 - 0.255ms returns 0xBA0
T2914 005:636.345 JLINK_WriteMem(0x0A130220, 0xBA0 Bytes, ...)
T2914 005:636.465   Data:  18 69 78 30 E3 F7 C0 FC 06 46 00 28 6C D0 78 22 ...
T2914 005:636.538   completely In flash
T2914 005:636.605 - 0.260ms returns 0xBA0
T2914 005:637.735 JLINK_WriteMem(0x0A130DC0, 0xBA0 Bytes, ...)
T2914 005:637.819   Data:  B5 E7 94 F8 64 30 05 93 94 F8 65 20 0C 92 94 F8 ...
T2914 005:637.884   completely In flash
T2914 005:637.934 - 0.199ms returns 0xBA0
T2914 005:638.981 JLINK_WriteMem(0x0A131960, 0xBA0 Bytes, ...)
T2914 005:639.143   Data:  29 46 A0 68 FB F7 E9 FF 06 1E 13 DB 23 79 04 2B ...
T2914 005:639.254   completely In flash
T2914 005:639.332 - 0.351ms returns 0xBA0
T2914 005:640.463 JLINK_WriteMem(0x0A132500, 0xBC0 Bytes, ...)
T2914 005:640.561   Data:  00 20 01 90 01 23 00 93 03 46 02 46 04 21 FF F7 ...
T2914 005:640.616   completely In flash
T2914 005:640.675 - 0.213ms returns 0xBC0
T2914 005:641.681 JLINK_WriteMem(0x0A1330C0, 0xBB0 Bytes, ...)
T2914 005:641.749   Data:  01 46 00 6E 0B 79 0A 2B 06 D1 FF F7 CC FF 00 20 ...
T2914 005:641.800   completely In flash
T2914 005:641.849 - 0.168ms returns 0xBB0
T2914 005:642.890 JLINK_WriteMem(0x0A133C70, 0xBA0 Bytes, ...)
T2914 005:642.956   Data:  62 1E DB B2 62 F3 02 03 83 77 4F F0 00 0C 1B E0 ...
T2914 005:643.008   completely In flash
T2914 005:643.057 - 0.167ms returns 0xBA0
T2914 005:644.073 JLINK_WriteMem(0x0A134810, 0xBB0 Bytes, ...)
T2914 005:644.129   Data:  BC 8D 21 00 C0 EA 21 01 00 8E 21 00 2D E9 F8 43 ...
T2914 005:644.181   completely In flash
T2914 005:644.231 - 0.158ms returns 0xBB0
T2914 005:645.278 JLINK_WriteMem(0x0A1353C0, 0xBA0 Bytes, ...)
T2914 005:645.395   Data:  23 66 62 66 E0 F7 94 FA 20 67 38 BD 2D E9 F0 47 ...
T2914 005:645.473   completely In flash
T2914 005:645.546 - 0.268ms returns 0xBA0
T2914 005:646.611 JLINK_WriteMem(0x0A135F60, 0xBB0 Bytes, ...)
T2914 005:646.703   Data:  05 46 83 7C 09 2B 04 D8 09 2B 0B D9 01 26 00 24 ...
T2914 005:646.756   completely In flash
T2914 005:646.808 - 0.198ms returns 0xBB0
T2914 005:647.739 JLINK_WriteMem(0x0A136B10, 0xBB0 Bytes, ...)
T2914 005:647.806   Data:  A2 7F 0A 32 93 42 35 D0 FF 2B 38 D0 35 4D 36 4B ...
T2914 005:647.858   completely In flash
T2914 005:647.911 - 0.173ms returns 0xBB0
T2914 005:649.004 JLINK_WriteMem(0x0A1376C0, 0xBB0 Bytes, ...)
T2914 005:649.121   Data:  68 0E 94 46 BC E8 0F 00 AE E8 0F 00 9C E8 03 00 ...
T2914 005:649.193   completely In flash
T2914 005:649.263 - 0.260ms returns 0xBB0
T2914 005:650.797 JLINK_WriteMem(0x0A138270, 0xBA0 Bytes, ...)
T2914 005:650.929   Data:  10 D9 A3 F1 61 02 D2 B2 05 2A 02 D8 57 3B D8 B2 ...
T2914 005:651.001   completely In flash
T2914 005:651.069 - 0.273ms returns 0xBA0
T2914 005:652.232 JLINK_WriteMem(0x0A138E10, 0xBC0 Bytes, ...)
T2914 005:652.367   Data:  F7 F7 87 FA FA E7 38 B5 04 46 15 46 08 46 FF F7 ...
T2914 005:652.441   completely In flash
T2914 005:652.511 - 0.279ms returns 0xBC0
T2914 005:653.757 JLINK_WriteMem(0x0A1399D0, 0xBB0 Bytes, ...)
T2914 005:653.876   Data:  90 F8 6C 30 06 2B 18 D0 05 46 02 2B 01 D0 08 2B ...
T2914 005:653.937   completely In flash
T2914 005:653.987 - 0.231ms returns 0xBB0
T2914 005:654.993 JLINK_WriteMem(0x0A13A580, 0xBD0 Bytes, ...)
T2914 005:655.074   Data:  04 C0 89 B2 00 91 39 46 F1 F7 7F FE 98 B1 20 46 ...
T2914 005:655.128   completely In flash
T2914 005:655.178 - 0.186ms returns 0xBD0
T2914 005:656.168 JLINK_WriteMem(0x0A13B150, 0xBC0 Bytes, ...)
T2914 005:656.335   Data:  2C 20 00 20 08 BD 59 78 00 39 18 BF 01 21 FB F7 ...
T2914 005:656.413   completely In flash
T2914 005:656.486 - 0.318ms returns 0xBC0
T2914 005:657.735 JLINK_WriteMem(0x0A13BD10, 0xBC0 Bytes, ...)
T2914 005:657.857   Data:  FF F7 80 FE 0C E0 FF F7 8B FE 09 E0 FF F7 96 FE ...
T2914 005:657.935   completely In flash
T2914 005:658.009 - 0.273ms returns 0xBC0
T2914 005:659.127 JLINK_WriteMem(0x0A13C8D0, 0xBB0 Bytes, ...)
T2914 005:659.205   Data:  44 F6 F9 52 C4 F8 A4 21 30 22 C4 F8 9C 21 4F F4 ...
T2914 005:659.258   completely In flash
T2914 005:659.309 - 0.182ms returns 0xBB0
T2914 005:660.357 JLINK_WriteMem(0x0A13D480, 0xBC0 Bytes, ...)
T2914 005:660.426   Data:  18 4A 14 49 0B 48 FE F7 C7 FE F1 E5 48 A1 08 20 ...
T2914 005:660.478   completely In flash
T2914 005:660.529 - 0.172ms returns 0xBC0
T2914 005:661.617 JLINK_WriteMem(0x0A13E040, 0xB90 Bytes, ...)
T2914 005:661.683   Data:  00 EB 5A 40 29 F0 80 FE CD E9 06 01 09 EA 0A 10 ...
T2914 005:661.737   completely In flash
T2914 005:661.787 - 0.170ms returns 0xB90
T2914 005:662.897 JLINK_WriteMem(0x0A13EBD0, 0xBA0 Bytes, ...)
T2914 005:663.137   Data:  38 B5 05 46 FF F7 BA FF 04 46 FF F7 9D F8 00 23 ...
T2914 005:663.247   completely In flash
T2914 005:663.315 - 0.419ms returns 0xBA0
T2914 005:664.658 JLINK_WriteMem(0x0A13F770, 0xBB0 Bytes, ...)
T2914 005:664.849   Data:  01 5B 21 68 C2 F8 01 10 A2 88 9A 80 0C F0 5C FE ...
T2914 005:664.932   completely In flash
T2914 005:664.996 - 0.339ms returns 0xBB0
T2914 005:666.333 JLINK_WriteMem(0x0A140320, 0xBA0 Bytes, ...)
T2914 005:666.511   Data:  1B 4B 4F F4 0E 72 02 FB 07 33 5B 68 13 F0 20 0F ...
T2914 005:666.589   completely In flash
T2914 005:666.661 - 0.329ms returns 0xBA0
T2914 005:668.101 JLINK_WriteMem(0x0A140EC0, 0xBA0 Bytes, ...)
T2914 005:668.251   Data:  C3 E7 00 BF B8 E3 08 20 04 A5 08 20 99 F2 13 00 ...
T2914 005:668.342   completely In flash
T2914 005:668.437 - 0.336ms returns 0xBA0
T2914 005:669.727 JLINK_WriteMem(0x0A141A60, 0xBC0 Bytes, ...)
T2914 005:669.845   Data:  11 D0 04 46 0D 46 71 02 43 F6 09 52 00 23 78 02 ...
T2914 005:669.937   completely In flash
T2914 005:670.013 - 0.287ms returns 0xBC0
T2914 005:671.302 JLINK_WriteMem(0x0A142620, 0xBA0 Bytes, ...)
T2914 005:671.407   Data:  82 F8 24 10 E2 7B 01 3A E2 73 A2 89 01 32 C2 F3 ...
T2914 005:671.479   completely In flash
T2914 005:671.542 - 0.241ms returns 0xBA0
T2914 005:672.805 JLINK_WriteMem(0x0A1431C0, 0xBB0 Bytes, ...)
T2914 005:672.920   Data:  05 4A 01 21 82 F8 2D 10 0E 3D ED B2 00 20 D3 E7 ...
T2914 005:672.998   completely In flash
T2914 005:673.072 - 0.268ms returns 0xBB0
T2914 005:674.297 JLINK_WriteMem(0x0A143D70, 0xBA0 Bytes, ...)
T2914 005:674.400   Data:  90 20 84 23 05 E0 01 20 70 47 01 F8 01 3B 04 33 ...
T2914 005:674.485   completely In flash
T2914 005:674.562 - 0.265ms returns 0xBA0
T2914 005:675.873 JLINK_WriteMem(0x0A144910, 0xBB0 Bytes, ...)
T2914 005:675.993   Data:  34 E0 1A 88 96 45 30 D1 BC F8 36 E0 5A 88 96 45 ...
T2914 005:676.076   completely In flash
T2914 005:676.152 - 0.280ms returns 0xBB0
T2914 005:677.349 JLINK_WriteMem(0x0A1454C0, 0xBC0 Bytes, ...)
T2914 005:677.459   Data:  93 F8 D9 60 02 F0 7F 01 A5 1B 01 35 91 FB F5 F7 ...
T2914 005:677.518   completely In flash
T2914 005:677.571 - 0.222ms returns 0xBC0
T2914 005:678.621 JLINK_WriteMem(0x0A146080, 0xBB0 Bytes, ...)
T2914 005:678.708   Data:  28 17 09 20 DC B4 21 00 60 B5 21 00 70 B5 21 00 ...
T2914 005:678.761   completely In flash
T2914 005:678.811 - 0.191ms returns 0xBB0
T2914 005:679.830 JLINK_WriteMem(0x0A146C30, 0xBB0 Bytes, ...)
T2914 005:679.911   Data:  06 D9 2B B1 04 EB 09 19 99 F8 10 30 63 45 A9 D3 ...
T2914 005:679.969   completely In flash
T2914 005:680.021 - 0.191ms returns 0xBB0
T2914 005:681.091 JLINK_WriteMem(0x0A1477E0, 0xBC0 Bytes, ...)
T2914 005:681.161   Data:  0B 28 68 D8 FF 23 84 F8 D8 30 95 F8 35 31 84 F8 ...
T2914 005:681.217   completely In flash
T2914 005:681.267 - 0.175ms returns 0xBC0
T2914 005:682.290 JLINK_WriteMem(0x0A1483A0, 0xBA0 Bytes, ...)
T2914 005:682.351   Data:  FF F7 02 FF 04 98 05 99 38 B0 BD E8 F0 81 2D E9 ...
T2914 005:683.048   completely In flash
T2914 005:683.170 - 0.879ms returns 0xBA0
T2914 005:684.841 JLINK_WriteMem(0x0A148F40, 0xBB0 Bytes, ...)
T2914 005:684.979   Data:  26 26 26 26 26 26 26 26 26 26 38 00 00 20 70 47 ...
T2914 005:685.062   completely In flash
T2914 005:685.135 - 0.296ms returns 0xBB0
T2914 005:686.405 JLINK_WriteMem(0x0A149AF0, 0xBB0 Bytes, ...)
T2914 005:686.563   Data:  01 33 F3 E7 C1 F3 02 12 01 F0 03 01 FF F7 52 FD ...
T2914 005:686.642   completely In flash
T2914 005:686.717 - 0.312ms returns 0xBB0
T2914 005:689.147 JLINK_WriteMem(0x0A14A6A0, 0xBB0 Bytes, ...)
T2914 005:689.333   Data:  BF FF 28 46 FF F7 76 FF EA E7 00 BF 30 D1 08 20 ...
T2914 005:689.391   completely In flash
T2914 005:689.444 - 0.298ms returns 0xBB0
T2914 005:690.939 JLINK_WriteMem(0x0A14B250, 0xBB0 Bytes, ...)
T2914 005:691.055   Data:  0D B0 5D F8 04 FB 00 00 10 B5 04 46 00 89 13 F0 ...
T2914 005:691.111   completely In flash
T2914 005:691.162 - 0.224ms returns 0xBB0
T2914 005:692.177 JLINK_WriteMem(0x0A14BE00, 0xBC0 Bytes, ...)
T2914 005:692.360   Data:  76 B2 33 40 85 F8 35 30 3B 42 07 D0 A2 6D B2 F8 ...
T2914 005:692.431   completely In flash
T2914 005:692.481 - 0.303ms returns 0xBC0
T2914 005:693.501 JLINK_WriteMem(0x0A14C9C0, 0xBB0 Bytes, ...)
T2914 005:693.600   Data:  6D 30 84 F8 6E 30 02 4B 63 63 A4 63 10 BD 00 BF ...
T2914 005:693.657   completely In flash
T2914 005:693.709 - 0.209ms returns 0xBB0
T2914 005:694.707 JLINK_WriteMem(0x0A14D570, 0xBB0 Bytes, ...)
T2914 005:694.858   Data:  04 F1 AC 03 A3 67 60 66 04 F1 AF 03 A3 66 18 23 ...
T2914 005:694.935   completely In flash
T2914 005:695.007 - 0.300ms returns 0xBB0
T2914 005:696.222 JLINK_WriteMem(0x0A14E120, 0xBA0 Bytes, ...)
T2914 005:696.339   Data:  72 F9 00 28 00 F0 1F 81 DF F8 5C 92 04 EB C4 08 ...
T2914 005:696.414   completely In flash
T2914 005:696.486 - 0.265ms returns 0xBA0
T2914 005:697.645 JLINK_WriteMem(0x0A14ECC0, 0xBC0 Bytes, ...)
T2914 005:697.742   Data:  AA 01 03 EB 85 14 36 49 99 50 EE F7 7F FF 80 03 ...
T2914 005:697.820   completely In flash
T2914 005:697.893 - 0.248ms returns 0xBC0
T2914 005:699.051 JLINK_WriteMem(0x0A14F880, 0xBC0 Bytes, ...)
T2914 005:699.146   Data:  EA E7 00 00 10 B5 0C 46 04 29 75 D8 DF E8 01 F0 ...
T2914 005:699.223   completely In flash
T2914 005:699.295 - 0.244ms returns 0xBC0
T2914 005:701.039 JLINK_WriteMem(0x0A150440, 0xBB0 Bytes, ...)
T2914 005:701.177   Data:  28 46 FF F7 17 FF 20 B1 00 20 BD E8 F0 87 01 20 ...
T2914 005:701.233   completely In flash
T2914 005:701.282 - 0.245ms returns 0xBB0
T2914 005:702.339 JLINK_WriteMem(0x0A150FF0, 0xBA0 Bytes, ...)
T2914 005:702.453   Data:  52 22 42 EA 4B 22 C1 F8 94 20 58 33 63 44 04 33 ...
T2914 005:702.531   completely In flash
T2914 005:702.602 - 0.263ms returns 0xBA0
T2914 005:703.901 JLINK_WriteMem(0x0A151B90, 0xBB0 Bytes, ...)
T2914 005:704.037   Data:  93 F8 BE 00 FF F7 5C F9 E0 E7 0C 4B 93 F8 C7 30 ...
T2914 005:704.116   completely In flash
T2914 005:704.189 - 0.287ms returns 0xBB0
T2914 005:705.454 JLINK_WriteMem(0x0A152740, 0xBB0 Bytes, ...)
T2914 005:705.581   Data:  0A E0 07 4A 12 68 D9 B2 07 31 02 EB C1 02 00 20 ...
T2914 005:705.656   completely In flash
T2914 005:705.728 - 0.274ms returns 0xBB0
T2914 005:706.958 JLINK_WriteMem(0x0A1532F0, 0xBB0 Bytes, ...)
T2914 005:707.091   Data:  C7 F3 CF 33 C7 F3 C9 35 13 F4 7E 7F 36 D0 ED B2 ...
T2914 005:707.166   completely In flash
T2914 005:707.243 - 0.285ms returns 0xBB0
T2914 005:708.349 JLINK_WriteMem(0x0A153EA0, 0xBB0 Bytes, ...)
T2914 005:708.432   Data:  F8 53 43 F0 40 63 C2 F8 44 31 0E 4B DA 6A 22 F0 ...
T2914 005:708.505   completely In flash
T2914 005:708.575 - 0.227ms returns 0xBB0
T2914 005:709.714 JLINK_WriteMem(0x0A154A50, 0xBB0 Bytes, ...)
T2914 005:709.805   Data:  70 BD 0B 4E 00 25 35 70 28 46 10 F0 DB FD 32 22 ...
T2914 005:709.863   completely In flash
T2914 005:709.912 - 0.199ms returns 0xBB0
T2914 005:710.840 JLINK_WriteMem(0x0A155600, 0xBB0 Bytes, ...)
T2914 005:710.913   Data:  FA E7 00 BF 44 D6 21 00 B0 D8 21 00 00 23 07 4A ...
T2914 005:710.965   completely In flash
T2914 005:711.015 - 0.175ms returns 0xBB0
T2914 005:711.905 JLINK_WriteMem(0x0A1561B0, 0xBB0 Bytes, ...)
T2914 005:711.971   Data:  04 03 CD E9 00 23 E8 E7 00 80 03 40 08 B5 84 46 ...
T2914 005:712.022   completely In flash
T2914 005:712.071 - 0.166ms returns 0xBB0
T2914 005:713.056 JLINK_WriteMem(0x0A156D60, 0xBC0 Bytes, ...)
T2914 005:713.180   Data:  1B 19 40 EB 02 00 5B 0A 43 EA C0 53 07 4A 12 68 ...
T2914 005:713.250   completely In flash
T2914 005:713.317 - 0.261ms returns 0xBC0
T2914 005:714.462 JLINK_WriteMem(0x0A157920, 0xBC0 Bytes, ...)
T2914 005:714.549   Data:  92 F8 F6 30 01 3B DB B2 82 F8 F6 30 00 2B DF D1 ...
T2914 005:714.646   completely In flash
T2914 005:714.721 - 0.259ms returns 0xBC0
T2914 005:715.795 JLINK_WriteMem(0x0A1584E0, 0xBC0 Bytes, ...)
T2914 005:715.887   Data:  E7 F7 D8 FA DD E7 48 4B 01 22 1A 72 BD E8 F8 83 ...
T2914 005:715.939   completely In flash
T2914 005:715.988 - 0.193ms returns 0xBC0
T2914 005:717.095 JLINK_WriteMem(0x0A1590A0, 0xBD0 Bytes, ...)
T2914 005:717.350   Data:  38 B5 45 69 01 23 54 22 0E 21 00 20 F3 F7 44 F9 ...
T2914 005:717.425   completely In flash
T2914 005:717.491 - 0.397ms returns 0xBD0
T2914 005:718.759 JLINK_WriteMem(0x0A159C70, 0xBB0 Bytes, ...)
T2914 005:718.915   Data:  B4 C5 21 00 10 B5 2D 4B D3 F8 84 40 C3 F8 88 40 ...
T2914 005:718.985   completely In flash
T2914 005:719.042 - 0.284ms returns 0xBB0
T2914 005:720.227 JLINK_WriteMem(0x0A15A820, 0xBB0 Bytes, ...)
T2914 005:720.327   Data:  81 02 12 7E FF 2A 07 D1 01 38 01 33 00 28 07 DD ...
T2914 005:720.399   completely In flash
T2914 005:720.467 - 0.240ms returns 0xBB0
T2914 005:721.502 JLINK_WriteMem(0x0A15B3D0, 0xBC0 Bytes, ...)
T2914 005:721.587   Data:  5C 6D E2 F7 7F FB 04 44 04 F5 7A 64 28 1B C0 0F ...
T2914 005:721.662   completely In flash
T2914 005:721.717 - 0.215ms returns 0xBC0
T2914 005:722.667 JLINK_WriteMem(0x0A15BF90, 0xBC0 Bytes, ...)
T2914 005:722.765   Data:  1F 4B DA 6C C2 F3 80 02 1B 49 81 F8 5C 20 DA 6C ...
T2914 005:722.839   completely In flash
T2914 005:722.889 - 0.222ms returns 0xBC0
T2914 005:723.867 JLINK_WriteMem(0x0A15CB50, 0xBD0 Bytes, ...)
T2914 005:723.965   Data:  00 2B B9 D0 20 46 FD F7 5B FE FD F7 7B FF B3 E7 ...
T2914 005:724.042   completely In flash
T2914 005:724.116 - 0.249ms returns 0xBD0
T2914 005:725.272 JLINK_WriteMem(0x0A15D720, 0xBC0 Bytes, ...)
T2914 005:725.361   Data:  00 21 06 4B 18 68 B7 F7 47 F9 E5 E7 07 48 0C F0 ...
T2914 005:725.425   completely In flash
T2914 005:725.487 - 0.215ms returns 0xBC0
T2914 005:726.452 JLINK_WriteMem(0x0A15E2E0, 0xBC0 Bytes, ...)
T2914 005:726.546   Data:  00 20 F8 E7 00 B5 83 B0 0D F1 06 03 53 22 FF F7 ...
T2914 005:726.616   completely In flash
T2914 005:726.685 - 0.233ms returns 0xBC0
T2914 005:727.711 JLINK_WriteMem(0x0A15EEA0, 0xBB0 Bytes, ...)
T2914 005:727.775   Data:  45 FB 04 B0 BD E8 F0 81 26 4B 1A 68 C4 F8 3E 21 ...
T2914 005:727.827   completely In flash
T2914 005:727.876 - 0.165ms returns 0xBB0
T2914 005:728.813 JLINK_WriteMem(0x0A15FA50, 0xBD0 Bytes, ...)
T2914 005:728.865   Data:  06 20 EC F7 71 FC 43 69 1C 80 01 22 9A 70 95 F8 ...
T2914 005:728.919   completely In flash
T2914 005:729.019 - 0.206ms returns 0xBD0
T2914 005:730.074 JLINK_WriteMem(0x0A160620, 0xBC0 Bytes, ...)
T2914 005:730.151   Data:  9E E8 03 00 8C E8 03 00 18 F0 04 0F 13 D0 17 4B ...
T2914 005:730.215   completely In flash
T2914 005:730.275 - 0.201ms returns 0xBC0
T2914 005:731.434 JLINK_WriteMem(0x0A1611E0, 0xBD0 Bytes, ...)
T2914 005:731.533   Data:  B3 F5 96 7F 11 D8 01 98 80 1B 02 B0 70 BD 11 4B ...
T2914 005:731.600   completely In flash
T2914 005:731.656 - 0.222ms returns 0xBD0
T2914 005:732.562 JLINK_WriteMem(0x0A161DB0, 0xBC0 Bytes, ...)
T2914 005:732.621   Data:  08 2E 83 F8 0B 1E D4 F8 3E 01 C3 F8 0C 0E B4 F8 ...
T2914 005:732.680   completely In flash
T2914 005:732.731 - 0.169ms returns 0xBC0
T2914 005:733.739 JLINK_WriteMem(0x0A162970, 0xBA0 Bytes, ...)
T2914 005:733.835   Data:  20 44 84 B2 D9 E7 09 A8 FF F7 22 FE 04 44 A4 B2 ...
T2914 005:733.903   completely In flash
T2914 005:733.973 - 0.234ms returns 0xBA0
T2914 005:735.264 JLINK_WriteMem(0x0A163510, 0xBC0 Bytes, ...)
T2914 005:735.385   Data:  13 F0 01 0F 00 F0 88 80 41 4B 4F F4 0E 72 02 FB ...
T2914 005:735.455   completely In flash
T2914 005:735.513 - 0.249ms returns 0xBC0
T2914 005:736.516 JLINK_WriteMem(0x0A1640D0, 0xBC0 Bytes, ...)
T2914 005:736.627   Data:  02 22 00 21 FF F7 34 FE 01 28 45 D0 00 F0 E8 FE ...
T2914 005:736.718   completely In flash
T2914 005:736.793 - 0.277ms returns 0xBC0
T2914 005:737.882 JLINK_WriteMem(0x0A164C90, 0xBB0 Bytes, ...)
T2914 005:737.965   Data:  64 31 10 BD 41 F6 94 32 03 49 04 48 DA F7 FA FE ...
T2914 005:738.040   completely In flash
T2914 005:738.111 - 0.229ms returns 0xBB0
T2914 005:739.319 JLINK_WriteMem(0x0A165840, 0xBB0 Bytes, ...)
T2914 005:739.404   Data:  70 96 09 20 01 4B 18 60 70 47 00 BF 68 96 09 20 ...
T2914 005:739.485   completely In flash
T2914 005:739.557 - 0.238ms returns 0xBB0
T2914 005:740.843 JLINK_WriteMem(0x0A1663F0, 0xBC0 Bytes, ...)
T2914 005:741.041   Data:  1B 68 00 F6 17 30 4A 1E 03 44 05 31 12 F8 01 0F ...
T2914 005:741.117   completely In flash
T2914 005:741.189 - 0.347ms returns 0xBC0
T2914 005:742.393 JLINK_WriteMem(0x0A166FB0, 0xBB0 Bytes, ...)
T2914 005:742.487   Data:  AD 02 75 43 3C 43 EE 17 9D 42 A6 41 0E D3 01 32 ...
T2914 005:742.587   completely In flash
T2914 005:742.659 - 0.266ms returns 0xBB0
T2914 005:743.791 JLINK_WriteMem(0x0A167B60, 0xBD0 Bytes, ...)
T2914 005:743.868   Data:  D5 F1 20 0E 0D DB 02 FA 0E FC 22 FA 05 F2 80 18 ...
T2914 005:743.943   completely In flash
T2914 005:744.018 - 0.228ms returns 0xBD0
T2914 005:745.200 JLINK_WriteMem(0x0A168730, 0xBA0 Bytes, ...)
T2914 005:745.301   Data:  1F FA 87 FC 4F EA 13 49 B6 FB F8 F0 08 FB 10 66 ...
T2914 005:745.376   completely In flash
T2914 005:745.451 - 0.248ms returns 0xBA0
T2914 005:746.597 JLINK_WriteMem(0x0A1692D0, 0xB80 Bytes, ...)
T2914 005:746.875   Data:  00 09 23 61 2B F0 04 03 23 60 33 46 0B AA 21 46 ...
T2914 005:747.037   completely In flash
T2914 005:747.110 - 0.513ms returns 0xB80
T2914 005:748.143 JLINK_WriteMem(0x0A169E50, 0xBB0 Bytes, ...)
T2914 005:748.240   Data:  21 B1 28 46 02 F0 3E FC 00 23 A3 64 00 F0 C8 F9 ...
T2914 005:748.315   completely In flash
T2914 005:748.385 - 0.243ms returns 0xBB0
T2914 005:749.546 JLINK_WriteMem(0x0A16AA00, 0xBB0 Bytes, ...)
T2914 005:749.633   Data:  D8 D0 3B 6A 13 B9 38 46 FF F7 50 FC B8 F1 01 0F ...
T2914 005:749.685   completely In flash
T2914 005:749.734 - 0.189ms returns 0xBB0
T2914 005:750.942 JLINK_WriteMem(0x0A16B5B0, 0xB90 Bytes, ...)
T2914 005:751.066   Data:  30 63 00 20 E2 CF 1B 00 F9 CF 1B 00 F0 B5 04 46 ...
T2914 005:751.151   completely In flash
T2914 005:751.218 - 0.276ms returns 0xB90
T2914 005:752.543 JLINK_WriteMem(0x0A16C140, 0xBB0 Bytes, ...)
T2914 005:752.677   Data:  0D F9 00 28 63 D1 00 20 A4 49 DD E9 10 23 FB F7 ...
T2914 005:752.746   completely In flash
T2914 005:752.814 - 0.271ms returns 0xBB0
T2914 005:753.754 JLINK_WriteMem(0x0A16CCF0, 0xBA0 Bytes, ...)
T2914 005:753.853   Data:  30 B5 0E D1 14 33 14 31 03 EB 82 04 01 EB 82 01 ...
T2914 005:753.911   completely In flash
T2914 005:753.961 - 0.207ms returns 0xBA0
T2914 005:754.984 JLINK_WriteMem(0x0A16D890, 0xB90 Bytes, ...)
T2914 005:755.065   Data:  FF F7 C0 F8 0A 90 00 28 3F F4 8D AE 1A 99 05 98 ...
T2914 005:755.130   completely In flash
T2914 005:755.196 - 0.212ms returns 0xB90
T2914 005:756.320 JLINK_WriteMem(0x0A16E420, 0xBA0 Bytes, ...)
T2914 005:756.423   Data:  FC F7 74 FC 70 B1 6B 6E DC 07 04 D5 4F F0 FF 30 ...
T2914 005:756.499   completely In flash
T2914 005:756.567 - 0.247ms returns 0xBA0
T2914 005:757.624 JLINK_WriteMem(0x0A16EFC0, 0xBB0 Bytes, ...)
T2914 005:757.717   Data:  C2 F1 20 06 43 68 04 68 03 FA 06 F5 D3 40 2C 43 ...
T2914 005:757.792   completely In flash
T2914 005:757.874 - 0.251ms returns 0xBB0
T2914 005:759.078 JLINK_WriteMem(0x0A16FB70, 0xB80 Bytes, ...)
T2914 005:759.186   Data:  01 41 1D A9 60 74 D1 3F 4D 26 8F 51 55 55 D5 3F ...
T2914 005:759.269   completely In flash
T2914 005:759.341 - 0.264ms returns 0xB80
T2914 005:760.427 JLINK_WriteMem(0x0A1706F0, 0xBE0 Bytes, ...)
T2914 005:760.528   Data:  0A 00 6D 61 78 33 30 31 30 32 3A 20 72 65 61 64 ...
T2914 005:760.608   completely In flash
T2914 005:760.675 - 0.248ms returns 0xBE0
T2914 005:761.789 JLINK_WriteMem(0x0A1712D0, 0xBE0 Bytes, ...)
T2914 005:761.898   Data:  20 61 70 70 6C 69 63 61 74 69 6F 6E 20 69 6D 70 ...
T2914 005:761.971   completely In flash
T2914 005:762.041 - 0.253ms returns 0xBE0
T2914 005:763.165 JLINK_WriteMem(0x0A171EB0, 0xBE0 Bytes, ...)
T2914 005:763.273   Data:  25 78 3A 25 78 3A 25 78 00 72 65 6D 6F 76 65 5F ...
T2914 005:764.013   completely In flash
T2914 005:764.166 - 1.001ms returns 0xBE0
T2914 005:765.287 JLINK_WriteMem(0x0A172A90, 0xBE0 Bytes, ...)
T2914 005:765.356   Data:  2F 72 61 2F 66 73 70 2F 73 72 63 2F 72 6D 5F 77 ...
T2914 005:765.413   completely In flash
T2914 005:765.463 - 0.175ms returns 0xBE0
T2914 005:766.407 JLINK_WriteMem(0x0A173670, 0xBE0 Bytes, ...)
T2914 005:766.475   Data:  54 54 5F 50 4F 52 54 00 4D 51 54 54 5F 51 4F 53 ...
T2914 005:766.527   completely In flash
T2914 005:766.627 - 0.220ms returns 0xBE0
T2914 005:767.988 JLINK_WriteMem(0x0A174250, 0xBE0 Bytes, ...)
T2914 005:768.103   Data:  00 49 4E 49 54 57 4C 41 4E 00 30 3A 4E 45 54 4D ...
T2914 005:768.175   completely In flash
T2914 005:768.238 - 0.251ms returns 0xBE0
T2914 005:769.311 JLINK_WriteMem(0x0A174E30, 0xBE0 Bytes, ...)
T2914 005:769.407   Data:  74 5F 6D 63 73 00 4E 30 5F 6D 61 78 5F 6F 70 65 ...
T2914 005:769.461   completely In flash
T2914 005:769.513 - 0.203ms returns 0xBE0
T2914 005:770.406 JLINK_WriteMem(0x0A175A10, 0xBE0 Bytes, ...)
T2914 005:770.477   Data:  00 4E 31 5F 63 61 5F 63 65 72 74 32 00 4E 31 5F ...
T2914 005:770.530   completely In flash
T2914 005:770.579 - 0.173ms returns 0xBE0
T2914 005:771.616 JLINK_WriteMem(0x0A1765F0, 0xBE0 Bytes, ...)
T2914 005:771.728   Data:  2F 25 64 29 0A 00 5B 25 73 3A 25 64 5D 54 43 50 ...
T2914 005:771.801   completely In flash
T2914 005:771.870 - 0.254ms returns 0xBE0
T2914 005:773.149 JLINK_WriteMem(0x0A1771D0, 0xBE0 Bytes, ...)
T2914 005:773.269   Data:  38 2D 43 43 4D 2D 38 00 63 6C 69 65 6E 74 20 66 ...
T2914 005:773.340   completely In flash
T2914 005:773.408 - 0.261ms returns 0xBE0
T2914 005:774.676 JLINK_WriteMem(0x0A177DB0, 0xBE0 Bytes, ...)
T2914 005:774.811   Data:  5B 25 73 5D 20 44 4E 53 20 71 75 65 72 79 20 66 ...
T2914 005:774.986   completely In flash
T2914 005:775.057 - 0.381ms returns 0xBE0
T2914 005:776.250 JLINK_WriteMem(0x0A178990, 0xBE0 Bytes, ...)
T2914 005:776.362   Data:  79 66 69 6C 65 20 72 65 74 75 72 6E 65 64 20 2D ...
T2914 005:776.449   completely In flash
T2914 005:776.523 - 0.273ms returns 0xBE0
T2914 005:777.893 JLINK_WriteMem(0x0A179570, 0xBE0 Bytes, ...)
T2914 005:777.998   Data:  73 70 2F 73 72 63 2F 72 6D 5F 6C 77 69 70 5F 77 ...
T2914 005:778.071   completely In flash
T2914 005:778.140 - 0.247ms returns 0xBE0
T2914 005:779.055 JLINK_WriteMem(0x0A17A150, 0xB70 Bytes, ...)
T2914 005:779.148   Data:  43 6F 6E 6E 65 63 74 69 6F 6E 3A 20 63 6C 6F 73 ...
T2914 005:779.219   completely In flash
T2914 005:779.286 - 0.232ms returns 0xB70
T2914 005:780.359 JLINK_WriteMem(0x0A17ACC0, 0xBE0 Bytes, ...)
T2914 005:780.456   Data:  65 29 20 2D 2D 2D 20 53 53 49 44 3A 3C 43 48 49 ...
T2914 005:780.519   completely In flash
T2914 005:780.573 - 0.215ms returns 0xBE0
T2914 005:781.465 JLINK_WriteMem(0x0A17B8A0, 0xBE0 Bytes, ...)
T2914 005:781.529   Data:  45 53 4F 55 52 43 45 1B 5B 30 6D 00 09 09 52 65 ...
T2914 005:781.582   completely In flash
T2914 005:781.631 - 0.167ms returns 0xBE0
T2914 005:782.565 JLINK_WriteMem(0x0A17C480, 0xBE0 Bytes, ...)
T2914 005:782.626   Data:  75 70 20 70 69 6E 73 00 0D 0A 25 73 3A 25 64 2C ...
T2914 005:782.677   completely In flash
T2914 005:782.727 - 0.161ms returns 0xBE0
T2914 005:783.824 JLINK_WriteMem(0x0A17D060, 0xBE0 Bytes, ...)
T2914 005:783.949   Data:  69 61 6C 69 7A 65 20 74 68 65 20 53 53 4C 20 6D ...
T2914 005:784.101   completely In flash
T2914 005:784.301 - 0.476ms returns 0xBE0
T2914 005:785.919 JLINK_WriteMem(0x0A17DC40, 0xBE0 Bytes, ...)
T2914 005:786.021   Data:  20 63 6F 6E 6E 65 63 74 20 75 64 70 20 73 6F 63 ...
T2914 005:786.118   completely In flash
T2914 005:786.169 - 0.250ms returns 0xBE0
T2914 005:787.229 JLINK_WriteMem(0x0A17E820, 0xBE0 Bytes, ...)
T2914 005:787.309   Data:  50 41 20 45 6E 74 65 72 70 72 69 73 65 20 53 65 ...
T2914 005:787.361   completely In flash
T2914 005:787.411 - 0.183ms returns 0xBE0
T2914 005:788.351 JLINK_WriteMem(0x0A17F400, 0xBE0 Bytes, ...)
T2914 005:788.409   Data:  65 6E 74 20 54 68 72 65 61 64 00 09 20 54 68 72 ...
T2914 005:788.461   completely In flash
T2914 005:788.511 - 0.160ms returns 0xBE0
T2914 005:789.436 JLINK_WriteMem(0x0A17FFE0, 0xBE0 Bytes, ...)
T2914 005:789.496   Data:  09 25 73 09 25 73 00 73 65 74 5F 6E 65 74 77 6F ...
T2914 005:789.548   completely In flash
T2914 005:789.598 - 0.162ms returns 0xBE0
T2914 005:790.546 JLINK_WriteMem(0x0A180BC0, 0xBE0 Bytes, ...)
T2914 005:790.607   Data:  53 6F 66 74 2D 41 50 20 6F 70 65 72 61 74 69 6F ...
T2914 005:790.660   completely In flash
T2914 005:790.709 - 0.163ms returns 0xBE0
T2914 005:791.685 JLINK_WriteMem(0x0A1817A0, 0xBE0 Bytes, ...)
T2914 005:791.767   Data:  70 6F 72 74 20 28 70 32 70 5F 67 72 6F 75 70 3D ...
T2914 005:791.820   completely In flash
T2914 005:791.869 - 0.184ms returns 0xBE0
T2914 005:793.295 JLINK_WriteMem(0x0A182380, 0xBE0 Bytes, ...)
T2914 005:793.401   Data:  20 49 45 20 69 6E 63 6C 75 64 65 64 20 66 6F 72 ...
T2914 005:793.478   completely In flash
T2914 005:793.557 - 0.263ms returns 0xBE0
T2914 005:794.570 JLINK_WriteMem(0x0A182F60, 0xBE0 Bytes, ...)
T2914 005:794.659   Data:  75 65 3D 25 6C 64 29 00 4C 69 6E 65 20 25 64 3A ...
T2914 005:794.714   completely In flash
T2914 005:794.764 - 0.195ms returns 0xBE0
T2914 005:795.581 JLINK_WriteMem(0x0A183B40, 0xBE0 Bytes, ...)
T2914 005:795.657   Data:  69 64 2E 0A 00 1B 5B 31 3B 33 31 6D 5B 25 73 5D ...
T2914 005:795.709   completely In flash
T2914 005:795.759 - 0.178ms returns 0xBE0
T2914 005:796.630 JLINK_WriteMem(0x0A184720, 0xBE0 Bytes, ...)
T2914 005:796.714   Data:  63 69 61 74 69 6F 6E 20 64 69 73 61 6C 6C 6F 77 ...
T2914 005:796.793   completely In flash
T2914 005:796.866 - 0.236ms returns 0xBE0
T2914 005:797.834 JLINK_WriteMem(0x0A185300, 0xBE0 Bytes, ...)
T2914 005:797.923   Data:  57 50 41 3A 20 41 50 20 6D 67 6D 74 5F 67 72 6F ...
T2914 005:798.015   completely In flash
T2914 005:798.065 - 0.231ms returns 0xBE0
T2914 005:798.992 JLINK_WriteMem(0x0A185EE0, 0xBE0 Bytes, ...)
T2914 005:799.057   Data:  78 3A 25 30 32 78 3A 25 30 32 78 3A 25 30 32 78 ...
T2914 005:799.109   completely In flash
T2914 005:799.162 - 0.170ms returns 0xBE0
T2914 005:800.135 JLINK_WriteMem(0x0A186AC0, 0xBE0 Bytes, ...)
T2914 005:800.196   Data:  50 76 32 20 6E 6F 74 20 73 75 70 70 6F 72 74 65 ...
T2914 005:800.254   completely In flash
T2914 005:800.321 - 0.185ms returns 0xBE0
T2914 005:801.505 JLINK_WriteMem(0x0A1876A0, 0xBE0 Bytes, ...)
T2914 005:801.619   Data:  72 69 6F 72 69 74 79 20 25 64 20 73 70 5F 70 72 ...
T2914 005:801.693   completely In flash
T2914 005:801.763 - 0.259ms returns 0xBE0
T2914 005:802.771 JLINK_WriteMem(0x0A188280, 0xBE0 Bytes, ...)
T2914 005:802.860   Data:  78 3A 25 30 32 78 3A 25 30 32 78 3A 25 30 32 78 ...
T2914 005:802.914   completely In flash
T2914 005:802.964 - 0.194ms returns 0xBE0
T2914 005:803.863 JLINK_WriteMem(0x0A188E60, 0xBE0 Bytes, ...)
T2914 005:803.993   Data:  64 79 20 6F 6E 20 72 65 71 75 65 73 74 65 64 20 ...
T2914 005:804.051   completely In flash
T2914 005:804.100 - 0.238ms returns 0xBE0
T2914 005:805.129 JLINK_WriteMem(0x0A189A40, 0xBE0 Bytes, ...)
T2914 005:805.208   Data:  72 6F 70 20 70 65 6E 64 69 6E 67 20 41 63 74 69 ...
T2914 005:805.259   completely In flash
T2914 005:805.309 - 0.179ms returns 0xBE0
T2914 005:806.245 JLINK_WriteMem(0x0A18A620, 0xBE0 Bytes, ...)
T2914 005:806.347   Data:  67 6F 3D 25 64 00 50 32 50 2D 50 52 4F 56 2D 44 ...
T2914 005:806.436   completely In flash
T2914 005:806.506 - 0.261ms returns 0xBE0
T2914 005:807.730 JLINK_WriteMem(0x0A18B200, 0xBE0 Bytes, ...)
T2914 005:807.850   Data:  54 65 6D 70 6F 72 61 72 79 20 67 72 6F 75 70 20 ...
T2914 005:808.021   completely In flash
T2914 005:808.105 - 0.376ms returns 0xBE0
T2914 005:809.213 JLINK_WriteMem(0x0A18BDE0, 0xBE0 Bytes, ...)
T2914 005:809.307   Data:  67 20 50 49 4E 2D 31 20 66 6F 72 20 25 30 32 78 ...
T2914 005:809.380   completely In flash
T2914 005:809.449 - 0.237ms returns 0xBE0
T2914 005:810.576 JLINK_WriteMem(0x0A18C9C0, 0xBE0 Bytes, ...)
T2914 005:810.676   Data:  20 41 63 74 69 6F 6E 20 54 58 20 77 6F 72 6B 20 ...
T2914 005:810.749   completely In flash
T2914 005:810.819 - 0.242ms returns 0xBE0
T2914 005:811.904 JLINK_WriteMem(0x0A18D5A0, 0xBE0 Bytes, ...)
T2914 005:811.986   Data:  65 61 72 73 20 6D 6F 72 65 20 74 68 61 6E 20 6F ...
T2914 005:812.058   completely In flash
T2914 005:812.128 - 0.224ms returns 0xBE0
T2914 005:813.308 JLINK_WriteMem(0x0A18E180, 0xBE0 Bytes, ...)
T2914 005:813.465   Data:  30 7E 31 35 29 5D 0A 00 73 73 69 64 5F 70 6F 73 ...
T2914 005:813.538   completely In flash
T2914 005:813.605 - 0.298ms returns 0xBE0
T2914 005:814.948 JLINK_WriteMem(0x0A18ED60, 0xBE0 Bytes, ...)
T2914 005:815.097   Data:  73 61 62 6C 65 64 00 20 69 6E 63 6C 75 64 65 5F ...
T2914 005:815.172   completely In flash
T2914 005:815.240 - 0.292ms returns 0xBE0
T2914 005:816.421 JLINK_WriteMem(0x0A18F940, 0xBE0 Bytes, ...)
T2914 005:816.525   Data:  20 43 6F 75 6C 64 20 6E 6F 74 20 66 69 6E 64 20 ...
T2914 005:816.577   completely In flash
T2914 005:816.627 - 0.207ms returns 0xBE0
T2914 005:817.809 JLINK_WriteMem(0x0A190520, 0xBE0 Bytes, ...)
T2914 005:817.949   Data:  66 6F 72 20 74 72 61 6E 73 69 74 69 6F 6E 20 6D ...
T2914 005:818.028   completely In flash
T2914 005:818.098 - 0.289ms returns 0xBE0
T2914 005:819.307 JLINK_WriteMem(0x0A191100, 0xBE0 Bytes, ...)
T2914 005:819.432   Data:  74 00 53 4D 45 3A 20 54 6F 6F 20 73 68 6F 72 74 ...
T2914 005:819.505   completely In flash
T2914 005:819.576 - 0.270ms returns 0xBE0
T2914 005:822.085 JLINK_WriteMem(0x0A191CE0, 0xBE0 Bytes, ...)
T2914 005:822.191   Data:  65 64 20 74 6F 20 73 65 6E 64 20 54 57 54 20 53 ...
T2914 005:822.246   completely In flash
T2914 005:822.296 - 0.211ms returns 0xBE0
T2914 005:823.215 JLINK_WriteMem(0x0A1928C0, 0xBE0 Bytes, ...)
T2914 005:823.279   Data:  65 6E 74 20 52 65 73 70 6F 6E 73 65 20 66 72 61 ...
T2914 005:823.331   completely In flash
T2914 005:823.380 - 0.165ms returns 0xBE0
T2914 005:824.505 JLINK_WriteMem(0x0A1934A0, 0xBE0 Bytes, ...)
T2914 005:827.280   Data:  3A 20 43 61 6E 64 69 64 61 74 65 20 6C 69 73 74 ...
T2914 005:827.395   completely In flash
T2914 005:827.469 - 2.963ms returns 0xBE0
T2914 005:828.614 JLINK_WriteMem(0x0A194080, 0xBE0 Bytes, ...)
T2914 005:828.724   Data:  6D 63 73 3A 20 25 73 2C 20 65 72 72 6F 72 3A 20 ...
T2914 005:828.781   completely In flash
T2914 005:828.831 - 0.217ms returns 0xBE0
T2914 005:829.979 JLINK_WriteMem(0x0A194C60, 0xBE0 Bytes, ...)
T2914 005:830.119   Data:  41 3A 20 75 73 69 6E 67 20 4B 45 59 5F 4D 47 4D ...
T2914 005:830.189   completely In flash
T2914 005:830.251 - 0.273ms returns 0xBE0
T2914 005:831.519 JLINK_WriteMem(0x0A195840, 0xBE0 Bytes, ...)
T2914 005:831.740   Data:  73 20 72 65 71 75 69 72 65 64 2E 00 0A 54 6F 6F ...
T2914 005:831.821   completely In flash
T2914 005:831.895 - 0.376ms returns 0xBE0
T2914 005:833.043 JLINK_WriteMem(0x0A196420, 0xBE0 Bytes, ...)
T2914 005:833.140   Data:  30 32 78 3A 25 30 32 78 3A 25 30 32 78 20 5B 25 ...
T2914 005:833.193   completely In flash
T2914 005:833.242 - 0.200ms returns 0xBE0
T2914 005:834.795 JLINK_WriteMem(0x0A197000, 0xBD0 Bytes, ...)
T2914 005:834.969   Data:  78 3A 25 30 32 78 3A 25 30 32 78 3A 25 30 32 78 ...
T2914 005:835.051   completely In flash
T2914 005:835.126 - 0.332ms returns 0xBD0
T2914 005:836.309 JLINK_WriteMem(0x0A197BD0, 0xBE0 Bytes, ...)
T2914 005:836.426   Data:  67 74 68 20 25 75 00 57 50 53 3A 20 49 6E 76 61 ...
T2914 005:836.481   completely In flash
T2914 005:836.532 - 0.223ms returns 0xBE0
T2914 005:837.793 JLINK_WriteMem(0x0A1987B0, 0xBD0 Bytes, ...)
T2914 005:837.973   Data:  65 6E 00 6E 66 63 5F 69 6E 74 65 72 66 61 63 65 ...
T2914 005:838.261   completely In flash
T2914 005:838.336 - 0.543ms returns 0xBD0
T2914 005:839.821 JLINK_WriteMem(0x0A199380, 0xBE0 Bytes, ...)
T2914 005:839.927   Data:  65 69 76 65 64 20 4D 36 00 57 50 53 3A 20 55 6E ...
T2914 005:839.983   completely In flash
T2914 005:840.039 - 0.219ms returns 0xBE0
T2914 005:841.069 JLINK_WriteMem(0x0A199F60, 0xBE0 Bytes, ...)
T2914 005:841.161   Data:  76 69 73 69 6F 6E 69 6E 67 00 57 50 53 3A 20 50 ...
T2914 005:841.216   completely In flash
T2914 005:841.267 - 0.199ms returns 0xBE0
T2914 005:842.305 JLINK_WriteMem(0x0A19AB40, 0xBE0 Bytes, ...)
T2914 005:842.391   Data:  65 20 25 64 00 57 50 53 3A 20 4E 6F 20 41 73 73 ...
T2914 005:842.470   completely In flash
T2914 005:842.540 - 0.236ms returns 0xBE0
T2914 005:843.580 JLINK_WriteMem(0x0A19B720, 0xBE0 Bytes, ...)
T2914 005:843.661   Data:  4F 53 53 00 44 46 53 5F 50 52 45 5F 43 41 43 5F ...
T2914 005:843.720   completely In flash
T2914 005:843.773 - 0.194ms returns 0xBE0
T2914 005:844.764 JLINK_WriteMem(0x0A19C300, 0xBE0 Bytes, ...)
T2914 005:844.829   Data:  20 73 65 74 20 47 54 4B 20 74 6F 20 74 68 65 20 ...
T2914 005:844.886   completely In flash
T2914 005:844.937 - 0.174ms returns 0xBE0
T2914 005:845.873 JLINK_WriteMem(0x0A19CEE0, 0xBE0 Bytes, ...)
T2914 005:846.001   Data:  70 74 6F 72 20 76 65 72 73 69 6F 6E 20 28 25 64 ...
T2914 005:846.093   completely In flash
T2914 005:846.147 - 0.274ms returns 0xBE0
T2914 005:847.205 JLINK_WriteMem(0x0A19DAC0, 0xBD0 Bytes, ...)
T2914 005:847.305   Data:  2D 20 74 72 69 67 67 65 72 20 66 75 6C 6C 20 45 ...
T2914 005:847.384   completely In flash
T2914 005:847.455 - 0.250ms returns 0xBD0
T2914 005:848.397 JLINK_WriteMem(0x0A19E690, 0xBE0 Bytes, ...)
T2914 005:848.470   Data:  30 32 78 3A 25 30 32 78 3A 25 30 32 78 00 50 32 ...
T2914 005:848.547   completely In flash
T2914 005:848.619 - 0.222ms returns 0xBE0
T2914 005:849.587 JLINK_WriteMem(0x0A19F270, 0xBE0 Bytes, ...)
T2914 005:849.667   Data:  79 20 70 65 65 72 21 00 46 72 65 71 20 25 64 20 ...
T2914 005:849.721   completely In flash
T2914 005:849.772 - 0.185ms returns 0xBE0
T2914 005:850.871 JLINK_WriteMem(0x0A19FE50, 0xBD0 Bytes, ...)
T2914 005:850.978   Data:  69 6F 6E 00 55 70 64 61 74 65 64 20 70 65 65 72 ...
T2914 005:851.057   completely In flash
T2914 005:851.127 - 0.257ms returns 0xBD0
T2914 005:852.105 JLINK_WriteMem(0x0A1A0A20, 0xBE0 Bytes, ...)
T2914 005:852.188   Data:  4F 42 20 47 4F 20 4E 65 67 20 43 68 61 6E 6E 65 ...
T2914 005:852.853   completely In flash
T2914 005:852.935 - 0.830ms returns 0xBE0
T2914 005:853.829 JLINK_WriteMem(0x0A1A1600, 0xBE0 Bytes, ...)
T2914 005:853.903   Data:  73 00 50 32 50 53 20 50 44 20 52 65 73 70 6F 6E ...
T2914 005:853.957   completely In flash
T2914 005:854.018 - 0.189ms returns 0xBE0
T2914 005:854.767 JLINK_WriteMem(0x0A1A21E0, 0xBE0 Bytes, ...)
T2914 005:854.830   Data:  65 73 20 72 65 6D 61 69 6E 20 74 6F 20 62 65 20 ...
T2914 005:854.883   completely In flash
T2914 005:854.935 - 0.168ms returns 0xBE0
T2914 005:855.931 JLINK_WriteMem(0x0A1A2DC0, 0xBE0 Bytes, ...)
T2914 005:856.082   Data:  65 6E 74 72 79 20 62 61 73 65 64 20 6F 6E 20 47 ...
T2914 005:856.160   completely In flash
T2914 005:856.231 - 0.301ms returns 0xBE0
T2914 005:857.364 JLINK_WriteMem(0x0A1A39A0, 0xBE0 Bytes, ...)
T2914 005:857.467   Data:  6F 6F 70 00 54 69 6D 65 6F 75 74 20 6F 6E 20 73 ...
T2914 005:857.544   completely In flash
T2914 005:857.616 - 0.253ms returns 0xBE0
T2914 005:858.758 JLINK_WriteMem(0x0A1A4580, 0xBE0 Bytes, ...)
T2914 005:858.905   Data:  45 41 50 4F 4C 3A 20 74 78 4C 6F 67 6F 66 66 00 ...
T2914 005:858.992   completely In flash
T2914 005:859.073 - 0.316ms returns 0xBE0
T2914 005:861.447 JLINK_WriteMem(0x0A1A5160, 0xBE0 Bytes, ...)
T2914 005:861.680   Data:  20 73 74 61 74 65 20 54 49 4D 45 4F 55 54 00 45 ...
T2914 005:861.767   completely In flash
T2914 005:861.847 - 0.400ms returns 0xBE0
T2914 005:863.380 JLINK_WriteMem(0x0A1A5D40, 0xBE0 Bytes, ...)
T2914 005:863.555   Data:  74 65 20 49 47 4E 4F 52 45 00 49 45 45 45 20 38 ...
T2914 005:863.613   completely In flash
T2914 005:863.678 - 0.299ms returns 0xBE0
T2914 005:864.925 JLINK_WriteMem(0x0A1A6920, 0xBE0 Bytes, ...)
T2914 005:865.094   Data:  75 74 68 65 6E 74 69 63 61 74 69 6F 6E 20 72 6F ...
T2914 005:865.167   completely In flash
T2914 005:865.234 - 0.310ms returns 0xBE0
T2914 005:866.485 JLINK_WriteMem(0x0A1A7500, 0xBE0 Bytes, ...)
T2914 005:866.638   Data:  49 54 5F 46 52 41 47 5F 41 43 4B 00 45 41 50 3A ...
T2914 005:866.722   completely In flash
T2914 005:866.796 - 0.311ms returns 0xBE0
T2914 005:868.017 JLINK_WriteMem(0x0A1A80E0, 0xBE0 Bytes, ...)
T2914 005:868.149   Data:  61 73 65 64 20 6F 6E 20 6C 6F 77 65 72 20 6C 61 ...
T2914 005:868.231   completely In flash
T2914 005:868.302 - 0.286ms returns 0xBE0
T2914 005:869.458 JLINK_WriteMem(0x0A1A8CC0, 0xBE0 Bytes, ...)
T2914 005:869.581   Data:  49 6E 66 6F 20 6F 76 65 72 72 75 6E 20 28 74 79 ...
T2914 005:869.659   completely In flash
T2914 005:869.732 - 0.276ms returns 0xBE0
T2914 005:870.833 JLINK_WriteMem(0x0A1A98A0, 0xBE0 Bytes, ...)
T2914 005:870.945   Data:  6C 65 6E 67 65 5F 6C 65 6E 3D 25 6C 75 00 45 41 ...
T2914 005:871.095   completely In flash
T2914 005:871.226 - 0.393ms returns 0xBE0
T2914 005:872.535 JLINK_WriteMem(0x0A1AA480, 0xBE0 Bytes, ...)
T2914 005:872.651   Data:  65 79 20 6D 61 74 65 72 69 61 6C 20 66 72 6F 6D ...
T2914 005:872.734   completely In flash
T2914 005:872.812 - 0.278ms returns 0xBE0
T2914 005:874.041 JLINK_WriteMem(0x0A1AB060, 0xBE0 Bytes, ...)
T2914 005:874.125   Data:  76 31 5F 31 3D 31 00 74 6C 73 5F 64 69 73 61 62 ...
T2914 005:874.180   completely In flash
T2914 005:874.231 - 0.190ms returns 0xBE0
T2914 005:875.228 JLINK_WriteMem(0x0A1ABC40, 0xBE0 Bytes, ...)
T2914 005:875.321   Data:  6F 20 64 65 72 69 76 65 20 69 6D 70 6C 69 63 69 ...
T2914 005:875.376   completely In flash
T2914 005:875.427 - 0.199ms returns 0xBE0
T2914 005:876.367 JLINK_WriteMem(0x0A1AC820, 0xBE0 Bytes, ...)
T2914 005:876.437   Data:  20 41 75 74 68 65 6E 74 69 63 61 74 69 6F 6E 20 ...
T2914 005:876.491   completely In flash
T2914 005:876.543 - 0.176ms returns 0xBE0
T2914 005:877.469 JLINK_WriteMem(0x0A1AD400, 0xBE0 Bytes, ...)
T2914 005:877.543   Data:  66 61 69 6C 65 64 20 65 72 72 3D 25 64 20 28 25 ...
T2914 005:877.597   completely In flash
T2914 005:877.647 - 0.179ms returns 0xBE0
T2914 005:878.805 JLINK_WriteMem(0x0A1ADFE0, 0xBE0 Bytes, ...)
T2914 005:878.933   Data:  7A 2C 20 63 66 32 3A 20 25 64 4D 48 7A 00 6E 6C ...
T2914 005:879.010   completely In flash
T2914 005:879.082 - 0.278ms returns 0xBE0
T2914 005:880.218 JLINK_WriteMem(0x0A1AEBC0, 0xBE0 Bytes, ...)
T2914 005:880.328   Data:  00 34 30 2F 38 30 20 4D 48 7A 20 63 68 61 6E 6E ...
T2914 005:880.405   completely In flash
T2914 005:880.476 - 0.258ms returns 0xBE0
T2914 005:881.599 JLINK_WriteMem(0x0A1AF7A0, 0xBE0 Bytes, ...)
T2914 005:881.709   Data:  50 5F 52 45 4A 45 43 54 00 53 45 43 55 52 49 54 ...
T2914 005:881.787   completely In flash
T2914 005:881.861 - 0.262ms returns 0xBE0
T2914 005:883.107 JLINK_WriteMem(0x0A1B0380, 0xBE0 Bytes, ...)
T2914 005:883.236   Data:  49 4E 47 5F 43 41 4E 43 45 4C 4C 45 44 00 4D 45 ...
T2914 005:883.318   completely In flash
T2914 005:883.395 - 0.288ms returns 0xBE0
T2914 005:884.752 JLINK_WriteMem(0x0A1B0F60, 0xBE0 Bytes, ...)
T2914 005:884.874   Data:  6D 65 6E 74 73 20 61 74 20 74 68 65 20 65 6E 64 ...
T2914 005:884.982   completely In flash
T2914 005:885.096 - 0.345ms returns 0xBE0
T2914 005:886.349 JLINK_WriteMem(0x0A1B1B40, 0xBE0 Bytes, ...)
T2914 005:886.472   Data:  61 6E 73 69 74 69 6F 6E 20 44 69 73 61 62 6C 65 ...
T2914 005:886.569   completely In flash
T2914 005:886.681 - 0.332ms returns 0xBE0
T2914 005:887.964 JLINK_WriteMem(0x0A1B2720, 0xBE0 Bytes, ...)
T2914 005:888.108   Data:  62 69 6C 69 74 69 65 73 00 48 54 20 28 49 45 45 ...
T2914 005:888.185   completely In flash
T2914 005:888.258 - 0.295ms returns 0xBE0
T2914 005:889.397 JLINK_WriteMem(0x0A1B3300, 0xBE0 Bytes, ...)
T2914 005:889.495   Data:  6E 65 78 74 3D 25 73 0A 00 72 78 5F 70 61 63 6B ...
T2914 005:889.593   completely In flash
T2914 005:889.673 - 0.277ms returns 0xBE0
T2914 005:890.829 JLINK_WriteMem(0x0A1B3EE0, 0xBE0 Bytes, ...)
T2914 005:890.947   Data:  29 00 4E 6F 20 76 61 6C 69 64 20 63 68 61 6E 6E ...
T2914 005:891.020   completely In flash
T2914 005:891.089 - 0.260ms returns 0xBE0
T2914 005:892.173 JLINK_WriteMem(0x0A1B4AC0, 0xBE0 Bytes, ...)
T2914 005:892.274   Data:  65 64 2E 00 46 61 69 6C 65 64 20 74 6F 20 69 6E ...
T2914 005:892.347   completely In flash
T2914 005:892.416 - 0.243ms returns 0xBE0
T2914 005:893.473 JLINK_WriteMem(0x0A1B56A0, 0xBE0 Bytes, ...)
T2914 005:893.619   Data:  6F 20 61 6C 6C 6F 63 61 74 65 20 6D 65 6D 6F 72 ...
T2914 005:893.691   completely In flash
T2914 005:893.759 - 0.286ms returns 0xBE0
T2914 005:894.884 JLINK_WriteMem(0x0A1B6280, 0xBE0 Bytes, ...)
T2914 005:894.975   Data:  65 73 73 20 70 65 6E 64 69 6E 67 20 45 41 50 4F ...
T2914 005:895.030   completely In flash
T2914 005:895.082 - 0.199ms returns 0xBE0
T2914 005:896.131 JLINK_WriteMem(0x0A1B6E60, 0xBE0 Bytes, ...)
T2914 005:896.238   Data:  6E 74 20 6C 65 6E 67 74 68 20 25 64 2B 25 64 00 ...
T2914 005:896.339   completely In flash
T2914 005:896.416 - 0.284ms returns 0xBE0
T2914 005:897.554 JLINK_WriteMem(0x0A1B7A40, 0xBE0 Bytes, ...)
T2914 005:897.647   Data:  64 67 65 64 20 64 69 73 61 73 73 6F 63 00 53 54 ...
T2914 005:897.702   completely In flash
T2914 005:897.757 - 0.205ms returns 0xBE0
T2914 005:898.832 JLINK_WriteMem(0x0A1B8620, 0xBE0 Bytes, ...)
T2914 005:899.045   Data:  20 72 6F 6F 6D 20 69 6E 20 74 68 65 20 62 75 66 ...
T2914 005:899.117   completely In flash
T2914 005:899.183 - 0.355ms returns 0xBE0
T2914 005:900.413 JLINK_WriteMem(0x0A1B9200, 0xBE0 Bytes, ...)
T2914 005:900.558   Data:  30 32 78 3A 25 30 32 78 3A 25 30 32 78 00 5B 25 ...
T2914 005:900.632   completely In flash
T2914 005:900.702 - 0.290ms returns 0xBE0
T2914 005:901.958 JLINK_WriteMem(0x0A1B9DE0, 0xBE0 Bytes, ...)
T2914 005:902.061   Data:  6E 69 6D 75 6D 20 50 48 59 20 52 61 74 65 3A 20 ...
T2914 005:902.118   completely In flash
T2914 005:902.170 - 0.213ms returns 0xBE0
T2914 005:903.424 JLINK_WriteMem(0x0A1BA9C0, 0xBE0 Bytes, ...)
T2914 005:903.532   Data:  25 75 2E 25 75 2E 25 75 20 74 6F 20 25 30 32 78 ...
T2914 005:903.599   completely In flash
T2914 005:903.651 - 0.228ms returns 0xBE0
T2914 005:904.755 JLINK_WriteMem(0x0A1BB5A0, 0xBE0 Bytes, ...)
T2914 005:904.841   Data:  79 5F 69 6E 66 6F 3D 30 78 25 78 20 74 79 70 65 ...
T2914 005:904.902   completely In flash
T2914 005:904.954 - 0.200ms returns 0xBE0
T2914 005:906.034 JLINK_WriteMem(0x0A1BC180, 0xBE0 Bytes, ...)
T2914 005:906.187   Data:  74 65 64 20 6D 61 6E 61 67 65 6D 65 6E 74 20 67 ...
T2914 005:906.261   completely In flash
T2914 005:906.335 - 0.302ms returns 0xBE0
T2914 005:907.509 JLINK_WriteMem(0x0A1BCD60, 0xBE0 Bytes, ...)
T2914 005:907.625   Data:  5F 74 20 29 20 30 78 66 66 30 30 30 30 30 30 55 ...
T2914 005:907.707   completely In flash
T2914 005:907.783 - 0.274ms returns 0xBE0
T2914 005:908.959 JLINK_WriteMem(0x0A1BD940, 0xBD0 Bytes, ...)
T2914 005:909.067   Data:  65 54 79 70 65 5F 74 20 29 20 36 20 29 00 28 20 ...
T2914 005:909.146   completely In flash
T2914 005:909.221 - 0.264ms returns 0xBD0
T2914 005:910.363 JLINK_WriteMem(0x0A1BE510, 0xBE0 Bytes, ...)
T2914 005:910.467   Data:  79 00 4C 6F 63 61 6C 69 74 79 00 55 04 08 00 69 ...
T2914 005:910.549   completely In flash
T2914 005:910.624 - 0.262ms returns 0xBE0
T2914 005:911.768 JLINK_WriteMem(0x0A1BF0F0, 0xBE0 Bytes, ...)
T2914 005:911.877   Data:  6C 6F 63 6B 00 4E 6F 74 20 61 20 73 74 72 65 61 ...
T2914 005:911.953   completely In flash
T2914 005:912.029 - 0.261ms returns 0xBE0
T2914 005:913.247 JLINK_WriteMem(0x0A1BFCD0, 0xBE0 Bytes, ...)
T2914 005:913.362   Data:  02 01 22 03 3A E9 16 00 1A C4 1B 00 66 DA 1A 00 ...
T2914 005:913.442   completely In flash
T2914 005:913.510 - 0.263ms returns 0xBE0
T2914 005:914.768 JLINK_WriteMem(0x0A1C08B0, 0xBE0 Bytes, ...)
T2914 005:914.958   Data:  F9 F7 00 F5 FB FB FB F9 FD FA 00 FC FA 01 00 01 ...
T2914 005:915.081   completely In flash
T2914 005:915.169 - 0.400ms returns 0xBE0
T2914 005:916.534 JLINK_WriteMem(0x0A1C1490, 0xBE0 Bytes, ...)
T2914 005:916.656   Data:  09 0A 01 00 18 08 F0 09 0B 0A FF 00 4F 08 C0 0F ...
T2914 005:916.735   completely In flash
T2914 005:916.837 - 0.304ms returns 0xBE0
T2914 005:918.476 JLINK_WriteMem(0x0A1C2070, 0xBE0 Bytes, ...)
T2914 005:918.627   Data:  08 F2 00 9D 00 00 CC 04 F3 00 00 2F 9E 70 00 00 ...
T2914 005:918.738   completely In flash
T2914 005:918.816 - 0.345ms returns 0xBE0
T2914 005:920.040 JLINK_WriteMem(0x0A1C2C50, 0xBE0 Bytes, ...)
T2914 005:920.153   Data:  FF FF FF FF FF 4F FF FF FF FF FF F4 FF FF FF FF ...
T2914 005:920.237   completely In flash
T2914 005:920.333 - 0.294ms returns 0xBE0
T2914 005:921.423 JLINK_WriteMem(0x0A1C3830, 0xBE0 Bytes, ...)
T2914 005:921.522   Data:  04 FF FD 09 FF B0 0A FE FD 12 AF F0 0E F5 5D 2C ...
T2914 005:921.605   completely In flash
T2914 005:921.695 - 0.272ms returns 0xBE0
T2914 005:922.953 JLINK_WriteMem(0x0A1C4410, 0xBE0 Bytes, ...)
T2914 005:923.089   Data:  89 43 89 43 89 43 89 43 89 43 89 43 89 43 89 43 ...
T2914 005:923.180   completely In flash
T2914 005:923.258 - 0.306ms returns 0xBE0
T2914 005:924.391 JLINK_WriteMem(0x0A1C4FF0, 0xBE0 Bytes, ...)
T2914 005:924.482   Data:  89 43 89 43 89 43 89 43 89 43 89 43 89 43 89 43 ...
T2914 005:924.543   completely In flash
T2914 005:924.598 - 0.208ms returns 0xBE0
T2914 005:925.583 JLINK_WriteMem(0x0A1C5BD0, 0xBE0 Bytes, ...)
T2914 005:925.673   Data:  00 00 00 00 00 00 00 00 00 00 00 00 00 00 00 00 ...
T2914 005:925.736   completely In flash
T2914 005:925.788 - 0.205ms returns 0xBE0
T2914 005:926.707 JLINK_WriteMem(0x0A1C67B0, 0xBE0 Bytes, ...)
T2914 005:926.783   Data:  7F AE 7F AE 7F A6 7F AE 9F A6 7F A6 9F A6 7F A6 ...
T2914 005:926.837   completely In flash
T2914 005:926.889 - 0.182ms returns 0xBE0
T2914 005:927.823 JLINK_WriteMem(0x0A1C7390, 0xBE0 Bytes, ...)
T2914 005:927.927   Data:  DF FE DF FE DF FE DF FE DF FE DF FE DF FE FF FE ...
T2914 005:928.002   completely In flash
T2914 005:928.073 - 0.250ms returns 0xBE0
T2914 005:929.010 JLINK_WriteMem(0x0A1C7F70, 0xBE0 Bytes, ...)
T2914 005:929.084   Data:  5F 8E 5F 96 5F 8E 5F 96 5F 8E 1F 8E 1F 8E 1F 8E ...
T2914 005:929.139   completely In flash
T2914 005:929.189 - 0.180ms returns 0xBE0
T2914 005:930.114 JLINK_WriteMem(0x0A1C8B50, 0xBE0 Bytes, ...)
T2914 005:930.194   Data:  DF FE FF FE FF FE FF FE FF FE FF FE FF FE FF FE ...
T2914 005:930.248   completely In flash
T2914 005:930.300 - 0.186ms returns 0xBE0
T2914 005:932.175 JLINK_WriteMem(0x0A1C9730, 0xBE0 Bytes, ...)
T2914 005:932.291   Data:  DF F6 DF F6 DF F6 DF F6 DF FE FF FE FF FE DF FE ...
T2914 005:932.347   completely In flash
T2914 005:932.400 - 0.225ms returns 0xBE0
T2914 005:933.429 JLINK_WriteMem(0x0A1CA310, 0xBE0 Bytes, ...)
T2914 005:933.513   Data:  7F DE 7F DE 7F DE 7F DE BF EE BF EE 7F DE BF DE ...
T2914 005:933.569   completely In flash
T2914 005:933.621 - 0.192ms returns 0xBE0
T2914 005:935.114 JLINK_WriteMem(0x0A1CAEF0, 0xBE0 Bytes, ...)
T2914 005:935.261   Data:  FF FE FF FE FF FE FF FE FF FE FF FE FF FE FF FE ...
T2914 005:935.352   completely In flash
T2914 005:935.426 - 0.313ms returns 0xBE0
T2914 005:936.569 JLINK_WriteMem(0x0A1CBAD0, 0xBE0 Bytes, ...)
T2914 005:936.701   Data:  9F A6 9F A6 BF AE BF A6 9F A6 7F 9E BF 9E BF A6 ...
T2914 005:936.893   completely In flash
T2914 005:936.996 - 0.427ms returns 0xBE0
T2914 005:938.220 JLINK_WriteMem(0x0A1CC6B0, 0xBE0 Bytes, ...)
T2914 005:939.197   Data:  DF FE DF FE DF FE DF FE FF FE FF FE FF FE FF FE ...
T2914 005:939.288   completely In flash
T2914 005:939.340 - 1.121ms returns 0xBE0
T2914 005:940.317 JLINK_WriteMem(0x0A1CD290, 0xBE0 Bytes, ...)
T2914 005:940.458   Data:  5F 7E 7F 8E 5F 7E 5F 7E 5F 7E 5F 7E 5F 7E 5F 7E ...
T2914 005:943.334   completely In flash
T2914 005:943.389 - 3.071ms returns 0xBE0
T2914 005:944.525 JLINK_WriteMem(0x0A1CDE70, 0xBE0 Bytes, ...)
T2914 005:944.606   Data:  FF FE FF FE FF FE FF FE FF FE FF FE FF FE FF FE ...
T2914 005:944.663   completely In flash
T2914 005:944.719 - 0.193ms returns 0xBE0
T2914 005:945.509 JLINK_WriteMem(0x0A1CEA50, 0xBE0 Bytes, ...)
T2914 005:945.565   Data:  DF FE DF FE FF FE FF FE FF FE FF FE FF FE 1F FF ...
T2914 005:945.619   completely In flash
T2914 005:945.671 - 0.161ms returns 0xBE0
T2914 005:946.441 JLINK_WriteMem(0x0A1CF630, 0xBE0 Bytes, ...)
T2914 005:946.498   Data:  FF FE DF F6 FF EE FF FE DF F6 DF F6 DF F6 DF F6 ...
T2914 005:946.553   completely In flash
T2914 005:946.604 - 0.162ms returns 0xBE0
T2914 005:947.588 JLINK_WriteMem(0x0A1D0210, 0xBE0 Bytes, ...)
T2914 005:947.695   Data:  1F FF 1F FF FF FE FF FE FF FE FF FE FF FE FF FE ...
T2914 005:947.865   completely In flash
T2914 005:947.970 - 0.382ms returns 0xBE0
T2914 005:948.983 JLINK_WriteMem(0x0A1D0DF0, 0xBE0 Bytes, ...)
T2914 005:949.106   Data:  BF BE BF BE BF BE DF B6 DF B6 BF B6 DF B6 DF B6 ...
T2914 005:949.193   completely In flash
T2914 005:949.294 - 0.311ms returns 0xBE0
T2914 005:950.333 JLINK_WriteMem(0x0A1D19D0, 0xBE0 Bytes, ...)
T2914 005:950.589   Data:  FF FE FF FE FF FE DF FE DF FE DF FE DF FE DF FE ...
T2914 005:950.742   completely In flash
T2914 005:950.817 - 0.484ms returns 0xBE0
T2914 005:952.243 JLINK_WriteMem(0x0A1D25B0, 0xBE0 Bytes, ...)
T2914 005:952.359   Data:  9F 96 7F 8E BF 9E BF 9E 9F 96 7F 8E 7F 8E 9F 96 ...
T2914 005:952.444   completely In flash
T2914 005:952.519 - 0.277ms returns 0xBE0
T2914 005:953.682 JLINK_WriteMem(0x0A1D3190, 0xBE0 Bytes, ...)
T2914 005:953.858   Data:  FF FE FF FE 1F FF 1F FF FF FE FF FE FF FE FF FE ...
T2914 005:953.917   completely In flash
T2914 005:953.969 - 0.287ms returns 0xBE0
T2914 005:955.022 JLINK_WriteMem(0x0A1D3D70, 0xBE0 Bytes, ...)
T2914 005:955.111   Data:  5F 96 5F 96 5F 96 5F 96 5F 96 5F 96 FF FE FF FE ...
T2914 005:955.171   completely In flash
T2914 005:955.223 - 0.200ms returns 0xBE0
T2914 005:956.219 JLINK_WriteMem(0x0A1D4950, 0xBE0 Bytes, ...)
T2914 005:956.293   Data:  5F FF 5F FF 3F FF 3F FF 3F FF 3F FF 3F FF 3F FF ...
T2914 005:956.353   completely In flash
T2914 005:956.405 - 0.187ms returns 0xBE0
T2914 005:957.557 JLINK_WriteMem(0x0A1D5530, 0xBE0 Bytes, ...)
T2914 005:957.687   Data:  3F FF 3F FF 3F FF 3F FF 3F FF 3F FF 1F FF 1F FF ...
T2914 005:957.775   completely In flash
T2914 005:957.851 - 0.294ms returns 0xBE0
T2914 005:958.854 JLINK_WriteMem(0x0A1D6110, 0xBE0 Bytes, ...)
T2914 005:958.967   Data:  DF D6 DF D6 FF DE FF DE FF DE FF DE DF D6 DF D6 ...
T2914 005:959.929   completely In flash
T2914 005:960.079 - 1.225ms returns 0xBE0
T2914 005:961.316 JLINK_WriteMem(0x0A1D6CF0, 0xBE0 Bytes, ...)
T2914 005:961.425   Data:  FF FE FF FE FF FE FF FE FF FE FF FE FF FE FF FE ...
T2914 005:961.517   completely In flash
T2914 005:961.593 - 0.278ms returns 0xBE0
T2914 005:962.875 JLINK_WriteMem(0x0A1D78D0, 0xBE0 Bytes, ...)
T2914 005:963.006   Data:  9F A6 9F A6 9F A6 9F A6 BF 9E 9F A6 9F A6 7F A6 ...
T2914 005:963.063   completely In flash
T2914 005:963.114 - 0.240ms returns 0xBE0
T2914 005:964.354 JLINK_WriteMem(0x0A1D84B0, 0xBE0 Bytes, ...)
T2914 005:964.489   Data:  1F FF 1F FF 3F FF 3F FF 3F FF 3F FF 3F FF 3F FF ...
T2914 005:964.570   completely In flash
T2914 005:964.646 - 0.293ms returns 0xBE0
T2914 005:966.052 JLINK_WriteMem(0x0A1D9090, 0xBE0 Bytes, ...)
T2914 005:966.250   Data:  7F A6 7F A6 7F AE 7F AE 7F AE 7F AE 7F A6 7F AE ...
T2914 005:966.338   completely In flash
T2914 005:966.425 - 0.373ms returns 0xBE0
T2914 005:967.514 JLINK_WriteMem(0x0A1D9C70, 0xBE0 Bytes, ...)
T2914 005:967.610   Data:  7F FF 7F FF 7F FF 7F FF 7F FF 7F FF 7F FF 7F FF ...
T2914 005:967.681   completely In flash
T2914 005:967.765 - 0.252ms returns 0xBE0
T2914 005:969.370 JLINK_WriteMem(0x0A1DA850, 0xBE0 Bytes, ...)
T2914 005:969.513   Data:  3F FF 3F FF 1F FF 1F FF 3F FF 3F FF 1F FF 1F FF ...
T2914 005:969.645   completely In flash
T2914 005:969.729 - 0.360ms returns 0xBE0
T2914 005:971.185 JLINK_WriteMem(0x0A1DB430, 0xBE0 Bytes, ...)
T2914 005:971.287   Data:  1F EF 1F EF 1F EF 1F EF 1F EF FF E6 1F EF 1F EF ...
T2914 005:971.374   completely In flash
T2914 005:971.454 - 0.269ms returns 0xBE0
T2914 005:972.485 JLINK_WriteMem(0x0A1DC010, 0xBE0 Bytes, ...)
T2914 005:972.582   Data:  1F FF FF FE FF FE FF FE FF FE FF FE FF FE FF FE ...
T2914 005:972.695   completely In flash
T2914 005:972.803 - 0.317ms returns 0xBE0
T2914 005:973.906 JLINK_WriteMem(0x0A1DCBF0, 0xBE0 Bytes, ...)
T2914 005:974.023   Data:  BF BE BF BE BF BE BF BE BF BE 9F B6 9F B6 9F B6 ...
T2914 005:974.105   completely In flash
T2914 005:974.180 - 0.275ms returns 0xBE0
T2914 005:975.237 JLINK_WriteMem(0x0A1DD7D0, 0xBE0 Bytes, ...)
T2914 005:975.323   Data:  5F FF 5F FF 5F FF 5F FF 5F FF 5F FF 5F FF 5F FF ...
T2914 005:975.377   completely In flash
T2914 005:975.440 - 0.204ms returns 0xBE0
T2914 005:976.406 JLINK_WriteMem(0x0A1DE3B0, 0xBE0 Bytes, ...)
T2914 005:976.472   Data:  BF B6 BF B6 BF B6 BF B6 BF B6 DF B6 BF BE DF B6 ...
T2914 005:976.526   completely In flash
T2914 005:976.577 - 0.171ms returns 0xBE0
T2914 005:977.550 JLINK_WriteMem(0x0A1DEF90, 0xBE0 Bytes, ...)
T2914 005:977.613   Data:  9F FF 9F FF 9F FF 9F FF 9F FF 9F FF 9F FF 9F FF ...
T2914 005:977.669   completely In flash
T2914 005:977.720 - 0.169ms returns 0xBE0
T2914 005:978.667 JLINK_WriteMem(0x0A1DFB70, 0xBE0 Bytes, ...)
T2914 005:978.726   Data:  DF FE DF FE DF FE DF FE DF FE DF FE DF FE DF FE ...
T2914 005:978.826   completely In flash
T2914 005:978.881 - 0.214ms returns 0xBE0
T2914 005:979.881 JLINK_WriteMem(0x0A1E0750, 0xBE0 Bytes, ...)
T2914 005:979.959   Data:  1F EF 3F F7 3F EF 1F EF 3F EF 1F EF 3F EF 3F EF ...
T2914 005:980.013   completely In flash
T2914 005:980.065 - 0.184ms returns 0xBE0
T2914 005:981.037 JLINK_WriteMem(0x0A1E1330, 0xBE0 Bytes, ...)
T2914 005:981.102   Data:  DF FE DF FE DF FE DF FE DF FE DF FE DF FE DF FE ...
T2914 005:981.156   completely In flash
T2914 005:981.208 - 0.170ms returns 0xBE0
T2914 005:982.484 JLINK_WriteMem(0x0A1E1F10, 0xBE0 Bytes, ...)
T2914 005:982.608   Data:  BF C6 DF CE DF C6 BF C6 BF C6 BF C6 BF C6 BF C6 ...
T2914 005:982.697   completely In flash
T2914 005:982.772 - 0.289ms returns 0xBE0
T2914 005:984.060 JLINK_WriteMem(0x0A1E2AF0, 0xBE0 Bytes, ...)
T2914 005:984.177   Data:  5F FF 5F FF 5F FF 5F FF 5F FF 5F FF 5F FF 5F FF ...
T2914 005:984.254   completely In flash
T2914 005:984.413 - 0.353ms returns 0xBE0
T2914 005:985.733 JLINK_WriteMem(0x0A1E36D0, 0xBE0 Bytes, ...)
T2914 005:985.839   Data:  DF B6 DF C6 DF B6 DF C6 DF C6 DF C6 DF C6 DF C6 ...
T2914 005:985.897   completely In flash
T2914 005:985.950 - 0.217ms returns 0xBE0
T2914 005:986.871 JLINK_WriteMem(0x0A1E42B0, 0xBE0 Bytes, ...)
T2914 005:986.953   Data:  9F FF 9F FF 9F FF 9F FF 9F FF 9F FF 9F FF 9F FF ...
T2914 005:987.012   completely In flash
T2914 005:987.064 - 0.192ms returns 0xBE0
T2914 005:987.866 JLINK_WriteMem(0x0A1E4E90, 0xBE0 Bytes, ...)
T2914 005:987.926   Data:  FF ED FF ED FF ED 1F F6 1F F6 FF ED FF ED 1F F6 ...
T2914 005:987.981   completely In flash
T2914 005:988.033 - 0.167ms returns 0xBE0
T2914 005:988.789 JLINK_WriteMem(0x0A1E5A70, 0xBE0 Bytes, ...)
T2914 005:988.846   Data:  7F F7 7F F7 5F EF 5F EF 3F F7 5F EF 5F EF 3F EF ...
T2914 005:988.899   completely In flash
T2914 005:988.950 - 0.162ms returns 0xBE0
T2914 005:989.691 JLINK_WriteMem(0x0A1E6650, 0xBE0 Bytes, ...)
T2914 005:989.751   Data:  7F FE 7F FE 7F FE 7F FE 7F FE 9F FE 9F FE 9F FE ...
T2914 005:989.813   completely In flash
T2914 005:989.864 - 0.174ms returns 0xBE0
T2914 005:990.854 JLINK_WriteMem(0x0A1E7230, 0xBE0 Bytes, ...)
T2914 005:990.964   Data:  1F CF 1F CF DF D6 1F CF DF D6 DF CE DF D6 1F CF ...
T2914 005:991.042   completely In flash
T2914 005:991.119 - 0.266ms returns 0xBE0
T2914 005:992.175 JLINK_WriteMem(0x0A1E7E10, 0xBE0 Bytes, ...)
T2914 005:992.273   Data:  1F FF 1F FF 1F FF 3F FF 3F FF 1F FF 3F F7 3F FF ...
T2914 005:992.365   completely In flash
T2914 005:992.442 - 0.267ms returns 0xBE0
T2914 005:993.470 JLINK_WriteMem(0x0A1E89F0, 0xBE0 Bytes, ...)
T2914 005:993.573   Data:  DF C6 FF C6 FF C6 DF C6 FF C6 1F C7 FF C6 FF C6 ...
T2914 005:993.657   completely In flash
T2914 005:993.731 - 0.261ms returns 0xBE0
T2914 005:994.809 JLINK_WriteMem(0x0A1E95D0, 0xBE0 Bytes, ...)
T2914 005:994.907   Data:  9F FF 7F FF 7F FF 7F FF 7F FF 7F FF 9F FF 9F FF ...
T2914 005:994.984   completely In flash
T2914 005:995.060 - 0.251ms returns 0xBE0
T2914 005:996.150 JLINK_WriteMem(0x0A1EA1B0, 0xBE0 Bytes, ...)
T2914 005:996.249   Data:  DD CC 1D DD DD CC 1D DD 1D DD 1D DD 1D DD 1D DD ...
T2914 005:996.366   completely In flash
T2914 005:996.419 - 0.269ms returns 0xBE0
T2914 005:997.454 JLINK_WriteMem(0x0A1EAD90, 0xBE0 Bytes, ...)
T2914 005:997.561   Data:  9F F7 9F F7 9F F7 9F EF 9F F7 9F F7 9F F7 9F F7 ...
T2914 005:997.647   completely In flash
T2914 005:997.748 - 0.294ms returns 0xBE0
T2914 005:999.003 JLINK_WriteMem(0x0A1EB970, 0xBE0 Bytes, ...)
T2914 005:999.111   Data:  FF ED FF ED FF ED 1F F6 FF ED FF ED FF ED FF ED ...
T2914 005:999.190   completely In flash
T2914 005:999.265 - 0.262ms returns 0xBE0
T2914 006:000.453 JLINK_WriteMem(0x0A1EC550, 0xBE0 Bytes, ...)
T2914 006:000.651   Data:  5F D7 5F D7 5F D7 5F D7 5F D7 3F D7 3F D7 3F D7 ...
T2914 006:000.715   completely In flash
T2914 006:000.776 - 0.323ms returns 0xBE0
T2914 006:002.201 JLINK_WriteMem(0x0A1ED130, 0xBE0 Bytes, ...)
T2914 006:002.337   Data:  BF F6 BF F6 BF F6 BF F6 BF F6 BF F6 BF EE BF EE ...
T2914 006:002.420   completely In flash
T2914 006:002.497 - 0.296ms returns 0xBE0
T2914 006:003.671 JLINK_WriteMem(0x0A1EDD10, 0xBE0 Bytes, ...)
T2914 006:003.776   Data:  1F C7 1F C7 1F C7 1F C7 1F C7 1F C7 1F C7 3F C7 ...
T2914 006:003.857   completely In flash
T2914 006:003.933 - 0.262ms returns 0xBE0
T2914 006:005.089 JLINK_WriteMem(0x0A1EE8F0, 0xBE0 Bytes, ...)
T2914 006:005.183   Data:  5F EF 3F F7 5F EF 3F F7 3F EF 3F F7 7F F7 5F EF ...
T2914 006:005.240   completely In flash
T2914 006:005.292 - 0.204ms returns 0xBE0
T2914 006:006.384 JLINK_WriteMem(0x0A1EF4D0, 0xBE0 Bytes, ...)
T2914 006:006.477   Data:  9E C4 9E C4 9E C4 3E BC 9E C4 DD CC 9E C4 9E C4 ...
T2914 006:006.533   completely In flash
T2914 006:006.584 - 0.201ms returns 0xBE0
T2914 006:007.820 JLINK_WriteMem(0x0A1F00B0, 0xBE0 Bytes, ...)
T2914 006:007.952   Data:  9F EF 9F EF 9F EF 9F EF 9F EF 9F EF 9F EF 9F EF ...
T2914 006:008.031   completely In flash
T2914 006:008.107 - 0.287ms returns 0xBE0
T2914 006:009.333 JLINK_WriteMem(0x0A1F0C90, 0xBE0 Bytes, ...)
T2914 006:009.425   Data:  3F DD 7F DD 7F DD 3F DD 7F DD 7F DD BF E5 7F DD ...
T2914 006:009.492   completely In flash
T2914 006:009.551 - 0.219ms returns 0xBE0
T2914 006:010.557 JLINK_WriteMem(0x0A1F1870, 0xBE0 Bytes, ...)
T2914 006:010.637   Data:  BF DF BF DF 9F E7 9F E7 9F E7 9F E7 9F E7 9F E7 ...
T2914 006:010.691   completely In flash
T2914 006:010.741 - 0.185ms returns 0xBE0
T2914 006:011.629 JLINK_WriteMem(0x0A1F2450, 0xBE0 Bytes, ...)
T2914 006:011.703   Data:  3F D6 1F E6 1F E6 1F E6 1F E6 1F E6 3F D6 7F DE ...
T2914 006:011.757   completely In flash
T2914 006:011.848 - 0.219ms returns 0xBE0
T2914 006:013.179 JLINK_WriteMem(0x0A1F3030, 0xBE0 Bytes, ...)
T2914 006:013.311   Data:  5F CF 3F C7 3F C7 3F C7 3F C7 3F C7 3F C7 3F C7 ...
T2914 006:013.395   completely In flash
T2914 006:013.470 - 0.291ms returns 0xBE0
T2914 006:014.583 JLINK_WriteMem(0x0A1F3C10, 0xBE0 Bytes, ...)
T2914 006:014.695   Data:  1F DF 1F DF 1F DF 1F DF FF E6 3F E7 3F E7 3F E7 ...
T2914 006:014.775   completely In flash
T2914 006:014.844 - 0.262ms returns 0xBE0
T2914 006:016.201 JLINK_WriteMem(0x0A1F47F0, 0xBE0 Bytes, ...)
T2914 006:016.311   Data:  5F CF 5F CF 5F CF 7F D7 5F CF 5F CF 7F D7 7F D7 ...
T2914 006:016.370   completely In flash
T2914 006:016.421 - 0.223ms returns 0xBE0
T2914 006:017.525 JLINK_WriteMem(0x0A1F53D0, 0xBE0 Bytes, ...)
T2914 006:017.620   Data:  9F E7 9F E7 BF E7 9F E7 BF E7 9F E7 BF E7 BF E7 ...
T2914 006:017.675   completely In flash
T2914 006:017.727 - 0.203ms returns 0xBE0
T2914 006:019.075 JLINK_WriteMem(0x0A1F5FB0, 0xBE0 Bytes, ...)
T2914 006:019.204   Data:  1F D5 1F D5 DF CC 1F D5 DF CC DF CC 5F CD 1F D5 ...
T2914 006:019.285   completely In flash
T2914 006:019.361 - 0.288ms returns 0xBE0
T2914 006:020.608 JLINK_WriteMem(0x0A1F6B90, 0xBE0 Bytes, ...)
T2914 006:020.731   Data:  DF E7 DF E7 DF E7 DF E7 DF E7 DF E7 DF E7 DF E7 ...
T2914 006:020.827   completely In flash
T2914 006:020.905 - 0.297ms returns 0xBE0
T2914 006:022.029 JLINK_WriteMem(0x0A1F7770, 0xBE0 Bytes, ...)
T2914 006:022.135   Data:  3F D6 DF D5 DF D5 DF D5 DF D5 3F D6 3F D6 3F D6 ...
T2914 006:022.195   completely In flash
T2914 006:022.247 - 0.219ms returns 0xBE0
T2914 006:023.372 JLINK_WriteMem(0x0A1F8350, 0xBE0 Bytes, ...)
T2914 006:023.487   Data:  00 00 00 00 00 00 02 00 00 00 00 00 00 00 00 00 ...
T2914 006:023.565   completely In flash
T2914 006:023.656 - 0.284ms returns 0xBE0
T2914 006:024.792 JLINK_WriteMem(0x0A1F8F30, 0xBE0 Bytes, ...)
T2914 006:024.881   Data:  6F FF FF FF E0 00 00 2D FF FF FF FF FF FF FC 00 ...
T2914 006:024.935   completely In flash
T2914 006:024.988 - 0.197ms returns 0xBE0
T2914 006:025.989 JLINK_WriteMem(0x0A1F9B10, 0xBE0 Bytes, ...)
T2914 006:026.075   Data:  00 00 00 00 00 04 FF FF FF FF FF 70 00 00 00 00 ...
T2914 006:026.130   completely In flash
T2914 006:026.184 - 0.196ms returns 0xBE0
T2914 006:027.233 JLINK_WriteMem(0x0A1FA6F0, 0xBE0 Bytes, ...)
T2914 006:027.308   Data:  FF FF FA 00 00 00 8F FF FF FF FF FF FF FF FF FF ...
T2914 006:027.362   completely In flash
T2914 006:027.413 - 0.181ms returns 0xBE0
T2914 006:028.407 JLINK_WriteMem(0x0A1FB2D0, 0xBE0 Bytes, ...)
T2914 006:028.473   Data:  FF FF FF FF F5 7F FF FF FF FF FF FF 50 00 00 00 ...
T2914 006:028.587   completely In flash
T2914 006:028.648 - 0.240ms returns 0xBE0
T2914 006:029.891 JLINK_WriteMem(0x0A1FBEB0, 0xBE0 Bytes, ...)
T2914 006:029.976   Data:  FF FE 10 00 CF FF FF FF FF FF FF FF FF FF FF F4 ...
T2914 006:030.033   completely In flash
T2914 006:030.085 - 0.197ms returns 0xBE0
T2914 006:031.188 JLINK_WriteMem(0x0A1FCA90, 0xBE0 Bytes, ...)
T2914 006:031.797   Data:  00 00 00 00 00 00 00 16 AD FF FE DA 61 00 00 00 ...
T2914 006:031.879   completely In flash
T2914 006:031.955 - 0.767ms returns 0xBE0
T2914 006:032.947 JLINK_WriteMem(0x0A1FD670, 0xBE0 Bytes, ...)
T2914 006:033.025   Data:  00 00 AF FF FF FF FF 50 00 00 00 00 00 00 00 00 ...
T2914 006:033.079   completely In flash
T2914 006:033.131 - 0.184ms returns 0xBE0
T2914 006:034.059 JLINK_WriteMem(0x0A1FE250, 0xBE0 Bytes, ...)
T2914 006:036.940   Data:  54 41 71 44 4B 63 4D 41 6F 47 43 43 71 47 53 4D ...
T2914 006:037.109   completely In flash
T2914 006:037.212 - 3.153ms returns 0xBE0
T2914 006:038.610 JLINK_WriteMem(0x0A1FEE30, 0xBE0 Bytes, ...)
T2914 006:038.735   Data:  8E CD 1F 00 34 CF 1F 00 F5 CE 1F 00 00 00 00 00 ...
T2914 006:038.819   completely In flash
T2914 006:038.897 - 0.288ms returns 0xBE0
T2914 006:040.022 JLINK_WriteMem(0x0A1FFA10, 0xBE0 Bytes, ...)
T2914 006:040.111   Data:  49 4D 45 52 5F 53 65 74 00 52 4D 5F 50 4D 47 52 ...
T2914 006:040.453   completely In flash
T2914 006:041.948 - 1.925ms returns 0xBE0
T2914 006:043.401 JLINK_WriteMem(0x0A2005F0, 0xBE0 Bytes, ...)
T2914 006:043.489   Data:  00 00 03 06 04 00 E7 FF FF FF FF FF FF FF FF C9 ...
T2914 006:043.548   completely In flash
T2914 006:043.601 - 0.199ms returns 0xBE0
T2914 006:044.672 JLINK_WriteMem(0x0A2011D0, 0xBE0 Bytes, ...)
T2914 006:044.767   Data:  49 90 06 00 81 9D 06 00 8D 8F 06 00 65 8A 17 00 ...
T2914 006:044.833   completely In flash
T2914 006:044.885 - 0.213ms returns 0xBE0
T2914 006:045.941 JLINK_WriteMem(0x0A201DB0, 0xBE0 Bytes, ...)
T2914 006:046.032   Data:  31 08 07 00 59 03 07 00 03 AA 17 00 00 00 00 00 ...
T2914 006:046.089   completely In flash
T2914 006:046.141 - 0.200ms returns 0xBE0
T2914 006:047.162 JLINK_WriteMem(0x0A202990, 0xBE0 Bytes, ...)
T2914 006:047.244   Data:  43 5F 49 4E 43 4F 4D 49 4E 47 00 00 00 04 00 00 ...
T2914 006:047.304   completely In flash
T2914 006:047.356 - 0.194ms returns 0xBE0
T2914 006:048.469 JLINK_WriteMem(0x0A203570, 0xBD0 Bytes, ...)
T2914 006:048.707   Data:  0D FA 07 00 6F FB 07 00 11 FA 07 00 19 FB 07 00 ...
T2914 006:048.791   completely In flash
T2914 006:048.866 - 0.396ms returns 0xBD0
T2914 006:049.953 JLINK_WriteMem(0x0A204140, 0xBE0 Bytes, ...)
T2914 006:050.029   Data:  7D 6C E0 EA B1 D1 A5 1D 34 F4 B7 80 02 7D B0 26 ...
T2914 006:050.084   completely In flash
T2914 006:050.135 - 0.183ms returns 0xBE0
T2914 006:051.307 JLINK_WriteMem(0x0A204D20, 0xBE0 Bytes, ...)
T2914 006:051.415   Data:  00 00 00 00 00 00 00 00 00 00 00 00 00 00 00 00 ...
T2914 006:051.497   completely In flash
T2914 006:051.685 - 0.378ms returns 0xBE0
T2914 006:053.017 JLINK_WriteMem(0x0A205900, 0xBE0 Bytes, ...)
T2914 006:053.165   Data:  5C 35 20 00 05 00 00 00 0C 35 20 00 00 50 0A 20 ...
T2914 006:053.265   completely In flash
T2914 006:053.343 - 0.327ms returns 0xBE0
T2914 006:054.660 JLINK_WriteMem(0x0A2064E0, 0xBD0 Bytes, ...)
T2914 006:054.785   Data:  CD 5F 09 00 55 55 09 00 54 06 00 00 00 00 00 00 ...
T2914 006:054.869   completely In flash
T2914 006:054.940 - 0.281ms returns 0xBD0
T2914 006:056.128 JLINK_WriteMem(0x0A2070B0, 0xBE0 Bytes, ...)
T2914 006:056.249   Data:  74 72 6C 5F 69 66 61 63 65 5F 61 64 64 5F 6E 65 ...
T2914 006:056.328   completely In flash
T2914 006:056.403 - 0.276ms returns 0xBE0
T2914 006:058.917 JLINK_WriteMem(0x0A207C90, 0xBE0 Bytes, ...)
T2914 006:059.049   Data:  D7 42 1A 00 00 00 65 61 70 5F 74 6C 73 5F 63 68 ...
T2914 006:059.114   completely In flash
T2914 006:059.167 - 0.251ms returns 0xBE0
T2914 006:060.350 JLINK_WriteMem(0x0A208870, 0xBD0 Bytes, ...)
T2914 006:060.418   Data:  19 11 09 01 3A 32 2A 22 1A 12 0A 02 3B 33 2B 23 ...
T2914 006:060.474   completely In flash
T2914 006:060.560 - 0.209ms returns 0xBD0
T2914 006:061.715 JLINK_WriteMem(0x0A209440, 0xBD0 Bytes, ...)
T2914 006:061.830   Data:  6B 17 00 00 93 17 00 00 BB 17 00 00 E3 17 00 00 ...
T2914 006:061.915   completely In flash
T2914 006:061.990 - 0.275ms returns 0xBD0
T2914 006:063.053 JLINK_WriteMem(0x0A20A010, 0xBD0 Bytes, ...)
T2914 006:063.145   Data:  30 38 6C 78 0D 0A 00 6C 6F 77 00 68 69 67 68 00 ...
T2914 006:063.224   completely In flash
T2914 006:063.300 - 0.247ms returns 0xBD0
T2914 006:064.296 JLINK_WriteMem(0x0A20ABE0, 0xBE0 Bytes, ...)
T2914 006:064.394   Data:  39 DB 04 0F 25 E9 04 0F 00 00 00 00 00 00 00 00 ...
T2914 006:064.458   completely In flash
T2914 006:064.521 - 0.225ms returns 0xBE0
T2914 006:065.535 JLINK_WriteMem(0x0A20B7C0, 0xBC0 Bytes, ...)
T2914 006:065.623   Data:  8D E6 0C EA 13 55 94 EA 0C 0F 08 BF 95 EA 0C 0F ...
T2914 006:065.681   completely In flash
T2914 006:065.733 - 0.198ms returns 0xBC0
T2914 006:066.695 JLINK_WriteMem(0x0A20C380, 0xBB0 Bytes, ...)
T2914 006:066.781   Data:  D2 F8 14 11 21 F4 40 71 41 F4 80 71 C2 F8 14 11 ...
T2914 006:066.835   completely In flash
T2914 006:066.887 - 0.192ms returns 0xBB0
T2914 006:067.948 JLINK_WriteMem(0x0A20CF30, 0xBB0 Bytes, ...)
T2914 006:068.055   Data:  01 92 00 2B FA D1 02 B0 70 47 00 BF 00 02 0C 40 ...
T2914 006:068.146   completely In flash
T2914 006:068.222 - 0.275ms returns 0xBB0
T2914 006:069.446 JLINK_WriteMem(0x0A20DAE0, 0xBB0 Bytes, ...)
T2914 006:069.605   Data:  33 68 04 F6 38 70 D3 F8 04 32 98 47 C2 19 48 EB ...
T2914 006:069.690   completely In flash
T2914 006:069.765 - 0.320ms returns 0xBB0
T2914 006:070.829 JLINK_WriteMem(0x0A20E690, 0xBB0 Bytes, ...)
T2914 006:070.923   Data:  6C 92 0A 20 08 B1 01 F0 1D BD 70 47 1F B5 00 23 ...
T2914 006:071.007   completely In flash
T2914 006:071.085 - 0.256ms returns 0xBB0
T2914 006:072.093 JLINK_WriteMem(0x0A20F240, 0xBC0 Bytes, ...)
T2914 006:072.181   Data:  08 02 DD E9 0C 13 9A 42 08 BF 88 42 15 D0 0A 9B ...
T2914 006:072.259   completely In flash
T2914 006:072.335 - 0.243ms returns 0xBC0
T2914 006:073.323 JLINK_WriteMem(0x0A20FE00, 0xBA0 Bytes, ...)
T2914 006:073.404   Data:  68 80 FB F7 07 FE 70 B1 79 49 78 48 FB F7 02 FE ...
T2914 006:073.465   completely In flash
T2914 006:073.523 - 0.201ms returns 0xBA0
T2914 006:074.397 JLINK_WriteMem(0x0A2109A0, 0xBC0 Bytes, ...)
T2914 006:074.481   Data:  01 28 BF D1 B3 F8 BE 00 B3 F8 BC 40 40 EA 04 41 ...
T2914 006:074.540   completely In flash
T2914 006:074.593 - 0.196ms returns 0xBC0
T2914 006:075.378 JLINK_WriteMem(0x0A211560, 0xBC0 Bytes, ...)
T2914 006:075.438   Data:  C4 53 1B 18 18 46 41 EB 64 21 00 22 E8 E7 A3 02 ...
T2914 006:076.258   completely In flash
T2914 006:076.342 - 0.964ms returns 0xBC0
T2914 006:077.682 JLINK_WriteMem(0x0A212120, 0xBC0 Bytes, ...)
T2914 006:077.781   Data:  93 F8 EA 32 5A 06 03 D5 5B 07 01 D4 00 F0 06 B8 ...
T2914 006:077.861   completely In flash
T2914 006:077.933 - 0.252ms returns 0xBC0
T2914 006:078.985 JLINK_WriteMem(0x0A212CE0, 0xBE0 Bytes, ...)
T2914 006:079.083   Data:  41 F6 C6 02 C3 F8 EC 21 C3 F8 F0 21 B2 E7 00 BF ...
T2914 006:079.150   completely In flash
T2914 006:079.207 - 0.222ms returns 0xBE0
T2914 006:080.656 JLINK_WriteMem(0x0A2138C0, 0xBD0 Bytes, ...)
T2914 006:080.837   Data:  78 53 74 72 65 61 6D 42 75 66 66 65 72 52 65 73 ...
T2914 006:080.945   completely In flash
T2914 006:081.040 - 0.385ms returns 0xBD0
T2914 006:082.982 JLINK_WriteMem(0x0A214490, 0xBC0 Bytes, ...)
T2914 006:083.172   Data:  D4 1E 88 C4 AA 18 7E 45 4B AC D9 B2 A1 C0 71 5D ...
T2914 006:083.257   completely In flash
T2914 006:083.337 - 0.356ms returns 0xBC0
T2914 006:085.009 JLINK_WriteMem(0x0A215050, 0xBC0 Bytes, ...)
T2914 006:085.300   Data:  AE C4 3A A5 75 57 A3 0A 13 E4 59 15 79 6E 4A 48 ...
T2914 006:085.407   completely In flash
T2914 006:085.487 - 0.478ms returns 0xBC0
T2914 006:086.824 JLINK_WriteMem(0x0A215C10, 0xBC0 Bytes, ...)
T2914 006:086.942   Data:  9F B9 4C C9 2D DC C0 CF 81 1E C4 6C 2B CC 37 86 ...
T2914 006:087.024   completely In flash
T2914 006:087.096 - 0.273ms returns 0xBC0
T2914 006:088.277 JLINK_WriteMem(0x0A2167D0, 0xBC0 Bytes, ...)
T2914 006:088.383   Data:  F3 15 B3 99 5B 72 DA A2 EE 40 85 B6 A0 21 9A 92 ...
T2914 006:088.464   completely In flash
T2914 006:088.535 - 0.259ms returns 0xBC0
T2914 006:089.788 JLINK_WriteMem(0x0A217390, 0xBC0 Bytes, ...)
T2914 006:089.913   Data:  BC F1 D7 99 8C C2 05 99 6D E6 5E 82 6D E5 7E D5 ...
T2914 006:089.992   completely In flash
T2914 006:090.068 - 0.281ms returns 0xBC0
T2914 006:091.355 JLINK_WriteMem(0x0A217F50, 0xBC0 Bytes, ...)
T2914 006:091.473   Data:  C0 5C 21 00 01 00 08 00 00 00 00 00 01 00 00 00 ...
T2914 006:091.549   completely In flash
T2914 006:091.621 - 0.268ms returns 0xBC0
T2914 006:093.057 JLINK_WriteMem(0x0A218B10, 0xBC0 Bytes, ...)
T2914 006:093.161   Data:  B8 BB 1B 00 0D 00 00 00 00 00 00 00 00 00 00 00 ...
T2914 006:093.237   completely In flash
T2914 006:093.309 - 0.253ms returns 0xBC0
T2914 006:094.414 JLINK_WriteMem(0x0A2196D0, 0xBD0 Bytes, ...)
T2914 006:094.509   Data:  02 FC E1 CD F7 E2 EC C0 34 04 CD 28 34 2F 61 91 ...
T2914 006:094.580   completely In flash
T2914 006:094.649 - 0.235ms returns 0xBD0
T2914 006:095.753 JLINK_WriteMem(0x0A21A2A0, 0xBE0 Bytes, ...)
T2914 006:095.853   Data:  65 20 6D 65 6D 6F 72 79 20 66 6F 72 20 64 72 76 ...
T2914 006:095.926   completely In flash
T2914 006:095.997 - 0.243ms returns 0xBE0
T2914 006:097.060 JLINK_WriteMem(0x0A21AE80, 0xBE0 Bytes, ...)
T2914 006:097.157   Data:  20 66 61 69 6C 20 0A 00 89 9E 63 72 79 70 74 6F ...
T2914 006:097.232   completely In flash
T2914 006:097.303 - 0.244ms returns 0xBE0
T2914 006:098.368 JLINK_WriteMem(0x0A21BA60, 0xBE0 Bytes, ...)
T2914 006:098.457   Data:  20 55 4E 49 49 2D 49 53 4D 00 00 00 35 47 48 7A ...
T2914 006:098.534   completely In flash
T2914 006:098.605 - 0.238ms returns 0xBE0
T2914 006:099.681 JLINK_WriteMem(0x0A21C640, 0xBE0 Bytes, ...)
T2914 006:099.772   Data:  5F 61 73 73 65 72 74 2E 63 00 00 00 9B 57 41 52 ...
T2914 006:099.849   completely In flash
T2914 006:099.918 - 0.237ms returns 0xBE0
T2914 006:100.906 JLINK_WriteMem(0x0A21D220, 0xBE0 Bytes, ...)
T2914 006:101.012   Data:  5F 41 4E 4E 4F 55 4E 43 45 44 20 28 25 64 29 20 ...
T2914 006:101.217   completely In flash
T2914 006:101.302 - 0.396ms returns 0xBE0
T2914 006:102.781 JLINK_WriteMem(0x0A21DE00, 0xBE0 Bytes, ...)
T2914 006:102.905   Data:  4D 50 4C 45 00 00 00 00 72 63 5F 73 73 2D 3E 62 ...
T2914 006:102.980   completely In flash
T2914 006:103.052 - 0.272ms returns 0xBE0
T2914 006:104.195 JLINK_WriteMem(0x0A21E9E0, 0xBE0 Bytes, ...)
T2914 006:104.299   Data:  41 43 20 41 44 44 52 45 53 53 20 25 30 32 58 3A ...
T2914 006:104.374   completely In flash
T2914 006:104.446 - 0.251ms returns 0xBE0
T2914 006:105.538 JLINK_WriteMem(0x0A21F5C0, 0xBE0 Bytes, ...)
T2914 006:105.635   Data:  30 00 00 00 70 64 5F 6E 65 78 74 00 64 6D 61 5F ...
T2914 006:105.710   completely In flash
T2914 006:105.781 - 0.243ms returns 0xBE0
T2914 006:106.932 JLINK_WriteMem(0x0A2201A0, 0xBE0 Bytes, ...)
T2914 006:107.055   Data:  2F 6D 6D 2F 6D 6D 5F 74 61 73 6B 2E 63 00 00 00 ...
T2914 006:107.147   completely In flash
T2914 006:107.219 - 0.287ms returns 0xBE0
T2914 006:108.493 JLINK_WriteMem(0x0A220D80, 0xBE0 Bytes, ...)
T2914 006:108.615   Data:  44 5F 57 41 49 54 5F 73 65 6D 61 70 68 6F 72 65 ...
T2914 006:108.695   completely In flash
T2914 006:108.764 - 0.272ms returns 0xBE0
T2914 006:109.717 JLINK_WriteMem(0x0A221960, 0xBE0 Bytes, ...)
T2914 006:109.811   Data:  6F 6A 65 63 74 73 2F 72 72 71 36 31 30 30 30 2F ...
T2914 006:109.887   completely In flash
T2914 006:109.959 - 0.242ms returns 0xBE0
T2914 006:111.065 JLINK_WriteMem(0x0A222540, 0xBE0 Bytes, ...)
T2914 006:111.185   Data:  31 31 5F 61 73 73 6F 63 69 61 74 65 00 00 00 00 ...
T2914 006:111.262   completely In flash
T2914 006:111.335 - 0.270ms returns 0xBE0
T2914 006:112.484 JLINK_WriteMem(0x0A223120, 0xBC0 Bytes, ...)
T2914 006:112.568   Data:  24 09 28 0A 49 0A 6D 0B 6D 0B B2 0C B6 0D 3C 0F ...
T2914 006:112.645   completely In flash
T2914 006:112.716 - 0.232ms returns 0xBC0
T2914 006:114.158 JLINK_WriteMem(0x0A223CE0, 0xBD0 Bytes, ...)
T2914 006:114.288   Data:  61 76 65 5F 74 6F 5F 72 74 6D 00 00 74 77 74 5F ...
T2914 006:114.373   completely In flash
T2914 006:114.443 - 0.285ms returns 0xBD0
T2914 006:116.135 JLINK_WriteMem(0x0A2248B0, 0xBE0 Bytes, ...)
T2914 006:116.253   Data:  72 5F 75 70 5F 73 74 65 70 32 00 00 72 77 6E 78 ...
T2914 006:116.329   completely In flash
T2914 006:116.397 - 0.262ms returns 0xBE0
T2914 006:119.828 JLINK_WriteMem(0x0A225490, 0xBE0 Bytes, ...)
T2914 006:120.099   Data:  AD 13 04 48 0F 62 64 88 98 01 00 60 AD 13 04 48 ...
T2914 006:120.165   completely In flash
T2914 006:120.352 - 0.524ms returns 0xBE0
T2914 006:122.042 JLINK_WriteMem(0x0A226070, 0xBB0 Bytes, ...)
T2914 006:122.183   Data:  02 02 02 02 02 02 02 02 10 10 10 10 20 00 00 00 ...
T2914 006:122.268   completely In flash
T2914 006:122.347 - 0.306ms returns 0xBB0
T2914 006:123.871 JLINK_WriteMem(0x0A226C20, 0xB90 Bytes, ...)
T2914 006:124.000   Data:  9D F8 09 A0 9D F8 0A B0 52 46 5B 46 31 46 53 48 ...
T2914 006:124.083   completely In flash
T2914 006:124.161 - 0.290ms returns 0xB90
T2914 006:125.369 JLINK_WriteMem(0x0A2277B0, 0xBC0 Bytes, ...)
T2914 006:125.478   Data:  86 FE 00 28 FA D1 E4 E7 2D E9 F0 41 03 68 04 46 ...
T2914 006:125.536   completely In flash
T2914 006:125.587 - 0.219ms returns 0xBC0
T2914 006:126.611 JLINK_WriteMem(0x0A228370, 0xBC0 Bytes, ...)
T2914 006:126.723   Data:  A3 42 1B D0 23 4B 04 F0 07 06 1C 70 1E D2 04 2C ...
T2914 006:126.802   completely In flash
T2914 006:126.878 - 0.267ms returns 0xBC0
T2914 006:127.968 JLINK_WriteMem(0x0A228F30, 0x81C Bytes, ...)
T2914 006:128.059   Data:  23 EA 02 03 13 4A 93 70 0A 8C 13 4B 6F EA 82 42 ...
T2914 006:128.113   completely In flash
T2914 006:128.169 - 0.201ms returns 0x81C
T2914 006:170.271 JLINK_EndDownload()
T2914 006:173.071   HandleBeforeFlashProg() start
T2914 006:173.211    J-Link Script File: Executing HandleBeforeFlashProg()
T2914 006:173.259   Freeze System Watchdog to avoid expiration during flashing.
T2914 006:173.338   CPU_WriteMem(4 bytes @ 0x400C0704)
T2914 006:174.155   CPU_WriteMem(4 bytes @ 0x400C0004)
T2914 006:174.969   HandleBeforeFlashProg() end - Took 1.75ms
T2914 006:175.108   CPU_ReadMem(4 bytes @ 0xE0043004)
T2914 006:175.957   CPU_ReadMem(4 bytes @ 0xE000ED90)
T2914 006:176.720   CPU_ReadMem(4 bytes @ 0xE000ED94)
T2914 006:177.606    -- --------------------------------------
T2914 006:177.729    -- Start of determining flash info (Bank @ 0x0A000000)
T2914 006:177.809    -- Loader provides SEGGER_OPEN_GetFlashInfo(). Determining dynamic flash info (sectorization etc.) now
T2914 006:177.883    -- Preparing RAMCode
T2914 006:177.954    -- Calculating RAM usage
T2914 006:178.025    -- RAM usage = 13992 Bytes
T2914 006:178.095    -- Preserving CPU registers
T2914 006:196.673    -- Preparing memory
T2914 006:196.816    -- Preparing target
T2914 006:196.886    -- Preserving target RAM temporarily used for programming
T2914 006:280.146    -- Downloading RAMCode
T2914 006:381.454    -- Initializing RAMCode (InitType: 3 = Verify)
T2914 006:381.661    -- Executing SEGGER_FL_Prepare(3)
T2914 006:404.904    -- Executing SEGGER_FL_Restore()
T2914 006:414.029    -- Restoring target memory
T2914 006:481.206    -- Restoring CPU registers
T2914 006:482.175    -- SEGGER_OPEN_GetFlashInfo(): Loader detected 1 sector ranges.
T2914 006:482.300    -- SEGGER_OPEN_GetFlashInfo(): Flash size changed from 0x04000000 to 0x00800000 according to new sector ranges.
T2914 006:482.352    -- End of determining flash info
T2914 006:482.401    -- Start of determining dirty areas in flash cache
T2914 006:482.464    -- Filling invalid ranges in sector buffer (flash cache) for sector @ 0x0A000000 if necessary
T2914 006:482.517    -- Filling invalid ranges in sector buffer (flash cache) for sector @ 0x0A010000 if necessary
T2914 006:482.567    -- Filling invalid ranges in sector buffer (flash cache) for sector @ 0x0A020000 if necessary
T2914 006:482.618    -- Filling invalid ranges in sector buffer (flash cache) for sector @ 0x0A030000 if necessary
T2914 006:482.669    -- Filling invalid ranges in sector buffer (flash cache) for sector @ 0x0A040000 if necessary
T2914 006:482.719    -- Filling invalid ranges in sector buffer (flash cache) for sector @ 0x0A050000 if necessary
T2914 006:482.775    -- Filling invalid ranges in sector buffer (flash cache) for sector @ 0x0A060000 if necessary
T2914 006:482.826    -- Filling invalid ranges in sector buffer (flash cache) for sector @ 0x0A070000 if necessary
T2914 006:482.877    -- Filling invalid ranges in sector buffer (flash cache) for sector @ 0x0A080000 if necessary
T2914 006:482.928    -- Filling invalid ranges in sector buffer (flash cache) for sector @ 0x0A090000 if necessary
T2914 006:482.979    -- Filling invalid ranges in sector buffer (flash cache) for sector @ 0x0A0A0000 if necessary
T2914 006:483.037    -- Filling invalid ranges in sector buffer (flash cache) for sector @ 0x0A0B0000 if necessary
T2914 006:483.088    -- Filling invalid ranges in sector buffer (flash cache) for sector @ 0x0A0C0000 if necessary
T2914 006:483.139    -- Filling invalid ranges in sector buffer (flash cache) for sector @ 0x0A0D0000 if necessary
T2914 006:483.189    -- Filling invalid ranges in sector buffer (flash cache) for sector @ 0x0A0E0000 if necessary
T2914 006:483.240    -- Filling invalid ranges in sector buffer (flash cache) for sector @ 0x0A0F0000 if necessary
T2914 006:483.291    -- Filling invalid ranges in sector buffer (flash cache) for sector @ 0x0A100000 if necessary
T2914 006:483.341    -- Filling invalid ranges in sector buffer (flash cache) for sector @ 0x0A110000 if necessary
T2914 006:483.393    -- Filling invalid ranges in sector buffer (flash cache) for sector @ 0x0A120000 if necessary
T2914 006:483.465    -- Filling invalid ranges in sector buffer (flash cache) for sector @ 0x0A130000 if necessary
T2914 006:483.519    -- Filling invalid ranges in sector buffer (flash cache) for sector @ 0x0A140000 if necessary
T2914 006:483.569    -- Filling invalid ranges in sector buffer (flash cache) for sector @ 0x0A150000 if necessary
T2914 006:483.620    -- Filling invalid ranges in sector buffer (flash cache) for sector @ 0x0A160000 if necessary
T2914 006:483.675    -- Filling invalid ranges in sector buffer (flash cache) for sector @ 0x0A170000 if necessary
T2914 006:483.725    -- Filling invalid ranges in sector buffer (flash cache) for sector @ 0x0A180000 if necessary
T2914 006:483.776    -- Filling invalid ranges in sector buffer (flash cache) for sector @ 0x0A190000 if necessary
T2914 006:483.826    -- Filling invalid ranges in sector buffer (flash cache) for sector @ 0x0A1A0000 if necessary
T2914 006:483.878    -- Filling invalid ranges in sector buffer (flash cache) for sector @ 0x0A1B0000 if necessary
T2914 006:483.929    -- Filling invalid ranges in sector buffer (flash cache) for sector @ 0x0A1C0000 if necessary
T2914 006:483.980    -- Filling invalid ranges in sector buffer (flash cache) for sector @ 0x0A1D0000 if necessary
T2914 006:484.039    -- Filling invalid ranges in sector buffer (flash cache) for sector @ 0x0A1E0000 if necessary
T2914 006:484.091    -- Filling invalid ranges in sector buffer (flash cache) for sector @ 0x0A1F0000 if necessary
T2914 006:484.143    -- Filling invalid ranges in sector buffer (flash cache) for sector @ 0x0A200000 if necessary
T2914 006:484.195    -- Filling invalid ranges in sector buffer (flash cache) for sector @ 0x0A210000 if necessary
T2914 006:484.262    -- Filling invalid ranges in sector buffer (flash cache) for sector @ 0x0A220000 if necessary
T2914 006:485.713    -- End of determining dirty areas
T2914 006:485.843    -- Start of preparing flash programming
T2914 006:485.904    -- Preparing RAMCode
T2914 006:485.970    -- Calculating RAM usage
T2914 006:486.031    -- RAM usage = 26280 Bytes
T2914 006:486.099    -- Preserving CPU registers
T2914 006:486.285    -- Preparing memory
T2914 006:486.434    -- Preparing target
T2914 006:486.498    -- Preserving target RAM temporarily used for programming
T2914 006:643.189    -- Downloading RAMCode
T2914 006:744.176    -- Initializing RAMCode (InitType: 3 = Verify)
T2914 006:744.344    -- Executing SEGGER_FL_Prepare(3)
T2914 006:755.451    -- End of preparing flash programming
T2914 006:758.526    -- CPU speed could not be measured.
T2914 006:758.675    -- Start of comparing flash
T2914 006:758.742    -- CRC check was estimated as fastest method
T2914 006:772.993    -- Comparing range 0xA000000 - 0xA01FFFF (2 Sectors, 128 KB), using single-block CRC calculation
T2914 006:864.656    -- CRC matches
T2914 006:865.477    -- Comparing range 0xA020000 - 0xA03FFFF (2 Sectors, 128 KB), using single-block CRC calculation
T2914 006:956.446    -- CRC matches
T2914 006:957.286    -- Comparing range 0xA040000 - 0xA05FFFF (2 Sectors, 128 KB), using single-block CRC calculation
T2914 007:048.349    -- CRC matches
T2914 007:049.058    -- Comparing range 0xA060000 - 0xA07FFFF (2 Sectors, 128 KB), using single-block CRC calculation
T2914 007:140.806    -- CRC matches
T2914 007:141.790    -- Comparing range 0xA080000 - 0xA09FFFF (2 Sectors, 128 KB), using single-block CRC calculation
T2914 007:234.060    -- CRC matches
T2914 007:234.811    -- Comparing range 0xA0A0000 - 0xA0BFFFF (2 Sectors, 128 KB), using single-block CRC calculation
T2914 007:326.461    -- CRC matches
T2914 007:327.196    -- Comparing range 0xA0C0000 - 0xA0DFFFF (2 Sectors, 128 KB), using single-block CRC calculation
T2914 007:418.733    -- CRC matches
T2914 007:419.603    -- Comparing range 0xA0E0000 - 0xA0FFFFF (2 Sectors, 128 KB), using single-block CRC calculation
T2914 007:510.591    -- CRC matches
T2914 007:511.272    -- Comparing range 0xA100000 - 0xA11FFFF (2 Sectors, 128 KB), using single-block CRC calculation
T2914 007:601.917    -- CRC matches
T2914 007:602.819    -- Comparing range 0xA120000 - 0xA13FFFF (2 Sectors, 128 KB), using single-block CRC calculation
T2914 007:693.438    -- CRC matches
T2914 007:694.227    -- Comparing range 0xA140000 - 0xA15FFFF (2 Sectors, 128 KB), using single-block CRC calculation
T2914 007:785.405    -- CRC matches
T2914 007:786.201    -- Comparing range 0xA160000 - 0xA17FFFF (2 Sectors, 128 KB), using single-block CRC calculation
T2914 007:877.856    -- CRC matches
T2914 007:878.541    -- Comparing range 0xA180000 - 0xA19FFFF (2 Sectors, 128 KB), using single-block CRC calculation
T2914 007:969.451    -- CRC matches
T2914 007:970.249    -- Comparing range 0xA1A0000 - 0xA1BFFFF (2 Sectors, 128 KB), using single-block CRC calculation
T2914 008:061.666    -- CRC matches
T2914 008:062.313    -- Comparing range 0xA1C0000 - 0xA1DFFFF (2 Sectors, 128 KB), using single-block CRC calculation
T2914 008:153.425    -- CRC matches
T2914 008:154.072    -- Comparing range 0xA1E0000 - 0xA1FFFFF (2 Sectors, 128 KB), using single-block CRC calculation
T2914 009:276.320    -- CRC matches
T2914 009:277.222    -- Comparing range 0xA200000 - 0xA21FFFF (2 Sectors, 128 KB), using single-block CRC calculation
T2914 009:757.422    -- CRC matches
T2914 009:758.522    -- Comparing range 0xA220000 - 0xA22FFFF (1 Sector, 64 KB), using single-block CRC calculation
T2914 009:806.378    -- CRC matches
T2914 009:807.178    -- Comparing range 0xA000000 - 0xA01FFFF (2 Sectors, 128 KB), using alternative single-block CRC calculation
T2914 009:898.455    -- CRC matches
T2914 009:899.204    -- Comparing range 0xA020000 - 0xA03FFFF (2 Sectors, 128 KB), using alternative single-block CRC calculation
T2914 009:989.563    -- CRC matches
T2914 009:990.278    -- Comparing range 0xA040000 - 0xA05FFFF (2 Sectors, 128 KB), using alternative single-block CRC calculation
T2914 010:080.809    -- CRC matches
T2914 010:081.658    -- Comparing range 0xA060000 - 0xA07FFFF (2 Sectors, 128 KB), using alternative single-block CRC calculation
T2914 010:172.865    -- CRC matches
T2914 010:173.520    -- Comparing range 0xA080000 - 0xA09FFFF (2 Sectors, 128 KB), using alternative single-block CRC calculation
T2914 010:265.248    -- CRC matches
T2914 010:266.092    -- Comparing range 0xA0A0000 - 0xA0BFFFF (2 Sectors, 128 KB), using alternative single-block CRC calculation
T2914 010:357.278    -- CRC matches
T2914 010:358.034    -- Comparing range 0xA0C0000 - 0xA0DFFFF (2 Sectors, 128 KB), using alternative single-block CRC calculation
T2914 010:449.486    -- CRC matches
T2914 010:450.262    -- Comparing range 0xA0E0000 - 0xA0FFFFF (2 Sectors, 128 KB), using alternative single-block CRC calculation
T2914 010:541.355    -- CRC matches
T2914 010:541.870    -- Comparing range 0xA100000 - 0xA11FFFF (2 Sectors, 128 KB), using alternative single-block CRC calculation
T2914 010:632.485    -- CRC matches
T2914 010:633.387    -- Comparing range 0xA120000 - 0xA13FFFF (2 Sectors, 128 KB), using alternative single-block CRC calculation
T2914 010:724.927    -- CRC matches
T2914 010:725.635    -- Comparing range 0xA140000 - 0xA15FFFF (2 Sectors, 128 KB), using alternative single-block CRC calculation
T2914 010:816.093    -- CRC matches
T2914 010:816.866    -- Comparing range 0xA160000 - 0xA17FFFF (2 Sectors, 128 KB), using alternative single-block CRC calculation
T2914 010:907.796    -- CRC matches
T2914 010:908.571    -- Comparing range 0xA180000 - 0xA19FFFF (2 Sectors, 128 KB), using alternative single-block CRC calculation
T2914 010:999.614    -- CRC matches
T2914 011:000.314    -- Comparing range 0xA1A0000 - 0xA1BFFFF (2 Sectors, 128 KB), using alternative single-block CRC calculation
T2914 011:090.978    -- CRC matches
T2914 011:091.562    -- Comparing range 0xA1C0000 - 0xA1DFFFF (2 Sectors, 128 KB), using alternative single-block CRC calculation
T2914 011:181.969    -- CRC matches
T2914 011:182.530    -- Comparing range 0xA1E0000 - 0xA1FFFFF (2 Sectors, 128 KB), using alternative single-block CRC calculation
T2914 011:273.118    -- CRC matches
T2914 011:273.825    -- Comparing range 0xA200000 - 0xA21FFFF (2 Sectors, 128 KB), using alternative single-block CRC calculation
T2914 011:364.549    -- CRC matches
T2914 011:365.438    -- Comparing range 0xA220000 - 0xA22FFFF (1 Sector, 64 KB), using alternative single-block CRC calculation
T2914 011:413.293    -- CRC matches
T2914 011:413.418    -- End of comparing flash
T2914 011:413.466    -- Start of erasing sectors
T2914 011:413.510    -- End of erasing sectors
T2914 011:413.552    -- Start of flash programming
T2914 011:413.594    -- End of flash programming
T2914 011:413.644    -- Start of verifying flash
T2914 011:413.686    -- End of verifying flash
T2914 011:413.730    -- Start of restoring
T2914 011:413.774    -- Executing SEGGER_FL_Restore()
T2914 011:424.338    -- Restoring target memory
T2914 011:549.044    -- Restoring CPU registers
T2914 011:550.099    -- End of restoring
T2914 011:550.168    -- Bank 0 @ 0x0A000000: Skipped. Contents already match
T2914 011:550.210    -- Bank 0 @ 0x0A000000: Skipped. Contents already match
T2914 011:555.339 - 5385.068ms returns 0 (0x0)
T2914 011:572.245 JLINK_ReadRegs(NumRegs = 20)
T2914 011:572.357   
  R0 (0)        = 0x2004A380           R1 (1)        = 0x00                 R2 (2)        = 0x20099860           R3 (3)        = 0x200576AB        
  R4 (4)        = 0x00                 R5 (5)        = 0x00                 R6 (6)        = 0x00                 R7 (7)        = 0x00              
  R8 (8)        = 0xFFFFFFFF           R9 (9)        = 0xFFFFFFFF           R10 (10)      = 0x1FFF7518           R11 (11)      = 0x00              
  R12 (12)      = 0x80A1A00            R13 (SP) (13) = 0x20007518           R14 (14)      = 0x6717               R15 (PC) (15) = 0x168C02          
  XPSR (16)     = 0x89000000           MSPLIM (86)   = 0x00                 PSPLIM (87)   = 0x00                 CFBP (20)     = 0x00              
T2914 011:572.400 - 0.156ms returns 0x00
T2914 011:577.738 JLINK_ReadMem(0x00168C02, 0x4 Bytes, ...)
T2914 011:577.858   CPU_ReadMem(4 bytes @ 0x00168C02)
T2914 011:578.889   Data:  03 F8 01 1B
T2914 011:578.982 - 1.245ms returns 0
T2914 011:589.778 JLINK_ReadMem(0x00168C02, 0x4 Bytes, ...)
T2914 011:589.934   CPU_ReadMem(4 bytes @ 0x00168C02)
T2914 011:590.905   Data:  03 F8 01 1B
T2914 011:591.021 - 1.244ms returns 0
T2914 011:598.167 JLINK_ReadMem(0x00033BD0, 0x2 Bytes, ...)
T2914 011:598.298   CPU_ReadMem(2 bytes @ 0x00033BD0)
T2914 011:599.258   Data:  08 B5
T2914 011:599.373 - 1.206ms returns 0
T2914 011:600.910 JLINK_GetNumBPUnits(Type = 0xFFFFFF00)
T2914 011:600.990 - 0.080ms returns 0x08
T2914 011:601.018 JLINK_GetNumWPUnits()
T2914 011:601.045 - 0.026ms returns 4
T2914 011:601.078 JLINK_GetNumBPUnits(Type = 0xFFFFFF00)
T2914 011:601.112 - 0.034ms returns 0x08
T2914 011:601.149 JLINK_GetNumWPUnits()
T2914 011:601.183 - 0.034ms returns 4
T2914 011:601.227 JLINK_GetNumBPUnits(Type = 0xFFFFFF00)
T2914 011:601.266 - 0.038ms returns 0x08
T2914 011:601.308 JLINK_GetNumWPUnits()
T2914 011:601.347 - 0.038ms returns 4
T2914 011:601.441 JLINK_SetBPEx(Addr = 0x00033BD0, Type = 0xFFFFFF00)
T2914 011:601.589 - 0.147ms returns 0x00000001
T2914 011:681.918 JLINK_ReadReg(XPSR)
T2914 011:682.834 - 0.916ms returns 0x89000000
T2914 011:683.180 JLINK_ReadReg(MSP)
T2914 011:683.262 - 0.081ms returns 0x20007518
T2914 011:684.032 JLINK_ReadReg(XPSR)
T2914 011:684.107 - 0.075ms returns 0x89000000
T2914 011:684.138 JLINK_ReadReg(PSP)
T2914 011:684.166 - 0.028ms returns 0x00000000
T2914 011:685.063 JLINK_ReadMem(0x00006716, 0x4 Bytes, ...)
T2914 011:685.164   CPU_ReadMem(4 bytes @ 0x00006716)
T2914 011:686.148   Data:  0E 4B 00 2B
T2914 011:686.244 - 1.180ms returns 0
T2914 011:688.178 JLINK_ReadMem(0x000066C0, 0x40 Bytes, ...)
T2914 011:688.279   CPU_ReadMem(64 bytes @ 0x000066C0)
T2914 011:690.050   Data:  80 A3 04 20 00 00 00 00 30 01 00 00 08 B5 05 4B ...
T2914 011:690.141 - 1.963ms returns 0
T2914 011:690.886 JLINK_ReadMem(0x00006758, 0x4 Bytes, ...)
T2914 011:690.938   CPU_ReadMem(4 bytes @ 0x00006758)
T2914 011:691.834   Data:  18 75 00 20
T2914 011:691.886 - 1.000ms returns 0
T2914 011:692.569 JLINK_ReadMem(0x0000674E, 0x4 Bytes, ...)
T2914 011:692.617   CPU_ReadMem(4 bytes @ 0x0000674E)
T2914 011:693.538   Data:  08 00 00 00
T2914 011:693.591 - 1.022ms returns 0
T2914 011:694.312 JLINK_ReadMem(0x00006700, 0x40 Bytes, ...)
T2914 011:694.358   CPU_ReadMem(64 bytes @ 0x00006700)
T2914 011:695.552   Data:  9D 46 FF F7 F5 FF 00 21 8B 46 0F 46 13 48 14 4A ...
T2914 011:695.638 - 1.325ms returns 0
T2914 021:348.916 JLINK_ReadMem(0x00033BD0, 0x2 Bytes, ...)
T2914 021:349.072   CPU_ReadMem(2 bytes @ 0x00033BD0)
T2914 021:350.058   Data:  08 B5
T2914 021:350.180 - 1.263ms returns 0
T2914 021:461.588 JLINK_ReadRegs(NumRegs = 20)
T2914 021:461.750   
  R0 (0)        = 0x2004A380           R1 (1)        = 0x00                 R2 (2)        = 0x20099860           R3 (3)        = 0x200576AB        
  R4 (4)        = 0x00                 R5 (5)        = 0x00                 R6 (6)        = 0x00                 R7 (7)        = 0x00              
  R8 (8)        = 0xFFFFFFFF           R9 (9)        = 0xFFFFFFFF           R10 (10)      = 0x1FFF7518           R11 (11)      = 0x00              
  R12 (12)      = 0x80A1A00            R13 (SP) (13) = 0x20007518           R14 (14)      = 0x6717               R15 (PC) (15) = 0x168C02          
  XPSR (16)     = 0x89000000           MSPLIM (86)   = 0x00                 PSPLIM (87)   = 0x00                 CFBP (20)     = 0x00              
T2914 021:461.814 - 0.229ms returns 0x00
T2914 021:464.502 JLINK_ReadMem(0x00168C02, 0x4 Bytes, ...)
T2914 021:464.876   CPU_ReadMem(4 bytes @ 0x00168C02)
T2914 021:468.316   Data:  03 F8 01 1B
T2914 021:468.484 - 3.981ms returns 0
T7B10 022:210.954 JLINK_GetNumBPUnits(Type = 0xFFFFFF00)
T7B10 022:211.084 - 0.131ms returns 0x08
T7B10 022:211.132 JLINK_GetNumWPUnits()
T7B10 022:211.180 - 0.045ms returns 4
T7B10 022:211.772 JLINK_GetNumBPUnits(Type = 0xFFFFFF00)
T7B10 022:211.844 - 0.074ms returns 0x08
T7B10 022:211.878 JLINK_GetNumWPUnits()
T7B10 022:211.910 - 0.032ms returns 4
T7B10 022:212.580 JLINK_GetNumBPUnits(Type = 0xFFFFFF00)
T7B10 022:212.676 - 0.095ms returns 0x08
T7B10 022:212.724 JLINK_GetNumWPUnits()
T7B10 022:212.770 - 0.045ms returns 4
T7B10 022:215.668 JLINK_GetNumBPUnits(Type = 0xFFFFFF00)
T7B10 022:215.868 - 0.199ms returns 0x08
T7B10 022:215.924 JLINK_GetNumWPUnits()
T7B10 022:215.972 - 0.048ms returns 4
T2914 022:217.438 JLINK_ReadMem(0x00168C02, 0x4 Bytes, ...)
T2914 022:217.550   CPU_ReadMem(4 bytes @ 0x00168C02)
T2914 022:222.344   Data:  03 F8 01 1B
T2914 022:222.600 - 5.162ms returns 0
T7B10 023:816.070 JLINK_GetNumBPUnits(Type = 0xFFFFFF00)
T7B10 023:816.262 - 0.191ms returns 0x08
T7B10 023:816.308 JLINK_GetNumWPUnits()
T7B10 023:816.344 - 0.036ms returns 4
T7B10 023:817.340 JLINK_GetNumBPUnits(Type = 0xFFFFFF00)
T7B10 023:817.460 - 0.120ms returns 0x08
T7B10 023:817.514 JLINK_GetNumWPUnits()
T7B10 023:817.564 - 0.049ms returns 4
T7B10 023:818.182 JLINK_GetNumBPUnits(Type = 0xFFFFFF00)
T7B10 023:818.304 - 0.122ms returns 0x08
T7B10 023:818.356 JLINK_GetNumWPUnits()
T7B10 023:818.416 - 0.060ms returns 4
T7B10 023:819.020 JLINK_GetNumBPUnits(Type = 0xFFFFFF00)
T7B10 023:819.112 - 0.093ms returns 0x08
T7B10 023:819.172 JLINK_GetNumWPUnits()
T7B10 023:819.240 - 0.065ms returns 4
T2914 023:979.292 JLINK_ReadMem(0x00168C02, 0x4 Bytes, ...)
T2914 023:979.442   CPU_ReadMem(4 bytes @ 0x00168C02)
T2914 023:980.726   Data:  03 F8 01 1B
T2914 023:980.880 - 1.588ms returns 0
T2914 023:982.894 JLINK_ReadReg(XPSR)
T2914 023:983.992 - 1.097ms returns 0x89000000
T2914 023:984.318 JLINK_ReadReg(MSP)
T2914 023:984.384 - 0.066ms returns 0x20007518
T2914 023:985.276 JLINK_ReadReg(XPSR)
T2914 023:985.354 - 0.079ms returns 0x89000000
T2914 023:985.388 JLINK_ReadReg(PSP)
T2914 023:985.420 - 0.032ms returns 0x00000000
T2914 023:986.242 JLINK_ReadMem(0x00006716, 0x4 Bytes, ...)
T2914 023:986.332   CPU_ReadMem(4 bytes @ 0x00006716)
T2914 023:987.348   Data:  0E 4B 00 2B
T2914 023:987.468 - 1.227ms returns 0
T2914 023:988.690 JLINK_ReadMem(0x000066C0, 0x40 Bytes, ...)
T2914 023:988.780   CPU_ReadMem(64 bytes @ 0x000066C0)
T2914 023:990.142   Data:  80 A3 04 20 00 00 00 00 30 01 00 00 08 B5 05 4B ...
T2914 023:990.338 - 1.647ms returns 0
T2914 023:991.756 JLINK_ReadMem(0x00006758, 0x4 Bytes, ...)
T2914 023:991.886   CPU_ReadMem(4 bytes @ 0x00006758)
T2914 023:993.548   Data:  18 75 00 20
T2914 023:993.740 - 1.985ms returns 0
T2914 023:994.994 JLINK_ReadMem(0x0000674E, 0x4 Bytes, ...)
T2914 023:995.116   CPU_ReadMem(4 bytes @ 0x0000674E)
T2914 023:996.518   Data:  08 00 00 00
T2914 023:996.658 - 1.664ms returns 0
T2914 023:997.740 JLINK_ReadMem(0x00006700, 0x40 Bytes, ...)
T2914 023:997.824   CPU_ReadMem(64 bytes @ 0x00006700)
T2914 023:999.096   Data:  9D 46 FF F7 F5 FF 00 21 8B 46 0F 46 13 48 14 4A ...
T2914 023:999.212 - 1.473ms returns 0
T2914 026:546.846 JLINK_IsHalted()
T2914 026:547.830 - 0.983ms returns TRUE
T2914 026:548.144 JLINK_GoEx(MaxEmulInsts = 0, Flags = 0x01)
T2914 026:548.212   CPU_WriteMem(4 bytes @ 0xE0002000)
T2914 026:549.156   CPU_ReadMem(4 bytes @ 0xE0001000)
T2914 026:549.924   CPU_WriteMem(4 bytes @ 0xE0002008)
T2914 026:554.428   Memory map 'after startup completion point' is active
T2914 026:554.564 - 6.421ms 
T2914 026:663.800 JLINK_IsHalted()
T2914 026:668.532 - 4.731ms returns TRUE
T2914 026:669.008 JLINK_ReadReg(XPSR)
T2914 026:669.044   CPU_ReadMem(4 bytes @ 0xE000EE08)
T2914 026:669.806 - 0.797ms returns 0x69000000
T2914 026:670.038 JLINK_ReadReg(R15 (PC))
T2914 026:670.072 - 0.034ms returns 0x00033BD0
T2914 026:670.126 JLINK_ReadReg(XPSR)
T2914 026:670.154 - 0.026ms returns 0x69000000
T2914 026:670.180 JLINK_ReadReg(XPSR)
T2914 026:670.204 - 0.025ms returns 0x69000000
T2914 026:670.230 JLINK_ReadReg(R15 (PC))
T2914 026:670.256 - 0.025ms returns 0x00033BD0
T2914 026:670.288 JLINK_ReadReg(XPSR)
T2914 026:670.314 - 0.025ms returns 0x69000000
T2914 026:670.342 JLINK_ReadMem(0x00033BD0, 0x1 Bytes, ...)
T2914 026:670.376   CPU_ReadMem(64 bytes @ 0x00033BC0)
T2914 026:671.700    -- Updating DA cache (64 bytes @ 0x00033BC0)
T2914 026:671.782    -- Read from DA cache (1 bytes @ 0x00033BD0)
T2914 026:671.820   Data:  08
T2914 026:671.858 - 1.515ms returns 0
T2914 026:672.060 JLINK_IsHalted()
T2914 026:672.092 - 0.032ms returns TRUE
T2914 026:672.136 JLINK_ReadReg(XPSR)
T2914 026:672.166 - 0.029ms returns 0x69000000
T2914 026:672.192 JLINK_ReadReg(XPSR)
T2914 026:672.218 - 0.025ms returns 0x69000000
T2914 026:672.244 JLINK_ReadReg(R15 (PC))
T2914 026:672.268 - 0.025ms returns 0x00033BD0
T2914 026:672.300 JLINK_ReadReg(XPSR)
T2914 026:672.328 - 0.027ms returns 0x69000000
T2914 026:672.356 JLINK_ReadMem(0x00033BD0, 0x1 Bytes, ...)
T2914 026:672.382    -- Read from DA cache (1 bytes @ 0x00033BD0)
T2914 026:672.420   Data:  08
T2914 026:672.456 - 0.100ms returns 0
T2914 026:672.552 JLINK_IsHalted()
T2914 026:672.584 - 0.032ms returns TRUE
T2914 026:672.612 JLINK_ReadReg(XPSR)
T2914 026:672.652 - 0.040ms returns 0x69000000
T2914 026:672.676 JLINK_ReadReg(R15 (PC))
T2914 026:672.702 - 0.025ms returns 0x00033BD0
T2914 026:672.734 JLINK_ReadReg(XPSR)
T2914 026:672.762 - 0.026ms returns 0x69000000
T2914 026:672.788 JLINK_ReadReg(XPSR)
T2914 026:672.812 - 0.025ms returns 0x69000000
T2914 026:672.842 JLINK_ReadReg(R15 (PC))
T2914 026:672.868 - 0.025ms returns 0x00033BD0
T2914 026:672.900 JLINK_ReadReg(XPSR)
T2914 026:672.928 - 0.026ms returns 0x69000000
T2914 026:672.954 JLINK_ReadMem(0x00033BD0, 0x1 Bytes, ...)
T2914 026:672.980    -- Read from DA cache (1 bytes @ 0x00033BD0)
T2914 026:673.018   Data:  08
T2914 026:673.056 - 0.101ms returns 0
T2914 026:673.082 JLINK_IsHalted()
T2914 026:673.108 - 0.025ms returns TRUE
T2914 026:673.140 JLINK_ReadReg(XPSR)
T2914 026:673.164 - 0.026ms returns 0x69000000
T2914 026:673.192 JLINK_ReadReg(XPSR)
T2914 026:673.218 - 0.026ms returns 0x69000000
T2914 026:673.244 JLINK_ReadReg(R15 (PC))
T2914 026:673.274 - 0.028ms returns 0x00033BD0
T2914 026:673.308 JLINK_ReadReg(XPSR)
T2914 026:673.338 - 0.028ms returns 0x69000000
T2914 026:673.366 JLINK_ReadMem(0x00033BD0, 0x1 Bytes, ...)
T2914 026:673.394    -- Read from DA cache (1 bytes @ 0x00033BD0)
T2914 026:673.430   Data:  08
T2914 026:673.468 - 0.101ms returns 0
T2914 026:674.938 JLINK_ReadRegs(NumRegs = 20)
T2914 026:675.054   
  R0 (0)        = 0x00                 R1 (1)        = 0x00                 R2 (2)        = 0x19                 R3 (3)        = 0x40032000        
  R4 (4)        = 0x00                 R5 (5)        = 0x00                 R6 (6)        = 0x00                 R7 (7)        = 0x00              
  R8 (8)        = 0xFFFFFFFF           R9 (9)        = 0xFFFFFFFF           R10 (10)      = 0x1FFF7518           R11 (11)      = 0x00              
  R12 (12)      = 0x2005FBA0           R13 (SP) (13) = 0x20007518           R14 (14)      = 0x6747               R15 (PC) (15) = 0x33BD0           
  XPSR (16)     = 0x69000000           MSPLIM (86)   = 0x00                 PSPLIM (87)   = 0x00                 CFBP (20)     = 0x00              
T2914 026:675.094 - 0.155ms returns 0x00
T2914 026:677.586 JLINK_ReadMem(0x00033BD0, 0x4 Bytes, ...)
T2914 026:677.738    -- Read from DA cache (4 bytes @ 0x00033BD0)
T2914 026:677.810   Data:  08 B5 00 23
T2914 026:677.868 - 0.282ms returns 0
T2914 026:681.076 JLINK_ClrBPEx(BPHandle = 0x00000001)
T2914 026:681.340 - 0.262ms returns 0x00
T2914 026:797.820 JLINK_ReadMem(0x00033BD0, 0x4 Bytes, ...)
T2914 026:797.940    -- Read from DA cache (4 bytes @ 0x00033BD0)
T2914 026:797.982   Data:  08 B5 00 23
T2914 026:798.026 - 0.207ms returns 0
T2914 031:135.332 JLINK_IsHalted()
T2914 031:136.512 - 1.179ms returns TRUE
T2914 031:136.928 JLINK_GoEx(MaxEmulInsts = 0, Flags = 0x01)
T2914 031:137.034   CPU_ReadMem(4 bytes @ 0xE0001000)
T2914 031:138.202   CPU_WriteMem(4 bytes @ 0xE0002008)
T2914 031:140.108 - 3.181ms 
T2914 031:242.292 JLINK_IsHalted()
T2914 031:243.668 - 1.377ms returns FALSE
T2914 031:244.058 JLINK_IsHalted()
T2914 031:245.252 - 1.192ms returns FALSE
T2914 031:350.954 JLINK_IsHalted()
T2914 031:352.922 - 1.967ms returns FALSE
T2914 031:353.284 JLINK_IsHalted()
T2914 031:355.184 - 1.902ms returns FALSE
T2914 031:461.044 JLINK_IsHalted()
T2914 031:462.176 - 1.131ms returns FALSE
T2914 031:462.444 JLINK_IsHalted()
T2914 031:463.680 - 1.231ms returns FALSE
T2914 031:570.132 JLINK_IsHalted()
T2914 031:572.656 - 2.522ms returns FALSE
T2914 031:572.988 JLINK_IsHalted()
T2914 031:574.412 - 1.422ms returns FALSE
T2914 031:678.854 JLINK_IsHalted()
T2914 031:680.522 - 1.668ms returns FALSE
T2914 031:680.816 JLINK_IsHalted()
T2914 031:682.084 - 1.267ms returns FALSE
T2914 031:788.550 JLINK_IsHalted()
T2914 031:789.722 - 1.170ms returns FALSE
T2914 031:789.962 JLINK_IsHalted()
T2914 031:791.418 - 1.456ms returns FALSE
T2914 031:897.862 JLINK_IsHalted()
T2914 031:899.612 - 1.752ms returns FALSE
T2914 031:899.866 JLINK_IsHalted()
T2914 031:901.100 - 1.234ms returns FALSE
T2914 032:007.340 JLINK_IsHalted()
T2914 032:008.916 - 1.574ms returns FALSE
T2914 032:009.110 JLINK_IsHalted()
T2914 032:010.506 - 1.394ms returns FALSE
T2914 032:116.822 JLINK_IsHalted()
T2914 032:117.988 - 1.162ms returns FALSE
T2914 032:118.252 JLINK_IsHalted()
T2914 032:119.526 - 1.274ms returns FALSE
T7B10 032:138.806 JLINK_IsHalted()
T7B10 032:140.342 - 1.536ms returns FALSE
T7B10 032:141.174 JLINK_IsHalted()
T7B10 032:142.676 - 1.502ms returns FALSE
T2914 032:226.678 JLINK_IsHalted()
T2914 032:228.308 - 1.625ms returns FALSE
T2914 032:228.618 JLINK_IsHalted()
T2914 032:231.302 - 2.681ms returns FALSE
T2914 032:335.388 JLINK_IsHalted()
T2914 032:336.592 - 1.202ms returns FALSE
T2914 032:336.960 JLINK_IsHalted()
T2914 032:338.998 - 2.036ms returns FALSE
T2914 032:444.900 JLINK_IsHalted()
T2914 032:446.572 - 1.672ms returns FALSE
T2914 032:446.816 JLINK_IsHalted()
T2914 032:448.022 - 1.208ms returns FALSE
T2914 032:553.882 JLINK_IsHalted()
T2914 032:554.948 - 1.065ms returns FALSE
T2914 032:555.162 JLINK_IsHalted()
T2914 032:556.564 - 1.401ms returns FALSE
T2914 032:664.080 JLINK_IsHalted()
T2914 032:665.830 - 1.752ms returns FALSE
T2914 032:666.048 JLINK_IsHalted()
T2914 032:667.260 - 1.211ms returns FALSE
T2914 032:773.014 JLINK_IsHalted()
T2914 032:774.406 - 1.391ms returns FALSE
T2914 032:774.602 JLINK_IsHalted()
T2914 032:775.914 - 1.313ms returns FALSE
T2914 032:882.006 JLINK_IsHalted()
T2914 032:883.638 - 1.631ms returns FALSE
T2914 032:883.866 JLINK_IsHalted()
T2914 032:885.258 - 1.390ms returns FALSE
T2914 032:992.038 JLINK_IsHalted()
T2914 032:993.658 - 1.618ms returns FALSE
T2914 032:993.850 JLINK_IsHalted()
T2914 032:995.174 - 1.323ms returns FALSE
T2914 033:101.236 JLINK_IsHalted()
T2914 033:103.926 - 2.690ms returns FALSE
T2914 033:104.182 JLINK_IsHalted()
T2914 033:105.226 - 1.042ms returns FALSE
T7B10 033:144.720 JLINK_IsHalted()
T7B10 033:145.916 - 1.197ms returns FALSE
T7B10 033:146.260 JLINK_IsHalted()
T7B10 033:148.256 - 1.997ms returns FALSE
T2914 033:210.188 JLINK_IsHalted()
T2914 033:211.456 - 1.264ms returns FALSE
T2914 033:211.668 JLINK_IsHalted()
T2914 033:212.992 - 1.325ms returns FALSE
T2914 033:320.198 JLINK_IsHalted()
T2914 033:321.926 - 1.727ms returns FALSE
T2914 033:322.176 JLINK_IsHalted()
T2914 033:323.450 - 1.274ms returns FALSE
T2914 033:429.324 JLINK_IsHalted()
T2914 033:430.572 - 1.248ms returns FALSE
T2914 033:430.796 JLINK_IsHalted()
T2914 033:432.278 - 1.480ms returns FALSE
T2914 033:539.034 JLINK_IsHalted()
T2914 033:540.784 - 1.751ms returns FALSE
T2914 033:541.018 JLINK_IsHalted()
T2914 033:542.320 - 1.301ms returns FALSE
T2914 033:648.064 JLINK_IsHalted()
T2914 033:649.272 - 1.207ms returns FALSE
T2914 033:649.492 JLINK_IsHalted()
T2914 033:650.848 - 1.354ms returns FALSE
T2914 033:757.556 JLINK_IsHalted()
T2914 033:759.136 - 1.580ms returns FALSE
T2914 033:759.396 JLINK_IsHalted()
T2914 033:760.664 - 1.265ms returns FALSE
T2914 033:866.904 JLINK_IsHalted()
T2914 033:868.648 - 1.742ms returns FALSE
T2914 033:868.864 JLINK_IsHalted()
T2914 033:870.148 - 1.282ms returns FALSE
T2914 033:975.932 JLINK_IsHalted()
T2914 033:977.068 - 1.135ms returns FALSE
T2914 033:977.320 JLINK_IsHalted()
T2914 033:978.820 - 1.495ms returns FALSE
T2914 034:085.184 JLINK_IsHalted()
T2914 034:086.704 - 1.519ms returns FALSE
T2914 034:086.892 JLINK_IsHalted()
T2914 034:088.164 - 1.267ms returns FALSE
T7B10 034:149.192 JLINK_IsHalted()
T7B10 034:150.680 - 1.486ms returns FALSE
T7B10 034:150.912 JLINK_IsHalted()
T7B10 034:152.288 - 1.375ms returns FALSE
T2914 034:195.144 JLINK_IsHalted()
T2914 034:196.276 - 1.130ms returns FALSE
T2914 034:196.584 JLINK_IsHalted()
T2914 034:197.800 - 1.215ms returns FALSE
T2914 034:304.800 JLINK_IsHalted()
T2914 034:306.408 - 1.604ms returns FALSE
T2914 034:306.672 JLINK_IsHalted()
T2914 034:307.944 - 1.272ms returns FALSE
T2914 034:414.012 JLINK_IsHalted()
T2914 034:415.148 - 1.136ms returns FALSE
T2914 034:415.356 JLINK_IsHalted()
T2914 034:416.776 - 1.415ms returns FALSE
T2914 034:522.896 JLINK_IsHalted()
T2914 034:524.616 - 1.717ms returns FALSE
T2914 034:524.944 JLINK_IsHalted()
T2914 034:526.216 - 1.272ms returns FALSE
T2914 034:632.056 JLINK_IsHalted()
T2914 034:633.368 - 1.310ms returns FALSE
T2914 034:633.580 JLINK_IsHalted()
T2914 034:634.924 - 1.344ms returns FALSE
T2914 034:742.280 JLINK_IsHalted()
T2914 034:743.880 - 1.597ms returns FALSE
T2914 034:744.072 JLINK_IsHalted()
T2914 034:745.356 - 1.283ms returns FALSE
T2914 034:851.188 JLINK_IsHalted()
T2914 034:852.452 - 1.263ms returns FALSE
T2914 034:852.776 JLINK_IsHalted()
T2914 034:854.068 - 1.291ms returns FALSE
T2914 034:960.328 JLINK_IsHalted()
T2914 034:961.496 - 1.172ms returns FALSE
T2914 034:961.736 JLINK_IsHalted()
T2914 034:963.228 - 1.494ms returns FALSE
T2914 035:070.036 JLINK_IsHalted()
T2914 035:071.776 - 1.740ms returns FALSE
T2914 035:072.012 JLINK_IsHalted()
T2914 035:073.220 - 1.204ms returns FALSE
T7B10 035:153.452 JLINK_IsHalted()
T7B10 035:155.048 - 1.593ms returns FALSE
T7B10 035:155.320 JLINK_IsHalted()
T7B10 035:156.568 - 1.244ms returns FALSE
T2914 035:178.888 JLINK_IsHalted()
T2914 035:180.696 - 1.807ms returns FALSE
T2914 035:181.016 JLINK_IsHalted()
T2914 035:182.312 - 1.297ms returns FALSE
T2914 035:288.568 JLINK_IsHalted()
T2914 035:290.068 - 1.496ms returns FALSE
T2914 035:290.284 JLINK_IsHalted()
T2914 035:291.756 - 1.457ms returns FALSE
T2914 035:397.692 JLINK_IsHalted()
T2914 035:399.392 - 1.700ms returns FALSE
T2914 035:399.596 JLINK_IsHalted()
T2914 035:400.900 - 1.302ms returns FALSE
T2914 035:507.104 JLINK_IsHalted()
T2914 035:508.720 - 1.615ms returns FALSE
T2914 035:508.924 JLINK_IsHalted()
T2914 035:511.020 - 2.094ms returns FALSE
T2914 035:616.724 JLINK_IsHalted()
T2914 035:618.272 - 1.549ms returns FALSE
T2914 035:618.472 JLINK_IsHalted()
T2914 035:619.868 - 1.398ms returns FALSE
T2914 035:726.560 JLINK_IsHalted()
T2914 035:729.068 - 2.505ms returns FALSE
T2914 035:729.416 JLINK_IsHalted()
T2914 035:730.600 - 1.188ms returns FALSE
T2914 035:835.328 JLINK_IsHalted()
T2914 035:855.896 - 20.566ms returns FALSE
T2914 035:856.240 JLINK_IsHalted()
T2914 035:870.084 - 13.842ms returns FALSE
T2914 035:975.796 JLINK_IsHalted()
T2914 035:977.276 - 1.480ms returns FALSE
T2914 035:977.544 JLINK_IsHalted()
T2914 035:978.688 - 1.147ms returns FALSE
T2914 036:085.432 JLINK_IsHalted()
T2914 036:087.032 - 1.596ms returns FALSE
T2914 036:087.240 JLINK_IsHalted()
T2914 036:088.448 - 1.209ms returns FALSE
T7B10 036:157.476 JLINK_IsHalted()
T7B10 036:158.760 - 1.282ms returns FALSE
T7B10 036:159.100 JLINK_IsHalted()
T7B10 036:160.260 - 1.157ms returns FALSE
T2914 036:194.684 JLINK_IsHalted()
T2914 036:196.268 - 1.583ms returns FALSE
T2914 036:196.560 JLINK_IsHalted()
T2914 036:198.212 - 1.650ms returns FALSE
T2914 036:304.348 JLINK_IsHalted()
T2914 036:305.824 - 1.476ms returns FALSE
T2914 036:306.092 JLINK_IsHalted()
T2914 036:307.284 - 1.190ms returns FALSE
T2914 036:413.940 JLINK_IsHalted()
T2914 036:415.344 - 1.404ms returns FALSE
T2914 036:415.560 JLINK_IsHalted()
T2914 036:416.760 - 1.194ms returns FALSE
T2914 036:522.680 JLINK_IsHalted()
T2914 036:524.288 - 1.608ms returns FALSE
T2914 036:524.520 JLINK_IsHalted()
T2914 036:525.664 - 1.143ms returns FALSE
T2914 036:632.408 JLINK_IsHalted()
T2914 036:634.008 - 1.595ms returns FALSE
T2914 036:634.240 JLINK_IsHalted()
T2914 036:635.284 - 1.042ms returns FALSE
T2914 036:742.240 JLINK_IsHalted()
T2914 036:743.604 - 1.361ms returns FALSE
T2914 036:743.816 JLINK_IsHalted()
T2914 036:745.132 - 1.319ms returns FALSE
T2914 036:851.460 JLINK_IsHalted()
T2914 036:853.152 - 1.692ms returns FALSE
T2914 036:853.368 JLINK_IsHalted()
T2914 036:854.488 - 1.115ms returns FALSE
T2914 036:960.308 JLINK_IsHalted()
T2914 036:962.392 - 2.083ms returns FALSE
T2914 036:962.628 JLINK_IsHalted()
T2914 036:963.672 - 1.036ms returns FALSE
T2914 037:069.644 JLINK_IsHalted()
T2914 037:070.668 - 1.023ms returns FALSE
T2914 037:070.864 JLINK_IsHalted()
T2914 037:072.176 - 1.310ms returns FALSE
T7B10 037:160.656 JLINK_IsHalted()
T7B10 037:161.740 - 1.084ms returns FALSE
T7B10 037:161.972 JLINK_IsHalted()
T7B10 037:163.128 - 1.155ms returns FALSE
T2914 037:179.428 JLINK_IsHalted()
T2914 037:181.784 - 2.357ms returns FALSE
T2914 037:182.024 JLINK_IsHalted()
T2914 037:183.368 - 1.344ms returns FALSE
T2914 037:288.808 JLINK_IsHalted()
T2914 037:290.208 - 1.403ms returns FALSE
T2914 037:290.424 JLINK_IsHalted()
T2914 037:291.492 - 1.062ms returns FALSE
T2914 037:398.248 JLINK_IsHalted()
T2914 037:400.224 - 1.975ms returns FALSE
T2914 037:400.452 JLINK_IsHalted()
T2914 037:401.544 - 1.094ms returns FALSE
T2914 037:507.216 JLINK_IsHalted()
T2914 037:508.616 - 1.398ms returns FALSE
T2914 037:508.816 JLINK_IsHalted()
T2914 037:509.944 - 1.131ms returns FALSE
T2914 037:616.988 JLINK_IsHalted()
T2914 037:618.232 - 1.244ms returns FALSE
T2914 037:618.552 JLINK_IsHalted()
T2914 037:619.712 - 1.157ms returns FALSE
T2914 037:726.080 JLINK_IsHalted()
T2914 037:727.368 - 1.286ms returns FALSE
T2914 037:727.560 JLINK_IsHalted()
T2914 037:728.744 - 1.178ms returns FALSE
T2914 037:835.080 JLINK_IsHalted()
T2914 037:836.248 - 1.167ms returns FALSE
T2914 037:836.452 JLINK_IsHalted()
T2914 037:837.636 - 1.185ms returns FALSE
T2914 037:945.084 JLINK_IsHalted()
T2914 037:946.668 - 1.586ms returns FALSE
T2914 037:946.888 JLINK_IsHalted()
T2914 037:948.072 - 1.188ms returns FALSE
T2914 038:054.200 JLINK_IsHalted()
T2914 038:056.876 - 2.679ms returns FALSE
T2914 038:057.100 JLINK_IsHalted()
T2914 038:058.156 - 1.056ms returns FALSE
T2914 038:163.896 JLINK_IsHalted()
T2914 038:164.952 - 1.051ms returns FALSE
T2914 038:165.160 JLINK_IsHalted()
T2914 038:166.500 - 1.339ms returns FALSE
T7B10 038:166.716 JLINK_IsHalted()
T7B10 038:167.684 - 0.964ms returns FALSE
T7B10 038:167.964 JLINK_IsHalted()
T7B10 038:169.092 - 1.127ms returns FALSE
T2914 038:272.700 JLINK_IsHalted()
T2914 038:273.836 - 1.133ms returns FALSE
T2914 038:274.028 JLINK_IsHalted()
T2914 038:275.296 - 1.267ms returns FALSE
T2914 038:382.860 JLINK_IsHalted()
T2914 038:384.496 - 1.633ms returns FALSE
T2914 038:384.744 JLINK_IsHalted()
T2914 038:385.784 - 1.034ms returns FALSE
T2914 038:491.964 JLINK_IsHalted()
T2914 038:493.388 - 1.424ms returns FALSE
T2914 038:493.588 JLINK_IsHalted()
T2914 038:494.816 - 1.230ms returns FALSE
T2914 038:601.564 JLINK_IsHalted()
T2914 038:602.876 - 1.313ms returns FALSE
T2914 038:603.140 JLINK_IsHalted()
T2914 038:604.400 - 1.258ms returns FALSE
T2914 038:710.136 JLINK_IsHalted()
T2914 038:711.504 - 1.365ms returns FALSE
T2914 038:711.764 JLINK_IsHalted()
T2914 038:713.592 - 1.832ms returns FALSE
T2914 038:819.992 JLINK_IsHalted()
T2914 038:821.096 - 1.099ms returns FALSE
T2914 038:821.304 JLINK_IsHalted()
T2914 038:822.496 - 1.189ms returns FALSE
T2914 038:928.828 JLINK_IsHalted()
T2914 038:930.616 - 1.773ms returns FALSE
T2914 038:931.396 JLINK_IsHalted()
T2914 038:933.768 - 2.372ms returns FALSE
T2914 039:038.760 JLINK_IsHalted()
T2914 039:040.184 - 1.420ms returns FALSE
T2914 039:040.376 JLINK_IsHalted()
T2914 039:041.552 - 1.177ms returns FALSE
T2914 039:147.952 JLINK_IsHalted()
T2914 039:149.652 - 1.700ms returns FALSE
T2914 039:150.060 JLINK_IsHalted()
T2914 039:151.620 - 1.557ms returns FALSE
T7B10 039:169.208 JLINK_IsHalted()
T7B10 039:170.472 - 1.266ms returns FALSE
T7B10 039:170.728 JLINK_IsHalted()
T7B10 039:171.688 - 0.957ms returns FALSE
T2914 039:257.788 JLINK_IsHalted()
T2914 039:259.084 - 1.298ms returns FALSE
T2914 039:259.304 JLINK_IsHalted()
T2914 039:260.436 - 1.129ms returns FALSE
T2914 039:366.632 JLINK_IsHalted()
T2914 039:367.752 - 1.116ms returns FALSE
T2914 039:367.960 JLINK_IsHalted()
T2914 039:369.224 - 1.265ms returns FALSE
T2914 039:476.288 JLINK_IsHalted()
T2914 039:477.252 - 0.963ms returns FALSE
T2914 039:477.496 JLINK_IsHalted()
T2914 039:478.728 - 1.235ms returns FALSE
T2914 039:585.676 JLINK_IsHalted()
T2914 039:587.416 - 1.736ms returns FALSE
T2914 039:587.656 JLINK_IsHalted()
T2914 039:588.580 - 0.921ms returns FALSE
T2914 039:695.240 JLINK_IsHalted()
T2914 039:696.628 - 1.385ms returns FALSE
T2914 039:696.916 JLINK_IsHalted()
T2914 039:697.972 - 1.055ms returns FALSE
T2914 039:804.168 JLINK_IsHalted()
T2914 039:805.660 - 1.494ms returns FALSE
T2914 039:806.180 JLINK_IsHalted()
T2914 039:808.828 - 2.650ms returns FALSE
T2914 039:913.940 JLINK_IsHalted()
T2914 039:915.916 - 1.976ms returns FALSE
T2914 039:916.200 JLINK_IsHalted()
T2914 039:917.208 - 1.009ms returns FALSE
T2914 040:023.116 JLINK_IsHalted()
T2914 040:024.700 - 1.585ms returns FALSE
T2914 040:024.936 JLINK_IsHalted()
T2914 040:026.228 - 1.291ms returns FALSE
T2914 040:132.440 JLINK_IsHalted()
T2914 040:133.920 - 1.479ms returns FALSE
T2914 040:134.376 JLINK_IsHalted()
T2914 040:135.784 - 1.403ms returns FALSE
T7B10 040:172.792 JLINK_IsHalted()
T7B10 040:174.740 - 1.951ms returns FALSE
T7B10 040:174.964 JLINK_IsHalted()
T7B10 040:176.188 - 1.221ms returns FALSE
T2914 040:242.100 JLINK_IsHalted()
T2914 040:243.768 - 1.667ms returns FALSE
T2914 040:243.984 JLINK_IsHalted()
T2914 040:245.116 - 1.130ms returns FALSE
T2914 040:351.016 JLINK_IsHalted()
T2914 040:352.600 - 1.584ms returns FALSE
T2914 040:353.108 JLINK_IsHalted()
T2914 040:355.280 - 2.174ms returns FALSE
T2914 040:460.636 JLINK_IsHalted()
T2914 040:462.168 - 1.527ms returns FALSE
T2914 040:462.380 JLINK_IsHalted()
T2914 040:463.532 - 1.152ms returns FALSE
T2914 040:570.180 JLINK_IsHalted()
T2914 040:571.644 - 1.464ms returns FALSE
T2914 040:571.864 JLINK_IsHalted()
T2914 040:572.968 - 1.103ms returns FALSE
T2914 040:679.568 JLINK_IsHalted()
T2914 040:681.208 - 1.638ms returns FALSE
T2914 040:681.732 JLINK_IsHalted()
T2914 040:683.076 - 1.343ms returns FALSE
T2914 040:788.408 JLINK_IsHalted()
T2914 040:790.444 - 2.037ms returns FALSE
T2914 040:790.680 JLINK_IsHalted()
T2914 040:791.800 - 1.118ms returns FALSE
T2914 040:898.244 JLINK_IsHalted()
T2914 040:899.736 - 1.493ms returns FALSE
T2914 040:900.056 JLINK_IsHalted()
T2914 040:901.080 - 1.023ms returns FALSE
T2914 041:007.284 JLINK_IsHalted()
T2914 041:008.968 - 1.684ms returns FALSE
T2914 041:009.432 JLINK_IsHalted()
T2914 041:010.748 - 1.319ms returns FALSE
T2914 041:117.344 JLINK_IsHalted()
T2914 041:118.796 - 1.448ms returns FALSE
T2914 041:119.352 JLINK_IsHalted()
T2914 041:121.440 - 2.083ms returns FALSE
T7B10 041:177.128 JLINK_IsHalted()
T7B10 041:179.904 - 2.776ms returns FALSE
T7B10 041:180.220 JLINK_IsHalted()
T7B10 041:181.852 - 1.627ms returns FALSE
T2914 041:226.140 JLINK_IsHalted()
T2914 041:227.848 - 1.708ms returns FALSE
T2914 041:228.120 JLINK_IsHalted()
T2914 041:229.284 - 1.161ms returns FALSE
T2914 041:335.984 JLINK_IsHalted()
T2914 041:337.748 - 1.762ms returns FALSE
T2914 041:338.072 JLINK_IsHalted()
T2914 041:339.656 - 1.582ms returns FALSE
T2914 041:445.184 JLINK_IsHalted()
T2914 041:446.728 - 1.542ms returns FALSE
T2914 041:447.104 JLINK_IsHalted()
T2914 041:448.036 - 0.931ms returns FALSE
T2914 041:554.456 JLINK_IsHalted()
T2914 041:556.364 - 1.910ms returns FALSE
T2914 041:556.576 JLINK_IsHalted()
T2914 041:557.700 - 1.123ms returns FALSE
T2914 041:663.760 JLINK_IsHalted()
T2914 041:665.368 - 1.609ms returns FALSE
T2914 041:665.572 JLINK_IsHalted()
T2914 041:666.688 - 1.115ms returns FALSE
T2914 041:773.372 JLINK_IsHalted()
T2914 041:775.016 - 1.643ms returns FALSE
T2914 041:775.228 JLINK_IsHalted()
T2914 041:776.336 - 1.108ms returns FALSE
T2914 041:882.240 JLINK_IsHalted()
T2914 041:883.820 - 1.580ms returns FALSE
T2914 041:884.072 JLINK_IsHalted()
T2914 041:885.084 - 1.013ms returns FALSE
T2914 041:991.888 JLINK_IsHalted()
T2914 041:993.728 - 1.839ms returns FALSE
T2914 041:994.200 JLINK_IsHalted()
T2914 041:995.560 - 1.359ms returns FALSE
T2914 042:101.464 JLINK_IsHalted()
T2914 042:103.584 - 2.121ms returns FALSE
T2914 042:103.800 JLINK_IsHalted()
T2914 042:106.300 - 2.487ms returns FALSE
T7B10 042:183.956 JLINK_IsHalted()
T7B10 042:185.168 - 1.214ms returns FALSE
T7B10 042:185.444 JLINK_IsHalted()
T7B10 042:187.000 - 1.560ms returns FALSE
T2914 042:210.280 JLINK_IsHalted()
T2914 042:211.816 - 1.535ms returns FALSE
T2914 042:212.028 JLINK_IsHalted()
T2914 042:213.196 - 1.165ms returns FALSE
T2914 042:319.448 JLINK_IsHalted()
T2914 042:321.336 - 1.885ms returns FALSE
T2914 042:321.828 JLINK_IsHalted()
T2914 042:323.360 - 1.532ms returns FALSE
T2914 042:429.764 JLINK_IsHalted()
T2914 042:431.384 - 1.619ms returns FALSE
T2914 042:431.828 JLINK_IsHalted()
T2914 042:432.692 - 0.864ms returns FALSE
T2914 042:538.540 JLINK_IsHalted()
T2914 042:539.656 - 1.114ms returns FALSE
T2914 042:539.892 JLINK_IsHalted()
T2914 042:541.096 - 1.201ms returns FALSE
T2914 042:648.336 JLINK_IsHalted()
T2914 042:649.856 - 1.520ms returns FALSE
T2914 042:650.068 JLINK_IsHalted()
T2914 042:651.264 - 1.194ms returns FALSE
T2914 042:757.292 JLINK_IsHalted()
T2914 042:758.748 - 1.455ms returns FALSE
T2914 042:759.240 JLINK_IsHalted()
T2914 042:761.428 - 2.189ms returns FALSE
T2914 042:867.048 JLINK_IsHalted()
T2914 042:868.556 - 1.507ms returns FALSE
T2914 042:868.768 JLINK_IsHalted()
T2914 042:869.912 - 1.143ms returns FALSE
T2914 042:975.908 JLINK_IsHalted()
T2914 042:977.016 - 1.107ms returns FALSE
T2914 042:977.480 JLINK_IsHalted()
T2914 042:978.416 - 0.925ms returns FALSE
T2914 043:085.788 JLINK_IsHalted()
T2914 043:087.768 - 1.980ms returns FALSE
T2914 043:088.056 JLINK_IsHalted()
T2914 043:089.120 - 1.060ms returns FALSE
T7B10 043:187.344 JLINK_IsHalted()
T7B10 043:188.952 - 1.584ms returns FALSE
T7B10 043:189.476 JLINK_IsHalted()
T7B10 043:192.208 - 2.731ms returns FALSE
T2914 043:195.084 JLINK_IsHalted()
T2914 043:196.600 - 1.516ms returns FALSE
T2914 043:196.796 JLINK_IsHalted()
T2914 043:197.980 - 1.183ms returns FALSE
T2914 043:305.336 JLINK_IsHalted()
T2914 043:306.840 - 1.504ms returns FALSE
T2914 043:307.328 JLINK_IsHalted()
T2914 043:309.460 - 2.131ms returns FALSE
T2914 043:413.296 JLINK_IsHalted()
T2914 043:415.172 - 1.873ms returns FALSE
T2914 043:415.612 JLINK_IsHalted()
T2914 043:417.080 - 1.468ms returns FALSE
T2914 043:522.860 JLINK_IsHalted()
T2914 043:524.596 - 1.735ms returns FALSE
T2914 043:524.808 JLINK_IsHalted()
T2914 043:526.600 - 1.793ms returns FALSE
T2914 043:632.200 JLINK_IsHalted()
T2914 043:634.136 - 1.938ms returns FALSE
T2914 043:634.744 JLINK_IsHalted()
T2914 043:636.084 - 1.338ms returns FALSE
T2914 043:741.528 JLINK_IsHalted()
T2914 043:742.976 - 1.447ms returns FALSE
T2914 043:743.320 JLINK_IsHalted()
T2914 043:744.972 - 1.651ms returns FALSE
T2914 043:851.336 JLINK_IsHalted()
T2914 043:853.192 - 1.855ms returns FALSE
T2914 043:853.424 JLINK_IsHalted()
T2914 043:854.364 - 0.940ms returns FALSE
T2914 043:960.412 JLINK_IsHalted()
T2914 043:961.732 - 1.317ms returns FALSE
T2914 043:962.100 JLINK_IsHalted()
T2914 043:963.812 - 1.709ms returns FALSE
T2914 044:070.232 JLINK_IsHalted()
T2914 044:071.940 - 1.704ms returns FALSE
T2914 044:072.156 JLINK_IsHalted()
T2914 044:074.016 - 1.861ms returns FALSE
T2914 044:179.552 JLINK_IsHalted()
T2914 044:181.000 - 1.445ms returns FALSE
T2914 044:181.208 JLINK_IsHalted()
T2914 044:182.296 - 1.083ms returns FALSE
T7B10 044:192.908 JLINK_IsHalted()
T7B10 044:194.328 - 1.417ms returns FALSE
T7B10 044:194.676 JLINK_IsHalted()
T7B10 044:195.704 - 1.028ms returns FALSE
T2914 044:288.568 JLINK_IsHalted()
T2914 044:290.784 - 2.217ms returns FALSE
T2914 044:291.004 JLINK_IsHalted()
T2914 044:292.216 - 1.208ms returns FALSE
T2914 044:397.880 JLINK_IsHalted()
T2914 044:399.092 - 1.207ms returns FALSE
T2914 044:399.768 JLINK_IsHalted()
T2914 044:401.332 - 1.561ms returns FALSE
T2914 044:507.692 JLINK_IsHalted()
T2914 044:509.544 - 1.853ms returns FALSE
T2914 044:510.032 JLINK_IsHalted()
T2914 044:511.524 - 1.494ms returns FALSE
T2914 044:616.732 JLINK_IsHalted()
T2914 044:618.376 - 1.645ms returns FALSE
T2914 044:618.892 JLINK_IsHalted()
T2914 044:620.976 - 2.081ms returns FALSE
T2914 044:725.912 JLINK_IsHalted()
T2914 044:727.400 - 1.484ms returns FALSE
T2914 044:727.812 JLINK_IsHalted()
T2914 044:729.324 - 1.512ms returns FALSE
T2914 044:835.656 JLINK_IsHalted()
T2914 044:837.488 - 1.828ms returns FALSE
T2914 044:837.820 JLINK_IsHalted()
T2914 044:839.480 - 1.657ms returns FALSE
T2914 044:945.288 JLINK_IsHalted()
T2914 044:946.808 - 1.522ms returns FALSE
T2914 044:947.392 JLINK_IsHalted()
T2914 044:948.808 - 1.415ms returns FALSE
T2914 045:054.256 JLINK_IsHalted()
T2914 045:055.520 - 1.260ms returns FALSE
T2914 045:056.040 JLINK_IsHalted()
T2914 045:057.488 - 1.443ms returns FALSE
T2914 045:163.792 JLINK_IsHalted()
T2914 045:165.160 - 1.354ms returns FALSE
T2914 045:165.444 JLINK_IsHalted()
T2914 045:167.092 - 1.648ms returns FALSE
T7B10 045:196.276 JLINK_IsHalted()
T7B10 045:197.916 - 1.642ms returns FALSE
T7B10 045:198.192 JLINK_IsHalted()
T7B10 045:199.116 - 0.924ms returns FALSE
T2914 045:273.512 JLINK_IsHalted()
T2914 045:274.680 - 1.168ms returns FALSE
T2914 045:274.936 JLINK_IsHalted()
T2914 045:276.152 - 1.218ms returns FALSE
T2914 045:382.936 JLINK_IsHalted()
T2914 045:384.792 - 1.855ms returns FALSE
T2914 045:385.288 JLINK_IsHalted()
T2914 045:386.760 - 1.468ms returns FALSE
T2914 045:491.840 JLINK_IsHalted()
T2914 045:493.592 - 1.747ms returns FALSE
T2914 045:493.912 JLINK_IsHalted()
T2914 045:495.436 - 1.523ms returns FALSE
T2914 045:601.556 JLINK_IsHalted()
T2914 045:603.116 - 1.563ms returns FALSE
T2914 045:603.352 JLINK_IsHalted()
T2914 045:605.000 - 1.647ms returns FALSE
T2914 045:711.064 JLINK_IsHalted()
T2914 045:712.504 - 1.439ms returns FALSE
T2914 045:712.920 JLINK_IsHalted()
T2914 045:715.084 - 2.165ms returns FALSE
T2914 045:819.884 JLINK_IsHalted()
T2914 045:821.460 - 1.574ms returns FALSE
T2914 045:821.688 JLINK_IsHalted()
T2914 045:822.796 - 1.106ms returns FALSE
T2914 045:929.112 JLINK_IsHalted()
T2914 045:930.964 - 1.847ms returns FALSE
T2914 045:931.292 JLINK_IsHalted()
T2914 045:933.428 - 2.133ms returns FALSE
T2914 046:038.532 JLINK_IsHalted()
T2914 046:040.640 - 2.107ms returns FALSE
T2914 046:041.092 JLINK_IsHalted()
T2914 046:043.464 - 2.370ms returns FALSE
T2914 046:147.832 JLINK_IsHalted()
T2914 046:149.592 - 1.755ms returns FALSE
T2914 046:149.792 JLINK_IsHalted()
T2914 046:151.012 - 1.216ms returns FALSE
T7B10 046:199.068 JLINK_IsHalted()
T7B10 046:199.972 - 0.902ms returns FALSE
T7B10 046:200.268 JLINK_IsHalted()
T7B10 046:201.420 - 1.153ms returns FALSE
T2914 046:257.556 JLINK_IsHalted()
T2914 046:258.896 - 1.338ms returns FALSE
T2914 046:259.452 JLINK_IsHalted()
T2914 046:262.128 - 2.673ms returns FALSE
T2914 046:366.916 JLINK_IsHalted()
T2914 046:368.440 - 1.527ms returns FALSE
T2914 046:368.648 JLINK_IsHalted()
T2914 046:370.008 - 1.357ms returns FALSE
T2914 046:476.100 JLINK_IsHalted()
T2914 046:477.848 - 1.747ms returns FALSE
T2914 046:478.176 JLINK_IsHalted()
T2914 046:479.288 - 1.113ms returns FALSE
T2914 046:585.928 JLINK_IsHalted()
T2914 046:587.420 - 1.494ms returns FALSE
T2914 046:587.896 JLINK_IsHalted()
T2914 046:589.360 - 1.464ms returns FALSE
T2914 046:694.560 JLINK_IsHalted()
T2914 046:695.756 - 1.194ms returns FALSE
T2914 046:695.972 JLINK_IsHalted()
T2914 046:697.208 - 1.237ms returns FALSE
T2914 046:804.224 JLINK_IsHalted()
T2914 046:805.932 - 1.709ms returns FALSE
T2914 046:806.420 JLINK_IsHalted()
T2914 046:807.928 - 1.509ms returns FALSE
T2914 046:913.316 JLINK_IsHalted()
T2914 046:914.868 - 1.550ms returns FALSE
T2914 046:915.296 JLINK_IsHalted()
T2914 046:917.304 - 2.011ms returns FALSE
T2914 047:023.256 JLINK_IsHalted()
T2914 047:024.976 - 1.718ms returns FALSE
T2914 047:025.440 JLINK_IsHalted()
T2914 047:027.480 - 2.041ms returns FALSE
T2914 047:132.760 JLINK_IsHalted()
T2914 047:134.068 - 1.309ms returns FALSE
T2914 047:134.464 JLINK_IsHalted()
T2914 047:135.900 - 1.433ms returns FALSE
T7B10 047:202.456 JLINK_IsHalted()
T7B10 047:203.984 - 1.532ms returns FALSE
T7B10 047:204.272 JLINK_IsHalted()
T7B10 047:205.260 - 0.991ms returns FALSE
T2914 047:241.804 JLINK_IsHalted()
T2914 047:243.112 - 1.302ms returns FALSE
T2914 047:243.352 JLINK_IsHalted()
T2914 047:244.448 - 1.094ms returns FALSE
T2914 047:351.264 JLINK_IsHalted()
T2914 047:352.736 - 1.470ms returns FALSE
T2914 047:352.980 JLINK_IsHalted()
T2914 047:354.080 - 1.100ms returns FALSE
T2914 047:460.052 JLINK_IsHalted()
T2914 047:461.820 - 1.770ms returns FALSE
T2914 047:462.264 JLINK_IsHalted()
T2914 047:463.624 - 1.361ms returns FALSE
T2914 047:569.744 JLINK_IsHalted()
T2914 047:571.496 - 1.750ms returns FALSE
T2914 047:571.856 JLINK_IsHalted()
T2914 047:573.472 - 1.615ms returns FALSE
T2914 047:679.724 JLINK_IsHalted()
T2914 047:681.488 - 1.761ms returns FALSE
T2914 047:681.736 JLINK_IsHalted()
T2914 047:682.776 - 1.044ms returns FALSE
T2914 047:788.552 JLINK_IsHalted()
T2914 047:790.504 - 1.954ms returns FALSE
T2914 047:790.716 JLINK_IsHalted()
T2914 047:791.752 - 1.036ms returns FALSE
T2914 047:898.472 JLINK_IsHalted()
T2914 047:899.536 - 1.067ms returns FALSE
T2914 047:899.796 JLINK_IsHalted()
T2914 047:900.952 - 1.155ms returns FALSE
T2914 048:007.492 JLINK_IsHalted()
T2914 048:009.116 - 1.622ms returns FALSE
T2914 048:009.576 JLINK_IsHalted()
T2914 048:011.132 - 1.554ms returns FALSE
T2914 048:116.600 JLINK_IsHalted()
T2914 048:117.912 - 1.309ms returns FALSE
T2914 048:118.188 JLINK_IsHalted()
T2914 048:119.972 - 1.781ms returns FALSE
T7B10 048:205.292 JLINK_IsHalted()
T7B10 048:206.664 - 1.374ms returns FALSE
T7B10 048:206.888 JLINK_IsHalted()
T7B10 048:207.848 - 0.962ms returns FALSE
T2914 048:225.728 JLINK_IsHalted()
T2914 048:227.388 - 1.659ms returns FALSE
T2914 048:227.696 JLINK_IsHalted()
T2914 048:229.224 - 1.531ms returns FALSE
T2914 048:335.816 JLINK_IsHalted()
T2914 048:337.196 - 1.381ms returns FALSE
T2914 048:337.384 JLINK_IsHalted()
T2914 048:338.608 - 1.221ms returns FALSE
T2914 048:445.400 JLINK_IsHalted()
T2914 048:446.956 - 1.560ms returns FALSE
T2914 048:447.224 JLINK_IsHalted()
T2914 048:448.840 - 1.609ms returns FALSE
T2914 048:554.480 JLINK_IsHalted()
T2914 048:556.392 - 1.914ms returns FALSE
T2914 048:556.604 JLINK_IsHalted()
T2914 048:558.296 - 1.691ms returns FALSE
T2914 048:663.800 JLINK_IsHalted()
T2914 048:665.192 - 1.392ms returns FALSE
T2914 048:665.640 JLINK_IsHalted()
T2914 048:667.260 - 1.616ms returns FALSE
T2914 048:773.156 JLINK_IsHalted()
T2914 048:775.304 - 2.147ms returns FALSE
T2914 048:775.812 JLINK_IsHalted()
T2914 048:777.992 - 2.178ms returns FALSE
T2914 048:882.920 JLINK_IsHalted()
T2914 048:884.716 - 1.799ms returns FALSE
T2914 048:884.948 JLINK_IsHalted()
T2914 048:886.136 - 1.186ms returns FALSE
T2914 048:991.856 JLINK_IsHalted()
T2914 048:992.992 - 1.135ms returns FALSE
T2914 048:993.192 JLINK_IsHalted()
T2914 048:994.384 - 1.193ms returns FALSE
T2914 049:101.440 JLINK_IsHalted()
T2914 049:102.472 - 1.030ms returns FALSE
T2914 049:102.712 JLINK_IsHalted()
T2914 049:103.768 - 1.056ms returns FALSE
T7B10 049:208.696 JLINK_IsHalted()
T7B10 049:210.332 - 1.633ms returns FALSE
T7B10 049:210.624 JLINK_IsHalted()
T7B10 049:211.764 - 1.137ms returns FALSE
T2914 049:212.104 JLINK_IsHalted()
T2914 049:213.848 - 1.746ms returns FALSE
T2914 049:214.340 JLINK_IsHalted()
T2914 049:215.712 - 1.375ms returns FALSE
T2914 049:319.992 JLINK_IsHalted()
T2914 049:321.576 - 1.580ms returns FALSE
T2914 049:321.784 JLINK_IsHalted()
T2914 049:322.920 - 1.139ms returns FALSE
T2914 049:429.732 JLINK_IsHalted()
T2914 049:431.016 - 1.287ms returns FALSE
T2914 049:431.348 JLINK_IsHalted()
T2914 049:432.328 - 0.979ms returns FALSE
T2914 049:538.932 JLINK_IsHalted()
T2914 049:540.028 - 1.097ms returns FALSE
T2914 049:540.236 JLINK_IsHalted()
T2914 049:541.460 - 1.222ms returns FALSE
T2914 049:647.748 JLINK_IsHalted()
T2914 049:649.480 - 1.735ms returns FALSE
T2914 049:649.980 JLINK_IsHalted()
T2914 049:651.432 - 1.453ms returns FALSE
T2914 049:757.136 JLINK_IsHalted()
T2914 049:759.560 - 2.422ms returns FALSE
T2914 049:760.020 JLINK_IsHalted()
T2914 049:761.556 - 1.535ms returns FALSE
T2914 049:866.856 JLINK_IsHalted()
T2914 049:868.624 - 1.767ms returns FALSE
T2914 049:869.100 JLINK_IsHalted()
T2914 049:870.648 - 1.543ms returns FALSE
T2914 049:975.944 JLINK_IsHalted()
T2914 049:977.528 - 1.582ms returns FALSE
T2914 049:977.768 JLINK_IsHalted()
T2914 049:978.888 - 1.119ms returns FALSE
T2914 050:085.836 JLINK_IsHalted()
T2914 050:087.288 - 1.449ms returns FALSE
T2914 050:087.880 JLINK_IsHalted()
T2914 050:089.240 - 1.364ms returns FALSE
T2914 050:194.612 JLINK_IsHalted()
T2914 050:196.356 - 1.742ms returns FALSE
T2914 050:196.696 JLINK_IsHalted()
T2914 050:197.772 - 1.077ms returns FALSE
T7B10 050:213.216 JLINK_IsHalted()
T7B10 050:215.272 - 2.053ms returns FALSE
T7B10 050:215.812 JLINK_IsHalted()
T7B10 050:217.380 - 1.567ms returns FALSE
T2914 050:304.412 JLINK_IsHalted()
T2914 050:306.216 - 1.800ms returns FALSE
T2914 050:306.508 JLINK_IsHalted()
T2914 050:307.576 - 1.068ms returns FALSE
T2914 050:413.152 JLINK_IsHalted()
T2914 050:414.444 - 1.294ms returns FALSE
T2914 050:414.692 JLINK_IsHalted()
T2914 050:416.008 - 1.315ms returns FALSE
T2914 050:522.984 JLINK_IsHalted()
T2914 050:525.228 - 2.244ms returns FALSE
T2914 050:525.704 JLINK_IsHalted()
T2914 050:527.240 - 1.532ms returns FALSE
T2914 050:632.952 JLINK_IsHalted()
T2914 050:634.712 - 1.759ms returns FALSE
T2914 050:635.328 JLINK_IsHalted()
T2914 050:637.720 - 2.388ms returns FALSE
T2914 050:741.732 JLINK_IsHalted()
T2914 050:743.016 - 1.285ms returns FALSE
T2914 050:743.464 JLINK_IsHalted()
T2914 050:745.100 - 1.633ms returns FALSE
T2914 050:851.008 JLINK_IsHalted()
T2914 050:852.388 - 1.379ms returns FALSE
T2914 050:852.600 JLINK_IsHalted()
T2914 050:853.820 - 1.219ms returns FALSE
T2914 050:960.360 JLINK_IsHalted()
T2914 050:961.656 - 1.294ms returns FALSE
T2914 050:961.848 JLINK_IsHalted()
T2914 050:962.952 - 1.099ms returns FALSE
T2914 051:070.056 JLINK_IsHalted()
T2914 051:071.800 - 1.740ms returns FALSE
T2914 051:072.192 JLINK_IsHalted()
T2914 051:073.732 - 1.538ms returns FALSE
T2914 051:179.188 JLINK_IsHalted()
T2914 051:180.916 - 1.726ms returns FALSE
T2914 051:181.144 JLINK_IsHalted()
T2914 051:182.928 - 1.788ms returns FALSE
T7B10 051:219.252 JLINK_IsHalted()
T7B10 051:220.312 - 1.066ms returns FALSE
T7B10 051:220.588 JLINK_IsHalted()
T7B10 051:221.760 - 1.170ms returns FALSE
T2914 051:289.200 JLINK_IsHalted()
T2914 051:291.176 - 1.974ms returns FALSE
T2914 051:291.648 JLINK_IsHalted()
T2914 051:293.092 - 1.443ms returns FALSE
T2914 051:398.120 JLINK_IsHalted()
T2914 051:400.128 - 2.010ms returns FALSE
T2914 051:400.364 JLINK_IsHalted()
T2914 051:401.468 - 1.104ms returns FALSE
T2914 051:507.324 JLINK_IsHalted()
T2914 051:509.064 - 1.738ms returns FALSE
T2914 051:509.364 JLINK_IsHalted()
T2914 051:510.388 - 1.023ms returns FALSE
T2914 051:617.080 JLINK_IsHalted()
T2914 051:619.208 - 2.125ms returns FALSE
T2914 051:619.576 JLINK_IsHalted()
T2914 051:620.564 - 0.986ms returns FALSE
T2914 051:726.420 JLINK_IsHalted()
T2914 051:728.108 - 1.690ms returns FALSE
T2914 051:728.376 JLINK_IsHalted()
T2914 051:729.324 - 0.945ms returns FALSE
T2914 051:835.464 JLINK_IsHalted()
T2914 051:837.396 - 1.927ms returns FALSE
T2914 051:837.868 JLINK_IsHalted()
T2914 051:839.412 - 1.542ms returns FALSE
T2914 051:944.736 JLINK_IsHalted()
T2914 051:946.364 - 1.628ms returns FALSE
T2914 051:946.580 JLINK_IsHalted()
T2914 051:948.300 - 1.720ms returns FALSE
T2914 052:054.544 JLINK_IsHalted()
T2914 052:055.960 - 1.415ms returns FALSE
T2914 052:056.376 JLINK_IsHalted()
T2914 052:057.884 - 1.507ms returns FALSE
T2914 052:163.664 JLINK_IsHalted()
T2914 052:165.100 - 1.434ms returns FALSE
T2914 052:165.416 JLINK_IsHalted()
T2914 052:166.940 - 1.526ms returns FALSE
T7B10 052:223.176 JLINK_IsHalted()
T7B10 052:225.004 - 1.826ms returns FALSE
T7B10 052:225.576 JLINK_IsHalted()
T7B10 052:227.116 - 1.539ms returns FALSE
T2914 052:272.884 JLINK_IsHalted()
T2914 052:274.700 - 1.814ms returns FALSE
T2914 052:275.192 JLINK_IsHalted()
T2914 052:276.708 - 1.515ms returns FALSE
T2914 052:382.028 JLINK_IsHalted()
T2914 052:383.496 - 1.469ms returns FALSE
T2914 052:383.704 JLINK_IsHalted()
T2914 052:384.912 - 1.205ms returns FALSE
T2914 052:491.724 JLINK_IsHalted()
T2914 052:493.656 - 1.928ms returns FALSE
T2914 052:493.876 JLINK_IsHalted()
T2914 052:495.160 - 1.284ms returns FALSE
T2914 052:601.592 JLINK_IsHalted()
T2914 052:603.176 - 1.584ms returns FALSE
T2914 052:603.740 JLINK_IsHalted()
T2914 052:605.868 - 2.128ms returns FALSE
T2914 052:710.440 JLINK_IsHalted()
T2914 052:712.332 - 1.891ms returns FALSE
T2914 052:712.668 JLINK_IsHalted()
T2914 052:714.152 - 1.479ms returns FALSE
T2914 052:819.896 JLINK_IsHalted()
T2914 052:821.800 - 1.904ms returns FALSE
T2914 052:822.024 JLINK_IsHalted()
T2914 052:823.112 - 1.088ms returns FALSE
T2914 052:929.112 JLINK_IsHalted()
T2914 052:930.624 - 1.512ms returns FALSE
T2914 052:930.924 JLINK_IsHalted()
T2914 052:931.844 - 0.916ms returns FALSE
T2914 053:038.284 JLINK_IsHalted()
T2914 053:039.896 - 1.607ms returns FALSE
T2914 053:040.312 JLINK_IsHalted()
T2914 053:042.456 - 2.144ms returns FALSE
T2914 053:147.824 JLINK_IsHalted()
T2914 053:150.392 - 2.566ms returns FALSE
T2914 053:150.680 JLINK_IsHalted()
T2914 053:151.892 - 1.209ms returns FALSE
T7B10 053:228.732 JLINK_IsHalted()
T7B10 053:230.448 - 1.713ms returns FALSE
T7B10 053:230.980 JLINK_IsHalted()
T7B10 053:232.504 - 1.517ms returns FALSE
T2914 053:257.912 JLINK_IsHalted()
T2914 053:259.720 - 1.804ms returns FALSE
T2914 053:260.252 JLINK_IsHalted()
T2914 053:261.600 - 1.347ms returns FALSE
T2914 053:367.340 JLINK_IsHalted()
T2914 053:369.384 - 2.041ms returns FALSE
T2914 053:369.608 JLINK_IsHalted()
T2914 053:370.860 - 1.254ms returns FALSE
T2914 053:476.120 JLINK_IsHalted()
T2914 053:477.800 - 1.677ms returns FALSE
T2914 053:478.296 JLINK_IsHalted()
T2914 053:479.576 - 1.277ms returns FALSE
T2914 053:585.328 JLINK_IsHalted()
T2914 053:587.064 - 1.736ms returns FALSE
T2914 053:587.556 JLINK_IsHalted()
T2914 053:589.024 - 1.468ms returns FALSE
T2914 053:694.552 JLINK_IsHalted()
T2914 053:696.596 - 2.038ms returns FALSE
T2914 053:696.844 JLINK_IsHalted()
T2914 053:697.928 - 1.084ms returns FALSE
T2914 053:804.148 JLINK_IsHalted()
T2914 053:805.568 - 1.419ms returns FALSE
T2914 053:805.768 JLINK_IsHalted()
T2914 053:807.328 - 1.561ms returns FALSE
T2914 053:913.344 JLINK_IsHalted()
T2914 053:915.700 - 2.353ms returns FALSE
T2914 053:916.180 JLINK_IsHalted()
T2914 053:917.720 - 1.537ms returns FALSE
T2914 054:022.764 JLINK_IsHalted()
T2914 054:024.364 - 1.597ms returns FALSE
T2914 054:024.692 JLINK_IsHalted()
T2914 054:026.168 - 1.477ms returns FALSE
T2914 054:132.724 JLINK_IsHalted()
T2914 054:134.560 - 1.833ms returns FALSE
T2914 054:134.796 JLINK_IsHalted()
T2914 054:135.924 - 1.125ms returns FALSE
T7B10 054:234.124 JLINK_IsHalted()
T7B10 054:235.244 - 1.125ms returns FALSE
T7B10 054:235.508 JLINK_IsHalted()
T7B10 054:237.172 - 1.660ms returns FALSE
T2914 054:241.816 JLINK_IsHalted()
T2914 054:243.468 - 1.652ms returns FALSE
T2914 054:243.976 JLINK_IsHalted()
T2914 054:245.440 - 1.463ms returns FALSE
T2914 054:351.156 JLINK_IsHalted()
T2914 054:352.660 - 1.501ms returns FALSE
T2914 054:352.864 JLINK_IsHalted()
T2914 054:354.100 - 1.233ms returns FALSE
T2914 054:461.100 JLINK_IsHalted()
T2914 054:462.984 - 1.881ms returns FALSE
T2914 054:463.424 JLINK_IsHalted()
T2914 054:464.728 - 1.302ms returns FALSE
T2914 054:570.184 JLINK_IsHalted()
T2914 054:572.328 - 2.142ms returns FALSE
T2914 054:572.824 JLINK_IsHalted()
T2914 054:574.296 - 1.470ms returns FALSE
T2914 054:679.752 JLINK_IsHalted()
T2914 054:681.112 - 1.356ms returns FALSE
T2914 054:681.620 JLINK_IsHalted()
T2914 054:683.832 - 2.214ms returns FALSE
T2914 054:788.588 JLINK_IsHalted()
T2914 054:790.144 - 1.550ms returns FALSE
T2914 054:790.360 JLINK_IsHalted()
T2914 054:791.432 - 1.064ms returns FALSE
T2914 054:897.736 JLINK_IsHalted()
T2914 054:899.544 - 1.805ms returns FALSE
T2914 054:900.096 JLINK_IsHalted()
T2914 054:901.448 - 1.352ms returns FALSE
T2914 055:007.264 JLINK_IsHalted()
T2914 055:009.024 - 1.760ms returns FALSE
T2914 055:009.612 JLINK_IsHalted()
T2914 055:010.988 - 1.375ms returns FALSE
T2914 055:116.524 JLINK_IsHalted()
T2914 055:118.040 - 1.517ms returns FALSE
T2914 055:118.264 JLINK_IsHalted()
T2914 055:119.456 - 1.190ms returns FALSE
T2914 055:226.104 JLINK_IsHalted()
T2914 055:227.192 - 1.084ms returns FALSE
T2914 055:227.384 JLINK_IsHalted()
T2914 055:228.552 - 1.164ms returns FALSE
T7B10 055:238.376 JLINK_IsHalted()
T7B10 055:239.628 - 1.250ms returns FALSE
T7B10 055:239.828 JLINK_IsHalted()
T7B10 055:240.968 - 1.129ms returns FALSE
T2914 055:335.808 JLINK_IsHalted()
T2914 055:337.484 - 1.674ms returns FALSE
T2914 055:338.028 JLINK_IsHalted()
T2914 055:339.480 - 1.451ms returns FALSE
T2914 055:445.056 JLINK_IsHalted()
T2914 055:446.536 - 1.480ms returns FALSE
T2914 055:446.996 JLINK_IsHalted()
T2914 055:448.396 - 1.405ms returns FALSE
T2914 055:554.144 JLINK_IsHalted()
T2914 055:556.168 - 2.021ms returns FALSE
T2914 055:556.408 JLINK_IsHalted()
T2914 055:557.356 - 0.943ms returns FALSE
T2914 055:663.688 JLINK_IsHalted()
T2914 055:665.012 - 1.326ms returns FALSE
T2914 055:665.460 JLINK_IsHalted()
T2914 055:666.900 - 1.440ms returns FALSE
T2914 055:773.088 JLINK_IsHalted()
T2914 055:774.392 - 1.305ms returns FALSE
T2914 055:774.964 JLINK_IsHalted()
T2914 055:776.344 - 1.379ms returns FALSE
T2914 055:882.152 JLINK_IsHalted()
T2914 055:883.948 - 1.796ms returns FALSE
T2914 055:884.224 JLINK_IsHalted()
T2914 055:885.248 - 1.024ms returns FALSE
T2914 055:991.592 JLINK_IsHalted()
T2914 055:993.004 - 1.412ms returns FALSE
T2914 055:993.464 JLINK_IsHalted()
T2914 055:994.920 - 1.455ms returns FALSE
T2914 056:100.840 JLINK_IsHalted()
T2914 056:102.440 - 1.601ms returns FALSE
T2914 056:102.680 JLINK_IsHalted()
T2914 056:103.736 - 1.052ms returns FALSE
T2914 056:210.552 JLINK_IsHalted()
T2914 056:211.796 - 1.241ms returns FALSE
T2914 056:212.180 JLINK_IsHalted()
T2914 056:213.236 - 1.058ms returns FALSE
T7B10 056:241.824 JLINK_IsHalted()
T7B10 056:243.348 - 1.520ms returns FALSE
T7B10 056:243.788 JLINK_IsHalted()
T7B10 056:245.240 - 1.456ms returns FALSE
T2914 056:319.936 JLINK_IsHalted()
T2914 056:321.132 - 1.192ms returns FALSE
T2914 056:321.620 JLINK_IsHalted()
T2914 056:323.852 - 2.231ms returns FALSE
T2914 056:429.688 JLINK_IsHalted()
T2914 056:431.464 - 1.770ms returns FALSE
T2914 056:431.656 JLINK_IsHalted()
T2914 056:432.808 - 1.151ms returns FALSE
T2914 056:538.636 JLINK_IsHalted()
T2914 056:541.032 - 2.390ms returns FALSE
T2914 056:541.588 JLINK_IsHalted()
T2914 056:542.872 - 1.289ms returns FALSE
T2914 056:647.872 JLINK_IsHalted()
T2914 056:649.312 - 1.435ms returns FALSE
T2914 056:649.652 JLINK_IsHalted()
T2914 056:651.136 - 1.484ms returns FALSE
T2914 056:757.452 JLINK_IsHalted()
T2914 056:759.348 - 1.896ms returns FALSE
T2914 056:759.592 JLINK_IsHalted()
T2914 056:760.856 - 1.264ms returns FALSE
T2914 056:866.984 JLINK_IsHalted()
T2914 056:869.080 - 2.096ms returns FALSE
T2914 056:869.620 JLINK_IsHalted()
T2914 056:870.912 - 1.286ms returns FALSE
T2914 056:976.296 JLINK_IsHalted()
T2914 056:977.448 - 1.148ms returns FALSE
T2914 056:977.704 JLINK_IsHalted()
T2914 056:979.552 - 1.851ms returns FALSE
T2914 057:085.536 JLINK_IsHalted()
T2914 057:086.776 - 1.238ms returns FALSE
T2914 057:086.996 JLINK_IsHalted()
T2914 057:088.104 - 1.105ms returns FALSE
T2914 057:195.200 JLINK_IsHalted()
T2914 057:196.408 - 1.207ms returns FALSE
T2914 057:196.616 JLINK_IsHalted()
T2914 057:197.760 - 1.147ms returns FALSE
T7B10 057:246.840 JLINK_IsHalted()
T7B10 057:248.216 - 1.373ms returns FALSE
T7B10 057:248.524 JLINK_IsHalted()
T7B10 057:249.416 - 0.889ms returns FALSE
T2914 057:303.928 JLINK_IsHalted()
T2914 057:305.800 - 1.865ms returns FALSE
T2914 057:306.100 JLINK_IsHalted()
T2914 057:308.352 - 2.252ms returns FALSE
T2914 057:413.644 JLINK_IsHalted()
T2914 057:415.416 - 1.772ms returns FALSE
T2914 057:415.640 JLINK_IsHalted()
T2914 057:416.780 - 1.135ms returns FALSE
T2914 057:523.456 JLINK_IsHalted()
T2914 057:524.440 - 0.989ms returns FALSE
T2914 057:524.908 JLINK_IsHalted()
T2914 057:526.432 - 1.526ms returns FALSE
T2914 057:632.244 JLINK_IsHalted()
T2914 057:633.940 - 1.698ms returns FALSE
T2914 057:634.400 JLINK_IsHalted()
T2914 057:635.788 - 1.387ms returns FALSE
T2914 057:741.544 JLINK_IsHalted()
T2914 057:743.276 - 1.727ms returns FALSE
T2914 057:743.832 JLINK_IsHalted()
T2914 057:745.080 - 1.252ms returns FALSE
T2914 057:850.636 JLINK_IsHalted()
T2914 057:852.108 - 1.470ms returns FALSE
T2914 057:852.344 JLINK_IsHalted()
T2914 057:853.356 - 1.014ms returns FALSE
T2914 057:960.244 JLINK_IsHalted()
T2914 057:962.292 - 2.050ms returns FALSE
T2914 057:962.584 JLINK_IsHalted()
T2914 057:964.748 - 2.163ms returns FALSE
T2914 058:070.132 JLINK_IsHalted()
T2914 058:071.072 - 0.938ms returns FALSE
T2914 058:071.380 JLINK_IsHalted()
T2914 058:073.088 - 1.712ms returns FALSE
T2914 058:178.840 JLINK_IsHalted()
T2914 058:181.536 - 2.693ms returns FALSE
T2914 058:181.832 JLINK_IsHalted()
T2914 058:183.432 - 1.599ms returns FALSE
T7B10 058:250.440 JLINK_IsHalted()
T7B10 058:252.664 - 2.226ms returns FALSE
T7B10 058:252.928 JLINK_IsHalted()
T7B10 058:254.472 - 1.538ms returns FALSE
T2914 058:288.840 JLINK_IsHalted()
T2914 058:290.476 - 1.632ms returns FALSE
T2914 058:290.824 JLINK_IsHalted()
T2914 058:292.980 - 2.153ms returns FALSE
T2914 058:397.740 JLINK_IsHalted()
T2914 058:399.352 - 1.615ms returns FALSE
T2914 058:399.944 JLINK_IsHalted()
T2914 058:401.312 - 1.365ms returns FALSE
T2914 058:507.176 JLINK_IsHalted()
T2914 058:508.968 - 1.787ms returns FALSE
T2914 058:509.440 JLINK_IsHalted()
T2914 058:510.968 - 1.533ms returns FALSE
T2914 058:616.660 JLINK_IsHalted()
T2914 058:618.592 - 1.933ms returns FALSE
T2914 058:618.828 JLINK_IsHalted()
T2914 058:619.924 - 1.092ms returns FALSE
T2914 058:725.908 JLINK_IsHalted()
T2914 058:727.060 - 1.150ms returns FALSE
T2914 058:727.252 JLINK_IsHalted()
T2914 058:728.424 - 1.167ms returns FALSE
T2914 058:835.700 JLINK_IsHalted()
T2914 058:837.024 - 1.326ms returns FALSE
T2914 058:837.236 JLINK_IsHalted()
T2914 058:838.432 - 1.192ms returns FALSE
T2914 058:944.872 JLINK_IsHalted()
T2914 058:946.616 - 1.746ms returns FALSE
T2914 058:946.836 JLINK_IsHalted()
T2914 058:947.956 - 1.117ms returns FALSE
T2914 059:053.992 JLINK_IsHalted()
T2914 059:055.656 - 1.662ms returns FALSE
T2914 059:055.892 JLINK_IsHalted()
T2914 059:056.812 - 0.924ms returns FALSE
T2914 059:163.960 JLINK_IsHalted()
T2914 059:165.560 - 1.593ms returns FALSE
T2914 059:166.132 JLINK_IsHalted()
T2914 059:168.936 - 2.804ms returns FALSE
T7B10 059:256.204 JLINK_IsHalted()
T7B10 059:257.960 - 1.754ms returns FALSE
T7B10 059:258.164 JLINK_IsHalted()
T7B10 059:259.488 - 1.324ms returns FALSE
T2914 059:273.292 JLINK_IsHalted()
T2914 059:274.528 - 1.233ms returns FALSE
T2914 059:274.740 JLINK_IsHalted()
T2914 059:275.976 - 1.235ms returns FALSE
T2914 059:382.472 JLINK_IsHalted()
T2914 059:384.076 - 1.610ms returns FALSE
T2914 059:384.472 JLINK_IsHalted()
T2914 059:386.060 - 1.591ms returns FALSE
T2914 059:491.872 JLINK_IsHalted()
T2914 059:493.504 - 1.631ms returns FALSE
T2914 059:493.832 JLINK_IsHalted()
T2914 059:494.888 - 1.055ms returns FALSE
T2914 059:600.928 JLINK_IsHalted()
T2914 059:602.656 - 1.728ms returns FALSE
T2914 059:603.176 JLINK_IsHalted()
T2914 059:604.616 - 1.439ms returns FALSE
T2914 059:710.840 JLINK_IsHalted()
T2914 059:712.940 - 2.097ms returns FALSE
T2914 059:713.164 JLINK_IsHalted()
T2914 059:714.312 - 1.145ms returns FALSE
T2914 059:819.880 JLINK_IsHalted()
T2914 059:821.096 - 1.214ms returns FALSE
T2914 059:821.376 JLINK_IsHalted()
T2914 059:822.456 - 1.081ms returns FALSE
T2914 059:929.484 JLINK_IsHalted()
T2914 059:931.096 - 1.614ms returns FALSE
T2914 059:931.320 JLINK_IsHalted()
T2914 059:932.332 - 1.014ms returns FALSE
T2914 060:040.216 JLINK_IsHalted()
T2914 060:041.664 - 1.447ms returns FALSE
T2914 060:041.856 JLINK_IsHalted()
T2914 060:043.948 - 2.093ms returns FALSE
T2914 060:148.384 JLINK_IsHalted()
T2914 060:149.344 - 0.956ms returns FALSE
T2914 060:149.568 JLINK_IsHalted()
T2914 060:150.804 - 1.232ms returns FALSE
T2914 060:257.024 JLINK_IsHalted()
T2914 060:258.600 - 1.568ms returns FALSE
T2914 060:259.000 JLINK_IsHalted()
T2914 060:260.480 - 1.479ms returns FALSE
T7B10 060:261.984 JLINK_IsHalted()
T7B10 060:263.680 - 1.695ms returns FALSE
T7B10 060:264.084 JLINK_IsHalted()
T7B10 060:265.624 - 1.541ms returns FALSE
T2914 060:366.764 JLINK_IsHalted()
T2914 060:368.588 - 1.821ms returns FALSE
T2914 060:369.032 JLINK_IsHalted()
T2914 060:370.328 - 1.295ms returns FALSE
T2914 060:476.556 JLINK_IsHalted()
T2914 060:478.508 - 1.947ms returns FALSE
T2914 060:478.712 JLINK_IsHalted()
T2914 060:479.916 - 1.202ms returns FALSE
T2914 060:585.620 JLINK_IsHalted()
T2914 060:587.424 - 1.806ms returns FALSE
T2914 060:587.732 JLINK_IsHalted()
T2914 060:588.712 - 0.973ms returns FALSE
T2914 060:694.696 JLINK_IsHalted()
T2914 060:695.840 - 1.146ms returns FALSE
T2914 060:696.088 JLINK_IsHalted()
T2914 060:697.288 - 1.198ms returns FALSE
T2914 060:804.524 JLINK_IsHalted()
T2914 060:805.880 - 1.357ms returns FALSE
T2914 060:806.156 JLINK_IsHalted()
T2914 060:807.384 - 1.227ms returns FALSE
T2914 060:913.324 JLINK_IsHalted()
T2914 060:915.456 - 2.126ms returns FALSE
T2914 060:915.660 JLINK_IsHalted()
T2914 060:916.856 - 1.198ms returns FALSE
T2914 061:023.028 JLINK_IsHalted()
T2914 061:024.212 - 1.178ms returns FALSE
T2914 061:024.424 JLINK_IsHalted()
T2914 061:025.576 - 1.155ms returns FALSE
T2914 061:132.760 JLINK_IsHalted()
T2914 061:134.376 - 1.609ms returns FALSE
T2914 061:134.644 JLINK_IsHalted()
T2914 061:135.712 - 1.067ms returns FALSE
T2914 061:242.408 JLINK_IsHalted()
T2914 061:244.792 - 2.386ms returns FALSE
T2914 061:245.004 JLINK_IsHalted()
T2914 061:246.188 - 1.181ms returns FALSE
T7B10 061:266.644 JLINK_IsHalted()
T7B10 061:267.832 - 1.195ms returns FALSE
T7B10 061:268.020 JLINK_IsHalted()
T7B10 061:269.248 - 1.226ms returns FALSE
T2914 061:351.704 JLINK_IsHalted()
T2914 061:353.560 - 1.851ms returns FALSE
T2914 061:353.976 JLINK_IsHalted()
T2914 061:355.592 - 1.611ms returns FALSE
T2914 061:460.632 JLINK_IsHalted()
T2914 061:462.600 - 1.964ms returns FALSE
T2914 061:463.052 JLINK_IsHalted()
T2914 061:464.448 - 1.393ms returns FALSE
T2914 061:569.812 JLINK_IsHalted()
T2914 061:571.052 - 1.237ms returns FALSE
T2914 061:571.272 JLINK_IsHalted()
T2914 061:572.384 - 1.117ms returns FALSE
T2914 061:679.596 JLINK_IsHalted()
T2914 061:680.824 - 1.229ms returns FALSE
T2914 061:681.044 JLINK_IsHalted()
T2914 061:682.952 - 1.906ms returns FALSE
T2914 061:788.776 JLINK_IsHalted()
T2914 061:790.452 - 1.674ms returns FALSE
T2914 061:790.984 JLINK_IsHalted()
T2914 061:792.492 - 1.504ms returns FALSE
T2914 061:898.504 JLINK_IsHalted()
T2914 061:899.944 - 1.438ms returns FALSE
T2914 061:900.408 JLINK_IsHalted()
T2914 061:901.880 - 1.470ms returns FALSE
T2914 062:007.372 JLINK_IsHalted()
T2914 062:021.824 - 14.451ms returns FALSE
T2914 062:022.164 JLINK_IsHalted()
T2914 062:023.040 - 0.877ms returns FALSE
T2914 062:116.384 JLINK_IsHalted()
T2914 062:118.528 - 2.142ms returns FALSE
T2914 062:119.116 JLINK_IsHalted()
T2914 062:120.384 - 1.269ms returns FALSE
T2914 062:226.056 JLINK_IsHalted()
T2914 062:227.304 - 1.251ms returns FALSE
T2914 062:227.616 JLINK_IsHalted()
T2914 062:228.684 - 1.068ms returns FALSE
T7B10 062:270.632 JLINK_IsHalted()
T7B10 062:271.860 - 1.226ms returns FALSE
T7B10 062:272.288 JLINK_IsHalted()
T7B10 062:273.848 - 1.561ms returns FALSE
T2914 062:335.488 JLINK_IsHalted()
T2914 062:336.660 - 1.171ms returns FALSE
T2914 062:336.864 JLINK_IsHalted()
T2914 062:338.080 - 1.215ms returns FALSE
T2914 062:445.164 JLINK_IsHalted()
T2914 062:446.880 - 1.711ms returns FALSE
T2914 062:447.340 JLINK_IsHalted()
T2914 062:448.776 - 1.435ms returns FALSE
T2914 062:554.552 JLINK_IsHalted()
T2914 062:556.940 - 2.389ms returns FALSE
T2914 062:557.432 JLINK_IsHalted()
T2914 062:558.888 - 1.447ms returns FALSE
T2914 062:663.528 JLINK_IsHalted()
T2914 062:665.416 - 1.889ms returns FALSE
T2914 062:665.684 JLINK_IsHalted()
T2914 062:667.160 - 1.475ms returns FALSE
T2914 062:772.792 JLINK_IsHalted()
T2914 062:774.400 - 1.603ms returns FALSE
T2914 062:774.600 JLINK_IsHalted()
T2914 062:776.248 - 1.652ms returns FALSE
T2914 062:883.532 JLINK_IsHalted()
T2914 062:885.016 - 1.480ms returns FALSE
T2914 062:885.208 JLINK_IsHalted()
T2914 062:886.444 - 1.233ms returns FALSE
T2914 062:991.820 JLINK_IsHalted()
T2914 062:993.236 - 1.419ms returns FALSE
T2914 062:993.512 JLINK_IsHalted()
T2914 062:994.592 - 1.078ms returns FALSE
T2914 063:101.580 JLINK_IsHalted()
T2914 063:103.148 - 1.563ms returns FALSE
T2914 063:103.448 JLINK_IsHalted()
T2914 063:105.336 - 1.888ms returns FALSE
T2914 063:210.696 JLINK_IsHalted()
T2914 063:212.184 - 1.490ms returns FALSE
T2914 063:212.536 JLINK_IsHalted()
T2914 063:213.548 - 1.010ms returns FALSE
T7B10 063:275.160 JLINK_IsHalted()
T7B10 063:276.408 - 1.252ms returns FALSE
T7B10 063:276.736 JLINK_IsHalted()
T7B10 063:278.132 - 1.387ms returns FALSE
T2914 063:320.212 JLINK_IsHalted()
T2914 063:321.664 - 1.452ms returns FALSE
T2914 063:321.944 JLINK_IsHalted()
T2914 063:322.976 - 1.031ms returns FALSE
T2914 063:430.080 JLINK_IsHalted()
T2914 063:431.648 - 1.561ms returns FALSE
T2914 063:432.000 JLINK_IsHalted()
T2914 063:433.580 - 1.580ms returns FALSE
T2914 063:538.488 JLINK_IsHalted()
T2914 063:540.052 - 1.563ms returns FALSE
T2914 063:540.268 JLINK_IsHalted()
T2914 063:541.408 - 1.133ms returns FALSE
T2914 063:648.584 JLINK_IsHalted()
T2914 063:649.928 - 1.345ms returns FALSE
T2914 063:650.196 JLINK_IsHalted()
T2914 063:651.500 - 1.307ms returns FALSE
T2914 063:757.804 JLINK_IsHalted()
T2914 063:759.596 - 1.791ms returns FALSE
T2914 063:759.852 JLINK_IsHalted()
T2914 063:760.756 - 0.902ms returns FALSE
T2914 063:866.616 JLINK_IsHalted()
T2914 063:868.224 - 1.602ms returns FALSE
T2914 063:868.448 JLINK_IsHalted()
T2914 063:869.624 - 1.177ms returns FALSE
T2914 063:975.848 JLINK_IsHalted()
T2914 063:977.536 - 1.692ms returns FALSE
T2914 063:977.912 JLINK_IsHalted()
T2914 063:978.976 - 1.061ms returns FALSE
T2914 064:085.672 JLINK_IsHalted()
T2914 064:086.848 - 1.176ms returns FALSE
T2914 064:087.336 JLINK_IsHalted()
T2914 064:088.888 - 1.556ms returns FALSE
T2914 064:195.384 JLINK_IsHalted()
T2914 064:196.972 - 1.583ms returns FALSE
T2914 064:197.208 JLINK_IsHalted()
T2914 064:198.380 - 1.170ms returns FALSE
T7B10 064:279.788 JLINK_IsHalted()
T7B10 064:281.388 - 1.594ms returns FALSE
T7B10 064:281.640 JLINK_IsHalted()
T7B10 064:282.600 - 0.957ms returns FALSE
T2914 064:304.492 JLINK_IsHalted()
T2914 064:306.072 - 1.583ms returns FALSE
T2914 064:306.324 JLINK_IsHalted()
T2914 064:307.552 - 1.226ms returns FALSE
T2914 064:413.516 JLINK_IsHalted()
T2914 064:415.104 - 1.585ms returns FALSE
T2914 064:415.680 JLINK_IsHalted()
T2914 064:416.984 - 1.319ms returns FALSE
T2914 064:523.500 JLINK_IsHalted()
T2914 064:524.532 - 1.029ms returns FALSE
T2914 064:524.736 JLINK_IsHalted()
T2914 064:525.992 - 1.249ms returns FALSE
T2914 064:632.616 JLINK_IsHalted()
T2914 064:634.080 - 1.466ms returns FALSE
T2914 064:634.348 JLINK_IsHalted()
T2914 064:635.608 - 1.261ms returns FALSE
T2914 064:742.068 JLINK_IsHalted()
T2914 064:743.680 - 1.613ms returns FALSE
T2914 064:743.896 JLINK_IsHalted()
T2914 064:744.928 - 1.028ms returns FALSE
T2914 064:850.792 JLINK_IsHalted()
T2914 064:852.512 - 1.724ms returns FALSE
T2914 064:852.748 JLINK_IsHalted()
T2914 064:853.780 - 1.030ms returns FALSE
T2914 064:960.168 JLINK_IsHalted()
T2914 064:961.672 - 1.506ms returns FALSE
T2914 064:961.952 JLINK_IsHalted()
T2914 064:963.008 - 1.059ms returns FALSE
T2914 065:069.516 JLINK_IsHalted()
T2914 065:070.956 - 1.438ms returns FALSE
T2914 065:071.200 JLINK_IsHalted()
T2914 065:072.396 - 1.196ms returns FALSE
T2914 065:179.756 JLINK_IsHalted()
T2914 065:180.896 - 1.142ms returns FALSE
T2914 065:181.272 JLINK_IsHalted()
T2914 065:182.260 - 0.988ms returns FALSE
T7B10 065:283.348 JLINK_IsHalted()
T7B10 065:285.288 - 1.936ms returns FALSE
T7B10 065:285.800 JLINK_IsHalted()
T7B10 065:287.700 - 1.896ms returns FALSE
T2914 065:288.588 JLINK_IsHalted()
T2914 065:290.988 - 2.398ms returns FALSE
T2914 065:291.288 JLINK_IsHalted()
T2914 065:292.372 - 1.083ms returns FALSE
T2914 065:398.264 JLINK_IsHalted()
T2914 065:400.024 - 1.759ms returns FALSE
T2914 065:400.288 JLINK_IsHalted()
T2914 065:401.728 - 1.445ms returns FALSE
T2914 065:507.668 JLINK_IsHalted()
T2914 065:508.876 - 1.206ms returns FALSE
T2914 065:509.068 JLINK_IsHalted()
T2914 065:510.216 - 1.139ms returns FALSE
T2914 065:616.576 JLINK_IsHalted()
T2914 065:617.708 - 1.130ms returns FALSE
T2914 065:617.908 JLINK_IsHalted()
T2914 065:619.092 - 1.184ms returns FALSE
T2914 065:726.356 JLINK_IsHalted()
T2914 065:727.756 - 1.404ms returns FALSE
T2914 065:728.236 JLINK_IsHalted()
T2914 065:729.900 - 1.661ms returns FALSE
T2914 065:835.148 JLINK_IsHalted()
T2914 065:840.136 - 4.984ms returns FALSE
T2914 065:840.532 JLINK_IsHalted()
T2914 065:842.036 - 1.503ms returns FALSE
T2914 065:944.712 JLINK_IsHalted()
T2914 065:945.792 - 1.079ms returns FALSE
T2914 065:946.048 JLINK_IsHalted()
T2914 065:947.220 - 1.168ms returns FALSE
T2914 066:054.360 JLINK_IsHalted()
T2914 066:055.508 - 1.144ms returns FALSE
T2914 066:055.724 JLINK_IsHalted()
T2914 066:056.904 - 1.174ms returns FALSE
T2914 066:163.948 JLINK_IsHalted()
T2914 066:164.984 - 1.035ms returns FALSE
T2914 066:165.268 JLINK_IsHalted()
T2914 066:166.324 - 1.057ms returns FALSE
T2914 066:273.160 JLINK_IsHalted()
T2914 066:274.508 - 1.346ms returns FALSE
T2914 066:274.792 JLINK_IsHalted()
T2914 066:275.860 - 1.069ms returns FALSE
T7B10 066:289.432 JLINK_IsHalted()
T7B10 066:290.536 - 1.104ms returns FALSE
T7B10 066:290.796 JLINK_IsHalted()
T7B10 066:291.896 - 1.097ms returns FALSE
T2914 066:382.848 JLINK_IsHalted()
T2914 066:383.936 - 1.085ms returns FALSE
T2914 066:384.184 JLINK_IsHalted()
T2914 066:385.304 - 1.120ms returns FALSE
T2914 066:491.400 JLINK_IsHalted()
T2914 066:492.788 - 1.388ms returns FALSE
T2914 066:493.080 JLINK_IsHalted()
T2914 066:494.120 - 1.034ms returns FALSE
T2914 066:601.664 JLINK_IsHalted()
T2914 066:602.828 - 1.159ms returns FALSE
T2914 066:603.156 JLINK_IsHalted()
T2914 066:604.876 - 1.724ms returns FALSE
T2914 066:710.316 JLINK_IsHalted()
T2914 066:711.788 - 1.473ms returns FALSE
T2914 066:712.128 JLINK_IsHalted()
T2914 066:713.108 - 0.984ms returns FALSE
T2914 066:820.044 JLINK_IsHalted()
T2914 066:821.228 - 1.180ms returns FALSE
T2914 066:821.516 JLINK_IsHalted()
T2914 066:824.012 - 2.491ms returns FALSE
T2914 066:929.708 JLINK_IsHalted()
T2914 066:931.680 - 1.971ms returns FALSE
T2914 066:932.384 JLINK_IsHalted()
T2914 066:934.312 - 1.921ms returns FALSE
T2914 067:038.392 JLINK_IsHalted()
T2914 067:039.916 - 1.521ms returns FALSE
T2914 067:040.212 JLINK_IsHalted()
T2914 067:041.376 - 1.157ms returns FALSE
T2914 067:147.648 JLINK_IsHalted()
T2914 067:149.072 - 1.428ms returns FALSE
T2914 067:149.400 JLINK_IsHalted()
T2914 067:150.432 - 1.031ms returns FALSE
T2914 067:257.488 JLINK_IsHalted()
T2914 067:259.120 - 1.632ms returns FALSE
T2914 067:259.440 JLINK_IsHalted()
T2914 067:260.464 - 1.017ms returns FALSE
T7B10 067:292.768 JLINK_IsHalted()
T7B10 067:294.064 - 1.297ms returns FALSE
T7B10 067:294.440 JLINK_IsHalted()
T7B10 067:295.440 - 1.005ms returns FALSE
T2914 067:366.608 JLINK_IsHalted()
T2914 067:369.016 - 2.407ms returns FALSE
T2914 067:369.376 JLINK_IsHalted()
T2914 067:370.360 - 0.979ms returns FALSE
T2914 067:476.008 JLINK_IsHalted()
T2914 067:477.272 - 1.267ms returns FALSE
T2914 067:477.624 JLINK_IsHalted()
T2914 067:478.672 - 1.047ms returns FALSE
T2914 067:585.688 JLINK_IsHalted()
T2914 067:587.272 - 1.576ms returns FALSE
T2914 067:587.696 JLINK_IsHalted()
T2914 067:588.760 - 1.062ms returns FALSE
T2914 067:694.424 JLINK_IsHalted()
T2914 067:696.408 - 1.980ms returns FALSE
T2914 067:696.752 JLINK_IsHalted()
T2914 067:697.656 - 0.904ms returns FALSE
T2914 067:804.304 JLINK_IsHalted()
T2914 067:805.816 - 1.514ms returns FALSE
T2914 067:806.216 JLINK_IsHalted()
T2914 067:807.616 - 1.398ms returns FALSE
T2914 067:913.952 JLINK_IsHalted()
T2914 067:915.544 - 1.588ms returns FALSE
T2914 067:915.888 JLINK_IsHalted()
T2914 067:916.912 - 1.021ms returns FALSE
T2914 068:022.656 JLINK_IsHalted()
T2914 068:023.976 - 1.319ms returns FALSE
T2914 068:024.384 JLINK_IsHalted()
T2914 068:025.936 - 1.544ms returns FALSE
T2914 068:132.784 JLINK_IsHalted()
T2914 068:134.272 - 1.490ms returns FALSE
T2914 068:134.736 JLINK_IsHalted()
T2914 068:136.112 - 1.385ms returns FALSE
T2914 068:241.416 JLINK_IsHalted()
T2914 068:243.176 - 1.757ms returns FALSE
T2914 068:243.536 JLINK_IsHalted()
T2914 068:245.208 - 1.673ms returns FALSE
T7B10 068:295.784 JLINK_IsHalted()
T7B10 068:297.832 - 2.051ms returns FALSE
T7B10 068:298.208 JLINK_IsHalted()
T7B10 068:299.248 - 1.039ms returns FALSE
T2914 068:351.496 JLINK_IsHalted()
T2914 068:353.104 - 1.602ms returns FALSE
T2914 068:353.488 JLINK_IsHalted()
T2914 068:354.576 - 1.087ms returns FALSE
T2914 068:460.256 JLINK_IsHalted()
T2914 068:462.088 - 1.832ms returns FALSE
T2914 068:462.512 JLINK_IsHalted()
T2914 068:464.736 - 2.224ms returns FALSE
T2914 068:569.888 JLINK_IsHalted()
T2914 068:571.512 - 1.626ms returns FALSE
T2914 068:571.824 JLINK_IsHalted()
T2914 068:572.840 - 1.007ms returns FALSE
T2914 068:679.192 JLINK_IsHalted()
T2914 068:680.960 - 1.767ms returns FALSE
T2914 068:681.376 JLINK_IsHalted()
T2914 068:682.896 - 1.521ms returns FALSE
T2914 068:789.016 JLINK_IsHalted()
T2914 068:790.416 - 1.400ms returns FALSE
T2914 068:790.792 JLINK_IsHalted()
T2914 068:791.760 - 0.973ms returns FALSE
T2914 068:897.736 JLINK_IsHalted()
T2914 068:899.360 - 1.629ms returns FALSE
T2914 068:899.704 JLINK_IsHalted()
T2914 068:900.688 - 0.972ms returns FALSE
T2914 069:007.080 JLINK_IsHalted()
T2914 069:008.344 - 1.262ms returns FALSE
T2914 069:008.736 JLINK_IsHalted()
T2914 069:010.288 - 1.554ms returns FALSE
T2914 069:116.472 JLINK_IsHalted()
T2914 069:117.888 - 1.412ms returns FALSE
T2914 069:118.288 JLINK_IsHalted()
T2914 069:119.200 - 0.915ms returns FALSE
T2914 069:226.376 JLINK_IsHalted()
T2914 069:227.976 - 1.598ms returns FALSE
T2914 069:228.432 JLINK_IsHalted()
T2914 069:229.928 - 1.490ms returns FALSE
T7B10 069:299.920 JLINK_IsHalted()
T7B10 069:301.232 - 1.305ms returns FALSE
T7B10 069:301.632 JLINK_IsHalted()
T7B10 069:303.200 - 1.570ms returns FALSE
T2914 069:335.584 JLINK_IsHalted()
T2914 069:337.744 - 2.153ms returns FALSE
T2914 069:338.224 JLINK_IsHalted()
T2914 069:339.888 - 1.665ms returns FALSE
T2914 069:445.408 JLINK_IsHalted()
T2914 069:446.848 - 1.440ms returns FALSE
T2914 069:447.216 JLINK_IsHalted()
T2914 069:448.248 - 1.038ms returns FALSE
T2914 069:554.008 JLINK_IsHalted()
T2914 069:555.776 - 1.762ms returns FALSE
T2914 069:556.176 JLINK_IsHalted()
T2914 069:557.648 - 1.464ms returns FALSE
T2914 069:663.856 JLINK_IsHalted()
T2914 069:665.224 - 1.362ms returns FALSE
T2914 069:665.512 JLINK_IsHalted()
T2914 069:667.312 - 1.801ms returns FALSE
T2914 069:773.472 JLINK_IsHalted()
T2914 069:774.768 - 1.298ms returns FALSE
T2914 069:775.080 JLINK_IsHalted()
T2914 069:776.136 - 1.053ms returns FALSE
T2914 069:882.744 JLINK_IsHalted()
T2914 069:884.168 - 1.422ms returns FALSE
T2914 069:884.432 JLINK_IsHalted()
T2914 069:885.544 - 1.107ms returns FALSE
T2914 069:991.536 JLINK_IsHalted()
T2914 069:993.032 - 1.499ms returns FALSE
T2914 069:993.280 JLINK_IsHalted()
T2914 069:994.984 - 1.700ms returns FALSE
T2914 070:101.360 JLINK_IsHalted()
T2914 070:102.576 - 1.212ms returns FALSE
T2914 070:102.824 JLINK_IsHalted()
T2914 070:104.056 - 1.235ms returns FALSE
T2914 070:210.928 JLINK_IsHalted()
T2914 070:212.184 - 1.253ms returns FALSE
T2914 070:212.432 JLINK_IsHalted()
T2914 070:213.680 - 1.250ms returns FALSE
T7B10 070:304.416 JLINK_IsHalted()
T7B10 070:305.624 - 1.212ms returns FALSE
T7B10 070:305.856 JLINK_IsHalted()
T7B10 070:306.952 - 1.091ms returns FALSE
T2914 070:320.184 JLINK_IsHalted()
T2914 070:321.528 - 1.345ms returns FALSE
T2914 070:321.776 JLINK_IsHalted()
T2914 070:322.960 - 1.178ms returns FALSE
T2914 070:429.040 JLINK_IsHalted()
T2914 070:430.544 - 1.510ms returns FALSE
T2914 070:430.800 JLINK_IsHalted()
T2914 070:431.888 - 1.085ms returns FALSE
T2914 070:538.696 JLINK_IsHalted()
T2914 070:540.080 - 1.384ms returns FALSE
T2914 070:540.328 JLINK_IsHalted()
T2914 070:541.400 - 1.077ms returns FALSE
T2914 070:648.272 JLINK_IsHalted()
T2914 070:650.168 - 1.895ms returns FALSE
T2914 070:650.440 JLINK_IsHalted()
T2914 070:651.536 - 1.096ms returns FALSE
T2914 070:757.016 JLINK_IsHalted()
T2914 070:758.640 - 1.617ms returns FALSE
T2914 070:758.864 JLINK_IsHalted()
T2914 070:759.936 - 1.067ms returns FALSE
T2914 070:866.952 JLINK_IsHalted()
T2914 070:870.336 - 3.385ms returns FALSE
T2914 070:870.672 JLINK_IsHalted()
T2914 070:871.728 - 1.056ms returns FALSE
T2914 070:976.592 JLINK_IsHalted()
T2914 070:978.112 - 1.527ms returns FALSE
T2914 070:978.384 JLINK_IsHalted()
T2914 070:979.456 - 1.076ms returns FALSE
T2914 071:085.792 JLINK_IsHalted()
T2914 071:087.048 - 1.250ms returns FALSE
T2914 071:087.400 JLINK_IsHalted()
T2914 071:088.208 - 0.807ms returns FALSE
T2914 071:194.464 JLINK_IsHalted()
T2914 071:196.056 - 1.593ms returns FALSE
T2914 071:196.312 JLINK_IsHalted()
T2914 071:197.528 - 1.213ms returns FALSE
T2914 071:304.240 JLINK_IsHalted()
T2914 071:305.576 - 1.332ms returns FALSE
T2914 071:305.808 JLINK_IsHalted()
T2914 071:307.176 - 1.362ms returns FALSE
T7B10 071:307.600 JLINK_IsHalted()
T7B10 071:309.104 - 1.505ms returns FALSE
T7B10 071:309.336 JLINK_IsHalted()
T7B10 071:310.480 - 1.145ms returns FALSE
T2914 071:414.144 JLINK_IsHalted()
T2914 071:415.728 - 1.583ms returns FALSE
T2914 071:415.976 JLINK_IsHalted()
T2914 071:417.224 - 1.248ms returns FALSE
T2914 071:523.320 JLINK_IsHalted()
T2914 071:524.560 - 1.237ms returns FALSE
T2914 071:524.824 JLINK_IsHalted()
T2914 071:525.952 - 1.127ms returns FALSE
T2914 071:632.776 JLINK_IsHalted()
T2914 071:634.032 - 1.263ms returns FALSE
T2914 071:634.344 JLINK_IsHalted()
T2914 071:636.128 - 1.786ms returns FALSE
T2914 071:741.800 JLINK_IsHalted()
T2914 071:743.000 - 1.198ms returns FALSE
T2914 071:743.360 JLINK_IsHalted()
T2914 071:744.368 - 1.012ms returns FALSE
T2914 071:851.568 JLINK_IsHalted()
T2914 071:852.584 - 1.006ms returns FALSE
T2914 071:852.880 JLINK_IsHalted()
T2914 071:854.032 - 1.148ms returns FALSE
T2914 071:960.704 JLINK_IsHalted()
T2914 071:962.592 - 1.891ms returns FALSE
T2914 071:962.968 JLINK_IsHalted()
T2914 071:963.944 - 0.976ms returns FALSE
T2914 072:069.448 JLINK_IsHalted()
T2914 072:070.688 - 1.237ms returns FALSE
T2914 072:071.024 JLINK_IsHalted()
T2914 072:072.032 - 1.006ms returns FALSE
T2914 072:179.512 JLINK_IsHalted()
T2914 072:180.896 - 1.387ms returns FALSE
T2914 072:181.312 JLINK_IsHalted()
T2914 072:182.216 - 0.902ms returns FALSE
T2914 072:288.792 JLINK_IsHalted()
T2914 072:290.472 - 1.676ms returns FALSE
T2914 072:290.936 JLINK_IsHalted()
T2914 072:293.720 - 2.766ms returns FALSE
T7B10 072:311.152 JLINK_IsHalted()
T7B10 072:312.272 - 1.117ms returns FALSE
T7B10 072:312.664 JLINK_IsHalted()
T7B10 072:313.664 - 0.997ms returns FALSE
T2914 072:397.744 JLINK_IsHalted()
T2914 072:399.088 - 1.331ms returns FALSE
T2914 072:399.496 JLINK_IsHalted()
T2914 072:400.416 - 0.920ms returns FALSE
T2914 072:507.552 JLINK_IsHalted()
T2914 072:509.200 - 1.649ms returns FALSE
T2914 072:509.584 JLINK_IsHalted()
T2914 072:510.568 - 0.989ms returns FALSE
T2914 072:616.600 JLINK_IsHalted()
T2914 072:618.032 - 1.428ms returns FALSE
T2914 072:618.448 JLINK_IsHalted()
T2914 072:619.448 - 0.997ms returns FALSE
T2914 072:726.416 JLINK_IsHalted()
T2914 072:728.144 - 1.727ms returns FALSE
T2914 072:728.464 JLINK_IsHalted()
T2914 072:729.576 - 1.113ms returns FALSE
T2914 072:835.312 JLINK_IsHalted()
T2914 072:836.368 - 1.053ms returns FALSE
T2914 072:836.720 JLINK_IsHalted()
T2914 072:837.776 - 1.062ms returns FALSE
T2914 072:947.000 JLINK_IsHalted()
T2914 072:949.456 - 2.458ms returns FALSE
T2914 072:949.888 JLINK_IsHalted()
T2914 072:950.800 - 0.914ms returns FALSE
T2914 073:967.576 JLINK_IsHalted()
T2914 073:969.552 - 1.972ms returns FALSE
T2914 073:969.968 JLINK_IsHalted()
T2914 073:971.536 - 1.563ms returns FALSE
T2914 074:466.632 JLINK_IsHalted()
T2914 074:484.368 - 17.735ms returns FALSE
T2914 074:484.832 JLINK_IsHalted()
T2914 074:485.936 - 1.109ms returns FALSE
T7B10 074:518.984 JLINK_IsHalted()
T7B10 074:520.728 - 1.749ms returns FALSE
T7B10 074:521.256 JLINK_IsHalted()
T7B10 074:522.720 - 1.469ms returns FALSE
T2914 074:585.136 JLINK_IsHalted()
T2914 074:586.704 - 1.563ms returns FALSE
T2914 074:587.024 JLINK_IsHalted()
T2914 074:588.792 - 1.770ms returns FALSE
T2914 074:695.216 JLINK_IsHalted()
T2914 074:696.448 - 1.231ms returns FALSE
T2914 074:696.752 JLINK_IsHalted()
T2914 074:697.800 - 1.042ms returns FALSE
T2914 074:803.960 JLINK_IsHalted()
T2914 074:805.496 - 1.531ms returns FALSE
T2914 074:805.776 JLINK_IsHalted()
T2914 074:806.888 - 1.112ms returns FALSE
T2914 074:913.760 JLINK_IsHalted()
T2914 074:914.808 - 1.050ms returns FALSE
T2914 074:915.120 JLINK_IsHalted()
T2914 074:916.232 - 1.108ms returns FALSE
T2914 075:023.496 JLINK_IsHalted()
T2914 075:024.976 - 1.473ms returns FALSE
T2914 075:025.224 JLINK_IsHalted()
T2914 075:026.328 - 1.106ms returns FALSE
T2914 075:132.744 JLINK_IsHalted()
T2914 075:135.344 - 2.608ms returns FALSE
T2914 075:135.608 JLINK_IsHalted()
T2914 075:136.680 - 1.065ms returns FALSE
T2914 075:242.296 JLINK_IsHalted()
T2914 075:243.544 - 1.248ms returns FALSE
T2914 075:243.768 JLINK_IsHalted()
T2914 075:244.992 - 1.219ms returns FALSE
T2914 075:350.992 JLINK_IsHalted()
T2914 075:352.560 - 1.566ms returns FALSE
T2914 075:352.808 JLINK_IsHalted()
T2914 075:354.440 - 1.632ms returns FALSE
T2914 075:460.720 JLINK_IsHalted()
T2914 075:461.824 - 1.102ms returns FALSE
T2914 075:462.056 JLINK_IsHalted()
T2914 075:463.424 - 1.365ms returns FALSE
T7B10 075:523.696 JLINK_IsHalted()
T7B10 075:524.808 - 1.106ms returns FALSE
T7B10 075:525.024 JLINK_IsHalted()
T7B10 075:526.120 - 1.094ms returns FALSE
T2914 075:569.488 JLINK_IsHalted()
T2914 075:570.544 - 1.054ms returns FALSE
T2914 075:570.792 JLINK_IsHalted()
T2914 075:571.952 - 1.156ms returns FALSE
T2914 075:679.640 JLINK_IsHalted()
T2914 075:680.656 - 1.008ms returns FALSE
T2914 075:680.840 JLINK_IsHalted()
T2914 075:681.960 - 1.123ms returns FALSE
T2914 075:788.976 JLINK_IsHalted()
T2914 075:790.832 - 1.857ms returns FALSE
T2914 075:791.072 JLINK_IsHalted()
T2914 075:792.712 - 1.637ms returns FALSE
T2914 075:897.680 JLINK_IsHalted()
T2914 075:899.112 - 1.432ms returns FALSE
T2914 075:899.344 JLINK_IsHalted()
T2914 075:900.512 - 1.168ms returns FALSE
T2914 076:007.272 JLINK_IsHalted()
T2914 076:008.584 - 1.315ms returns FALSE
T2914 076:008.824 JLINK_IsHalted()
T2914 076:010.632 - 1.806ms returns FALSE
T2914 076:116.968 JLINK_IsHalted()
T2914 076:118.520 - 1.554ms returns FALSE
T2914 076:118.896 JLINK_IsHalted()
T2914 076:120.624 - 1.722ms returns FALSE
T2914 076:226.080 JLINK_IsHalted()
T2914 076:227.480 - 1.394ms returns FALSE
T2914 076:228.248 JLINK_IsHalted()
T2914 076:229.392 - 1.144ms returns FALSE
T2914 076:335.520 JLINK_IsHalted()
T2914 076:336.984 - 1.467ms returns FALSE
T2914 076:337.360 JLINK_IsHalted()
T2914 076:339.008 - 1.647ms returns FALSE
T2914 076:444.552 JLINK_IsHalted()
T2914 076:445.896 - 1.341ms returns FALSE
T2914 076:446.168 JLINK_IsHalted()
T2914 076:447.288 - 1.120ms returns FALSE
T7B10 076:527.072 JLINK_IsHalted()
T7B10 076:528.624 - 1.548ms returns FALSE
T7B10 076:528.984 JLINK_IsHalted()
T7B10 076:530.000 - 1.009ms returns FALSE
T2914 076:554.768 JLINK_IsHalted()
T2914 076:556.376 - 1.615ms returns FALSE
T2914 076:556.752 JLINK_IsHalted()
T2914 076:557.736 - 0.983ms returns FALSE
T2914 076:663.376 JLINK_IsHalted()
T2914 076:664.848 - 1.475ms returns FALSE
T2914 076:665.168 JLINK_IsHalted()
T2914 076:666.264 - 1.097ms returns FALSE
T2914 076:772.664 JLINK_IsHalted()
T2914 076:774.696 - 2.026ms returns FALSE
T2914 076:775.440 JLINK_IsHalted()
T2914 076:776.376 - 0.937ms returns FALSE
T2914 076:881.968 JLINK_IsHalted()
T2914 076:883.696 - 1.722ms returns FALSE
T2914 076:884.080 JLINK_IsHalted()
T2914 076:885.544 - 1.458ms returns FALSE
T2914 076:991.472 JLINK_IsHalted()
T2914 076:992.944 - 1.466ms returns FALSE
T2914 076:993.160 JLINK_IsHalted()
T2914 076:994.520 - 1.366ms returns FALSE
T2914 077:101.440 JLINK_IsHalted()
T2914 077:102.736 - 1.298ms returns FALSE
T2914 077:102.960 JLINK_IsHalted()
T2914 077:104.208 - 1.247ms returns FALSE
T2914 077:210.168 JLINK_IsHalted()
T2914 077:211.728 - 1.562ms returns FALSE
T2914 077:211.952 JLINK_IsHalted()
T2914 077:213.128 - 1.178ms returns FALSE
T2914 077:320.104 JLINK_IsHalted()
T2914 077:321.872 - 1.774ms returns FALSE
T2914 077:322.128 JLINK_IsHalted()
T2914 077:322.960 - 0.825ms returns FALSE
T2914 077:429.264 JLINK_IsHalted()
T2914 077:430.696 - 1.434ms returns FALSE
T2914 077:430.904 JLINK_IsHalted()
T2914 077:432.040 - 1.135ms returns FALSE
T7B10 077:530.312 JLINK_IsHalted()
T7B10 077:531.600 - 1.290ms returns FALSE
T7B10 077:531.896 JLINK_IsHalted()
T7B10 077:533.816 - 1.922ms returns FALSE
T2914 077:538.960 JLINK_IsHalted()
T2914 077:540.336 - 1.379ms returns FALSE
T2914 077:540.720 JLINK_IsHalted()
T2914 077:541.856 - 1.134ms returns FALSE
T2914 077:601.232 JLINK_IsHalted()
T2914 077:602.264 - 1.039ms returns FALSE
T2914 077:602.488 JLINK_IsHalted()
T2914 077:603.600 - 1.106ms returns FALSE
T2914 077:603.832 JLINK_IsHalted()
T2914 077:604.872 - 1.034ms returns FALSE
T2914 077:605.104 JLINK_IsHalted()
T2914 077:606.312 - 1.197ms returns FALSE
T2914 077:606.672 JLINK_Halt()
T2914 077:612.368 - 5.692ms returns 0x00
T2914 077:612.648 JLINK_IsHalted()
T2914 077:612.688 - 0.040ms returns TRUE
T2914 077:612.712 JLINK_ReadReg(XPSR)
T2914 077:612.736   CPU_ReadMem(4 bytes @ 0xE000EE08)
T2914 077:613.992 - 1.279ms returns 0x81000000
T2914 077:614.176 JLINK_ReadReg(R15 (PC))
T2914 077:614.216 - 0.035ms returns 0x00027866
T2914 077:614.288 JLINK_ReadReg(XPSR)
T2914 077:614.304 - 0.023ms returns 0x81000000
T2914 077:614.328 JLINK_ReadReg(XPSR)
T2914 077:614.352 - 0.022ms returns 0x81000000
T2914 077:614.376 JLINK_ReadReg(R15 (PC))
T2914 077:614.400 - 0.023ms returns 0x00027866
T2914 077:614.424 JLINK_ReadReg(XPSR)
T2914 077:614.448 - 0.021ms returns 0x81000000
T2914 077:614.472 JLINK_ReadMem(0x00027866, 0x1 Bytes, ...)
T2914 077:614.496   CPU_ReadMem(64 bytes @ 0x00027840)
T2914 077:616.304    -- Updating DA cache (64 bytes @ 0x00027840)
T2914 077:616.384    -- Read from DA cache (1 bytes @ 0x00027866)
T2914 077:616.440   Data:  4C
T2914 077:616.488 - 2.017ms returns 0
T2914 077:616.752 JLINK_IsHalted()
T2914 077:616.792 - 0.042ms returns TRUE
T2914 077:616.848 JLINK_ReadReg(XPSR)
T2914 077:616.880 - 0.036ms returns 0x81000000
T2914 077:616.912 JLINK_ReadReg(XPSR)
T2914 077:616.944 - 0.033ms returns 0x81000000
T2914 077:616.976 JLINK_ReadReg(R15 (PC))
T2914 077:617.008 - 0.032ms returns 0x00027866
T2914 077:617.056 JLINK_ReadReg(XPSR)
T2914 077:617.088 - 0.033ms returns 0x81000000
T2914 077:617.120 JLINK_ReadMem(0x00027866, 0x1 Bytes, ...)
T2914 077:617.160    -- Read from DA cache (1 bytes @ 0x00027866)
T2914 077:617.264   Data:  4C
T2914 077:617.296 - 0.179ms returns 0
T2914 077:617.344 JLINK_IsHalted()
T2914 077:617.368 - 0.023ms returns TRUE
T2914 077:617.392 JLINK_ReadReg(XPSR)
T2914 077:617.416 - 0.023ms returns 0x81000000
T2914 077:617.440 JLINK_ReadReg(R15 (PC))
T2914 077:617.456 - 0.022ms returns 0x00027866
T2914 077:617.488 JLINK_ReadReg(XPSR)
T2914 077:617.520 - 0.025ms returns 0x81000000
T2914 077:617.544 JLINK_ReadReg(XPSR)
T2914 077:617.560 - 0.022ms returns 0x81000000
T2914 077:617.584 JLINK_ReadReg(R15 (PC))
T2914 077:617.608 - 0.021ms returns 0x00027866
T2914 077:617.632 JLINK_ReadReg(XPSR)
T2914 077:617.656 - 0.023ms returns 0x81000000
T2914 077:617.680 JLINK_ReadMem(0x00027866, 0x1 Bytes, ...)
T2914 077:617.712    -- Read from DA cache (1 bytes @ 0x00027866)
T2914 077:617.768   Data:  4C
T2914 077:617.808 - 0.131ms returns 0
T2914 077:617.840 JLINK_IsHalted()
T2914 077:617.872 - 0.023ms returns TRUE
T2914 077:617.896 JLINK_ReadReg(XPSR)
T2914 077:617.920 - 0.026ms returns 0x81000000
T2914 077:617.944 JLINK_ReadReg(XPSR)
T2914 077:617.968 - 0.022ms returns 0x81000000
T2914 077:617.992 JLINK_ReadReg(R15 (PC))
T2914 077:618.008 - 0.021ms returns 0x00027866
T2914 077:618.040 JLINK_ReadReg(XPSR)
T2914 077:618.064 - 0.022ms returns 0x81000000
T2914 077:618.088 JLINK_ReadMem(0x00027866, 0x1 Bytes, ...)
T2914 077:618.112    -- Read from DA cache (1 bytes @ 0x00027866)
T2914 077:618.144   Data:  4C
T2914 077:618.184 - 0.094ms returns 0
T2914 077:619.904 JLINK_ReadRegs(NumRegs = 20)
T2914 077:620.016   
  R0 (0)        = 0x20051858           R1 (1)        = 0x3A                 R2 (2)        = 0x20051BA8           R3 (3)        = 0x13              
  R4 (4)        = 0x2005AA4C           R5 (5)        = 0x69                 R6 (6)        = 0x67                 R7 (7)        = 0x20023240        
  R8 (8)        = 0x19E                R9 (9)        = 0x48                 R10 (10)      = 0x40                 R11 (11)      = 0x49              
  R12 (12)      = 0x20023230           R13 (SP) (13) = 0x20023218           R14 (14)      = 0x4C                 R15 (PC) (15) = 0x27866           
  XPSR (16)     = 0x81000000           MSPLIM (86)   = 0x00                 PSPLIM (87)   = 0x20021518           CFBP (20)     = 0x2000000         
T2914 077:620.048 - 0.147ms returns 0x00
T7610 078:140.488 JLINK_Halt()
T7610 078:142.136 - 1.651ms returns 0x00
T7610 078:142.608 JLINK_ReadReg(XPSR)
T7610 078:142.704 - 0.106ms returns 0x81000000
T7610 078:148.496 JLINK_Close()
T7610 078:155.768 - 7.277ms
T7610 078:155.880   
T7610 078:155.920   Closed
